VariableName,_name,figure,expertise_cn,expertise_tw,expertise,expertise_vn,expertise_en,expertise_th,expertise_in,expertise_ph,expertise_ma,desc_cn,desc_tw,desc,desc_vn,desc_en,desc_th,desc_in,desc_ph,desc_ma
Defaults,"""""",1,"""""","""""","""""","""""","""""","""""","""""","""""","""""","""""","""""","""""","""""","""""","""""","""""","""""",""""""
ID,名字备注，role_figure里配去,人物形象,专长,专长,专长,expertise_vn,expertise_en,expertise_th,expertise_in,expertise_ph,expertise_ma,介绍,介绍,介绍,desc_vn,desc_en,desc_th,desc_in,desc_ph,desc_ma
1,,201,,,"Earth Country – Disciple of the Great Wild Wood, the Third Tsuchikage of the Stone Village, elder brother of Hắc Thổ. In his youth, to prove his skills, he undertook many terror missions. After being defeated by Uchiha Itachi, he joined the “Akatsuki” organization.","Đất Quốc – Đệ tử của Đại Dã Mộc, Tsuchikage đời thứ ba của Làng Đá, là sư huynh của Hắc Thổ. Thuở thiếu niên, để chứng minh nghệ thuật của mình, anh đã nhận nhiều nhiệm vụ khủng bố. Sau khi bại trận trước Uchiha Itachi, anh gia nhập tổ chức “Akatsuki.”","Earth Country – Disciple of the Great Wild Wood, the Third Tsuchikage of the Stone Village, elder brother of Hắc Thổ. In his youth, to prove his skills, he undertook many terror missions. After being defeated by Uchiha Itachi, he joined the “Akatsuki” organization.","ดินแดนแห่งแผ่นดิน – ศิษย์ของไม้ป่ามหาศาล สึจิคาเงะลำดับที่สามของหมู่บ้านหิน พี่ชายของฮัคโตะ ในวัยเยาว์ เพื่อพิสูจน์ศิลปะของตน เขาได้รับภารกิจการก่อการร้ายมากมาย หลังจากพ่ายแพ้ต่ออุจิฮะ อิตาจิ เขาเข้าร่วมองค์กร ""อาคัตสึกิ""","Negeri Bumi – Murid dari Pohon Raksasa Liar, Tsuchikage ketiga dari Desa Batu, kakak dari Hắc Thổ. Pada masa mudanya, untuk membuktikan kemampuannya, dia mengambil banyak misi teror. Setelah kalah dari Uchiha Itachi, dia bergabung dengan organisasi “Akatsuki.”","Bansang Lupa – Alagad ng Dakilang Gubat, ang Ikatlong Tsuchikage ng Stone Village, nakatatandang kapatid ni Hắc Thổ. Sa kanyang kabataan, upang patunayan ang kanyang sining, tinanggap niya ang maraming misyon ng terorismo. Matapos matalo kay Uchiha Itachi, sumali siya sa organisasyong “Akatsuki.”","Negeri Bumi – Murid kepada Pokok Liar Agung, Tsuchikage ketiga dari Kampung Batu, abang kepada Hắc Thổ. Pada zaman mudanya, untuk membuktikan kemahirannya, dia mengambil banyak misi keganasan. Selepas kalah kepada Uchiha Itachi, dia menyertai organisasi “Akatsuki.”",,,"Hey, who among you is the backbone of humanity? oo0oo ""If an artist does not pursue stronger stimulation, emotions become dull! Art is beautiful and fleeting, and the moment it disappears is called beautiful!""  ","Này, ai trong số các ngươi là lực lượng trụ cột của con người? oo0oo""Nếu nghệ sĩ không theo đuổi sự kích thích mạnh mẽ hơn, cảm xúc sẽ trở nên buồn tẻ! Nghệ thuật đẹp và phù du, và khoảnh khắc nó biến mất được gọi là đẹp! ”","Hey, who among you is the backbone of humanity? oo0oo ""If an artist does not pursue stronger stimulation, emotions become dull! Art is beautiful and fleeting, and the moment it disappears is called beautiful!""  ","เฮ้ ใครในพวกคุณคือต้นกำลังของมนุษย์? oo0oo ""ถ้าศิลปินไม่แสวงหาความตื่นเต้นที่แรงกว่า อารมณ์จะกลายเป็นน่าเบื่อ! ศิลปะนั้นสวยงามและชั่วคราว และช่วงเวลาที่มันหายไปเรียกว่าสวยงาม!""  ","Hei, siapa di antara kalian adalah tulang punggung umat manusia? oo0oo ""Jika seorang seniman tidak mengejar rangsangan yang lebih kuat, emosi menjadi membosankan! Seni itu indah dan sementara, dan saat ia hilang disebut indah!""  ","Hoy, sino sa inyo ang gulugod ng sangkatauhan? oo0oo ""Kung ang isang artista ay hindi naghahangad ng mas matinding pagsigla, ang emosyon ay nagiging mababaw! Ang sining ay maganda at panandalian, at ang sandaling ito ay mawala ay tinatawag na maganda!""  ","Hei, siapa antara kamu adalah tulang belakang manusia? oo0oo ""Jika seorang artis tidak mengejar rangsangan yang lebih kuat, emosi menjadi hambar! Seni itu indah dan sementara, dan saat ia hilang dipanggil indah!""  "
2,,202,,,"Water Country – One of the third group of the “Seven Swordsmen of the Mist Village,” the third user of the Short Sword – Great Executioner’s Blade. From the Demon Lantern clan, he can use the secret Water Release technique and has the ability to liquefy any part of his body.","Nước Quốc – Một trong nhóm thứ ba của “Thất Kiếm Nhân Làng Sương Mù,” là người thứ ba sử dụng Đoản Đao – Trảm Thủ Đại Đao. Xuất thân từ tộc Quỷ Đăng, có thể sử dụng bí thuật Thủy Độn, sở hữu năng lực hóa lỏng bất kỳ phần nào trên cơ thể.","Water Country – One of the third group of the “Seven Swordsmen of the Mist Village,” the third user of the Short Sword – Great Executioner’s Blade. From the Demon Lantern clan, he can use the secret Water Release technique and has the ability to liquefy any part of his body.","ดินแดนน้ำ – หนึ่งในกลุ่มที่สามของ ""เจ็ดนักดาบแห่งหมู่บ้านหมอก"" ผู้ใช้ดาบสั้นเป็นคนที่สาม จากตระกูลโคมปีศาจ สามารถใช้เทคนิคลับน้ำ และมีความสามารถทำให้ร่างกายละลายได้","Negeri Air – Salah satu dari kelompok ketiga “Tujuh Pendekar Pedang Desa Kabut,” pengguna ketiga dari Pedang Pendek – Pedang Pemenggal Besar. Berasal dari klan Lentera Iblis, dapat menggunakan teknik rahasia Pelepasan Air dan memiliki kemampuan melarutkan bagian tubuh mana pun.","Bansang Tubig – Isa sa ikatlong grupo ng “Pitong Mandirigmang Espada ng Mist Village,” ang ikatlong gumagamit ng Maikling Espada – Great Executioner’s Blade. Nagmula sa angkan ng Demon Lantern, kaya niyang gamitin ang lihim na Water Release technique at may kakayahang tunawin ang anumang bahagi ng kanyang katawan.","Negeri Air – Salah satu dari kumpulan ketiga “Tujuh Pendekar Pedang Kampung Kabut,” pengguna ketiga Pedang Pendek – Pedang Pemenggal Besar. Berasal dari puak Lentera Syaitan, boleh menggunakan teknik rahsia Pelepasan Air dan memiliki kemampuan mencairkan mana-mana bahagian badan.",,,"When we take a step forward, we make progress. oo0oo ""Don't be jealous, stubbornly imagine and closely observe the origins of social diseases."" oo0oo ""......"" oo0oo  ","Khi chúng tôi tiến một bước, chúng tôi sẽ đạt được tiến bộ. oo0oo""Đừng ghen tị, tưởng tượng bướng bỉnh và quan sát kỹ nguồn gốc của các bệnh xã hội. ""oo0oo""......oo0oo""Ngoài những cảm xúc ấm áp, chúng ta phải có suy nghĩ tĩnh lặng, và giữa đau đớn và khó khăn, chúng ta cũng phải trân trọng niềm vui của Ngài. ”","When we take a step forward, we make progress. oo0oo ""Don't be jealous, stubbornly imagine and closely observe the origins of social diseases."" oo0oo ""......"" oo0oo  ","เมื่อเราก้าวไปข้างหน้า เราจะก้าวหน้า oo0oo ""อย่าอิจฉา จินตนาการอย่างดื้อรั้นและสังเกตต้นตอของโรคทางสังคมอย่างใกล้ชิด"" oo0oo ""......"" oo0oo  ","Ketika kita melangkah maju, kita membuat kemajuan. oo0oo ""Jangan cemburu, bayangkan dengan keras kepala dan amati asal-usul penyakit sosial dengan cermat."" oo0oo ""......"" oo0oo  ","Kapag tayo ay kumilos pasulong, tayo ay umuunlad. oo0oo ""Huwag magselos, matigas ang ulo na mag-imagine at maingat na obserbahan ang pinagmulan ng mga sakit sa lipunan."" oo0oo ""......"" oo0oo  ","Apabila kita melangkah ke hadapan, kita membuat kemajuan. oo0oo ""Jangan cemburu, bayangkan dengan degil dan perhatikan asal usul penyakit sosial dengan teliti."" oo0oo ""......"" oo0oo  "
3,,203,,,"Wind Country – The Fifth Kazekage of the Sand Village, son of the Fourth Kazekage, Rasa. He has the ability to freely control sand and can transform sand into many shapes for attack and defense.","Gió Quốc – Kazekage đời thứ năm của Làng Cát, con trai của Kazekage đời thứ tư, Rasa. Có khả năng điều khiển cát tự do, có thể biến đổi cát thành nhiều hình dạng để tấn công và phòng thủ.","Wind Country – The Fifth Kazekage of the Sand Village, son of the Fourth Kazekage, Rasa. He has the ability to freely control sand and can transform sand into many shapes for attack and defense.",ดินแดนลม – คาซึกาเงะลำดับที่ห้าของหมู่บ้านทราย บุตรชายของคาซึกาเงะลำดับที่สี่ ราซา มีความสามารถควบคุมทรายอย่างอิสระและสามารถเปลี่ยนทรายเป็นรูปทรงต่างๆ เพื่อโจมตีและป้องกัน,"Negeri Angin – Kazekage kelima dari Desa Pasir, putra Kazekage keempat, Rasa. Memiliki kemampuan mengendalikan pasir secara bebas dan dapat mengubah pasir menjadi berbagai bentuk untuk menyerang dan bertahan.","Bansang Hangin – Ikalimang Kazekage ng Sand Village, anak ng Ikaapat na Kazekage, si Rasa. May kakayahang kontrolin ang buhangin nang malaya at kayang gawing iba't ibang anyo ang buhangin para sa atake at depensa.","Negeri Angin – Kazekage kelima Kampung Pasir, anak kepada Kazekage keempat, Rasa. Mempunyai kemampuan mengawal pasir dengan bebas dan boleh mengubah pasir menjadi pelbagai bentuk untuk serangan dan pertahanan.",,,"Besides warm emotions, we must have calm thoughts, and amid pain and hardship, we must also cherish His joy.""  ","Chỉ bằng cách tập trung can đảm thì bạn mới có thể tìm thấy con đường của riêng mình! oo0oo""Đó có phải là tất cả những gì cần thiết không?"" Để tôi phấn khích thêm một chút, tôi muốn máu... Chưa đủ! ""oo0oo""Tôi tồn tại để giết tất cả mọi người ngoại trừ tôi. ”","Besides warm emotions, we must have calm thoughts, and amid pain and hardship, we must also cherish His joy.""  ","นอกจากอารมณ์อบอุ่นแล้ว เรายังต้องมีความคิดสงบ และท่ามกลางความเจ็บปวดและความยากลำบาก เราต้องชื่นชมความสุขของพระองค์ด้วย""  ","Selain emosi hangat, kita harus memiliki pikiran yang tenang, dan di tengah rasa sakit dan kesulitan, kita juga harus menghargai kebahagiaan-Nya.""  ","Bukod sa mga mainit na damdamin, kailangan nating magkaroon ng kalmadong pag-iisip, at sa gitna ng sakit at kahirapan, kailangan din nating pahalagahan ang Kanyang kasiyahan.""  ","Selain emosi hangat, kita mesti mempunyai fikiran yang tenang, dan di tengah kesakitan dan kesusahan, kita juga mesti menghargai kegembiraan-Nya.""  "
4,,204,,,"Fire Country – The Fifth Hokage of the Leaf Village, granddaughter of the First Hokage Senju Hashirama and his wife Uzumaki Mito. The only female member of the legendary “Three Ninjas,” skilled in taijutsu and medical ninjutsu.","Lửa Quốc – Hokage đời thứ năm của Làng Lá, cháu gái của Hokage đệ nhất Senju Hashirama và vợ ông là Uzumaki Mito. Là thành viên nữ duy nhất trong “Tam Nin” huyền thoại, giỏi thể thuật và y thuật.","Fire Country – The Fifth Hokage of the Leaf Village, granddaughter of the First Hokage Senju Hashirama and his wife Uzumaki Mito. The only female member of the legendary “Three Ninjas,” skilled in taijutsu and medical ninjutsu.",ดินแดนไฟ – โฮคาเงะลำดับที่ห้าของหมู่บ้านใบไม้ หลานสาวของโฮคาเงะคนแรก เซนจู ฮาชิรามะ และภรรยาของเขา อุซึมากิ มิโตะ เป็นสมาชิกหญิงคนเดียวของ “สามนินจา” ในตำนาน เชี่ยวชาญด้านเทคนิคร่างกายและแพทย์,"Negeri Api – Hokage kelima dari Desa Daun, cucu Hokage pertama Senju Hashirama dan istrinya Uzumaki Mito. Satu-satunya anggota wanita dari “Tiga Ninja” legendaris, ahli taijutsu dan ninjutsu medis.","Bansang Apoy – Ikalimang Hokage ng Leaf Village, apo ng Unang Hokage Senju Hashirama at ng kanyang asawa na si Uzumaki Mito. Nag-iisang babaeng miyembro ng maalamat na “Three Ninjas,” bihasa sa taijutsu at medical ninjutsu.","Negeri Api – Hokage kelima Kampung Daun, cucu kepada Hokage pertama Senju Hashirama dan isterinya Uzumaki Mito. Ahli wanita tunggal dalam “Tiga Ninja” lagenda, mahir dalam taijutsu dan ninjutsu perubatan.",,,"Only by focusing courage can you find your own path! oo0oo ""Is that all it takes?"" Let me get more excited, I want blood... Not enough!"" oo0oo ""I exist to kill everyone except myself.""  ","Tôi không chỉ có quyền lực...... Những gì tôi thừa hưởng từ thế hệ đầu tiên là sức mạnh thực sự của tôi...... Đừng đánh giá thấp Will to Fire của chúng tôi! oo0oo""Những thứ hữu hình sớm muộn gì cũng sẽ khô héo, nhưng chỉ có ký ức sẽ không bao giờ khô héo. ""oo0oo"" lần này trở lại và không để anh ta tiếp tục lang thang. ”","Only by focusing courage can you find your own path! oo0oo ""Is that all it takes?"" Let me get more excited, I want blood... Not enough!"" oo0oo ""I exist to kill everyone except myself.""  ","เพียงแค่มีความกล้าหาญจึงจะค้นพบเส้นทางของตัวเองได้! oo0oo ""นั่นคือทั้งหมดที่ต้องการหรือ?"" ให้ฉันตื่นเต้นมากขึ้น ฉันต้องการเลือด... ยังไม่พอ!"" oo0oo ""ฉันมีชีวิตอยู่เพื่อฆ่าทุกคนยกเว้นตัวฉันเอง""  ","Hanya dengan memusatkan keberanian kamu dapat menemukan jalanmu sendiri! oo0oo ""Apakah itu semua yang dibutuhkan?"" Biarkan aku semakin bersemangat, aku ingin darah... Belum cukup!"" oo0oo ""Aku ada untuk membunuh semua orang kecuali diriku sendiri.""  ","Sa pamamagitan lamang ng pagtutok ng tapang, makikita mo ang sarili mong landas! oo0oo ""Iyan lang ba ang kailangan?"" Hayaan akong mas maging excited, gusto ko ng dugo... Hindi pa sapat!"" oo0oo ""Ako ay naririto upang patayin ang lahat maliban sa aking sarili.""  ","Hanya dengan memfokuskan keberanian kamu dapat mencari jalan sendiri! oo0oo ""Adakah itu semua yang diperlukan?"" Biarkan saya lebih teruja, saya mahu darah... Tidak cukup!"" oo0oo ""Saya wujud untuk membunuh semua orang kecuali diri saya sendiri.""  "
5,,205,,,"Thunder Country – Associate and sworn brother of the Fourth Raikage, also the Jinchuriki of the Eight-Tails. He has full control over the Eight-Tails, formidable strength, loves rap and fun, and is respected by the people.","Sấm Quốc – Cộng sự và nghĩa đệ của Raikage đời thứ tư, đồng thời là Jinchuriki của Bát Vĩ. Có khả năng kiểm soát hoàn toàn Bát Vĩ, sức mạnh vô cùng đáng gờm, yêu thích rap và vui chơi, được người dân kính trọng.","Thunder Country – Associate and sworn brother of the Fourth Raikage, also the Jinchuriki of the Eight-Tails. He has full control over the Eight-Tails, formidable strength, loves rap and fun, and is respected by the people.",ดินแดนสายฟ้า – ผู้ช่วยและพี่น้องในสาบานของไรคาเงะลำดับที่สี่ และเป็นจินชูริกิของหางแปด มีความสามารถควบคุมหางแปดอย่างเต็มที่ มีพลังมหาศาล ชอบแร็ปและสนุกสนาน ได้รับความเคารพจากประชาชน,"Negeri Petir – Rekan dan saudara angkat Raikage keempat, juga Jinchuriki dari Delapan Ekor. Memiliki kontrol penuh atas Delapan Ekor, kekuatan yang luar biasa, suka rap dan bersenang-senang, dan dihormati oleh masyarakat.","Bansang Kidlat – Kasama at kapatid sa panata ng Ikaapat na Raikage, at Jinchuriki ng Eight-Tails. May ganap na kontrol sa Eight-Tails, napakalakas, mahilig sa rap at kasiyahan, at iginagalang ng mga tao.","Negeri Guruh – Rakan sekerja dan saudara angkat Raikage keempat, juga Jinchuriki Lapan Ekor. Mempunyai kawalan penuh ke atas Lapan Ekor, kekuatan hebat, suka rap dan berseronok, dan dihormati oleh orang ramai.",,,"I don't just have power...... What I inherit from the first generation is my true strength...... Don't underestimate our Will to Fire! oo0oo ""The tangible things will wither sooner or later, but only memories will never wither."" oo0oo ""This time come back and don't let him wander anymore.""  ","Tôi vẫn còn sức để dự phòng, sự quyến rũ tỏa sáng, và Rabi Yao Sa Biki là tôi! Có! oo0oo""Ahh Trận chiến đã bắt đầu, thật đáng tiếc! Tiến về phía trước một cách mạnh mẽ. ""oo0oo"" không phải là một trò đùa khập khiễng, đó là một vần điệu tuyệt đẹp. ”","I don't just have power...... What I inherit from the first generation is my true strength...... Don't underestimate our Will to Fire! oo0oo ""The tangible things will wither sooner or later, but only memories will never wither."" oo0oo ""This time come back and don't let him wander anymore.""  ","ฉันไม่ได้มีแค่พลัง...... สิ่งที่ฉันสืบทอดมาจากรุ่นแรกคือพลังที่แท้จริงของฉัน...... อย่าประเมินค่าความตั้งใจสู้ของเราต่ำไป! oo0oo ""สิ่งที่จับต้องได้จะเหี่ยวเฉาในไม่ช้า แต่เพียงความทรงจำเท่านั้นที่จะไม่เหี่ยวเฉา"" oo0oo ""ครั้งนี้กลับมาและอย่าปล่อยให้เขาเร่รอนไปอีก""  ","Aku tidak hanya memiliki kekuatan...... Apa yang aku warisi dari generasi pertama adalah kekuatan sejati ku...... Jangan meremehkan Kemauan Api kami! oo0oo ""Hal-hal yang berwujud akan layu cepat atau lambat, tapi hanya kenangan yang tidak pernah layu."" oo0oo ""Kali ini kembali dan jangan biarkan dia terus berkeliaran.""  ","Hindi lang ako may kapangyarihan...... Ang minana ko mula sa unang henerasyon ang tunay kong lakas...... Huwag maliitin ang aming Will to Fire! oo0oo ""Ang mga bagay na nahahawakan ay malalanta rin balang araw, ngunit ang mga alaala lamang ang hindi kailanman malalanta."" oo0oo ""Bumalik na sa pagkakataong ito at huwag hayaang magpaligaw siya.""  ","Saya tidak hanya mempunyai kuasa...... Apa yang saya warisi dari generasi pertama adalah kekuatan sebenar saya...... Jangan pandang rendah Will to Fire kami! oo0oo ""Benda yang ketara akan layu cepat atau lambat, tetapi hanya memori yang tidak akan pernah layu."" oo0oo ""Kali ini kembali dan jangan biarkan dia terus mengembara.""  "
6,,206,,,"Demon Country – Free-spirited, talkative, arrogant, a loyal follower of the Evil God Sect. Hidan mainly uses taijutsu, possesses immortality, and can curse opponents to suffer the same wounds he does.","Ma Quốc – Tính cách phóng khoáng, lắm lời, kiêu ngạo, là tín đồ trung thành của Giáo Phái Tà Thần. Hidan chủ yếu sử dụng thể thuật, sở hữu năng lực bất tử, có thể nguyền rủa khiến đối thủ chịu thương tổn giống mình.","Demon Country – Free-spirited, talkative, arrogant, a loyal follower of the Evil God Sect. Hidan mainly uses taijutsu, possesses immortality, and can curse opponents to suffer the same wounds he does.",ดินแดนปีศาจ – มีนิสัยเป็นอิสระ พูดมาก หยิ่ง เป็นผู้ติดตามศาสนาของเทพเจ้าแห่งความชั่วร้าย ฮิแดนใช้เทคนิคร่างกายเป็นหลัก มีพลังอมตะ และสามารถสาปแช่งคู่ต่อสู้ให้ได้รับบาดเจ็บเหมือนเขา,"Negeri Iblis – Berjiwa bebas, banyak bicara, sombong, pengikut setia Sekte Dewa Jahat. Hidan terutama menggunakan taijutsu, memiliki kekuatan keabadian, dan dapat mengutuk lawan untuk menderita luka yang sama dengannya.","Bansang Demonyo – Malayang espiritu, madaldal, mayabang, tapat na tagasunod ng Evil God Sect. Pangunahing gumagamit ng taijutsu si Hidan, may kakayahang maging imortal, at makakapagpasa ng sumpa na nagdudulot ng parehong pinsala sa kalaban.","Negeri Syaitan – Berjiwa bebas, banyak bercakap, sombong, pengikut setia Sekte Tuhan Jahat. Hidan terutamanya menggunakan taijutsu, mempunyai kuasa keabadian, dan boleh mengutuk lawan supaya mengalami kecederaan yang sama.",,,"I still have reserves, charm shining, and Rabi Yao Sa Biki is me! Yes! oo0oo ""Ahh The battle has begun, what a pity! March forward strongly."" oo0oo ""It's not a clumsy joke, it's a beautiful rhyme.""  ","Bay là một loại tự do, một loại giải phóng, một loại khám phá những khả năng vô hạn. ""Những con chim lướt qua bầu trời, để lại một vệt như một bức tranh đẹp khiến mọi người mê hoặc. ""oo0oo"" Con diều đã mất lực kéo, mặc dù không thể dang rộng đôi cánh và bay cao, nhưng nó đã có được một cuộc sống mới. ”","I still have reserves, charm shining, and Rabi Yao Sa Biki is me! Yes! oo0oo ""Ahh The battle has begun, what a pity! March forward strongly."" oo0oo ""It's not a clumsy joke, it's a beautiful rhyme.""  ","ฉันยังมีพลังสำรอง เสน่ห์เปล่งประกาย และ Rabi Yao Sa Biki คือฉัน! ใช่! oo0oo ""อ๊า การต่อสู้เริ่มแล้ว ช่างน่าเสียดาย! ก้าวไปข้างหน้าอย่างแข็งแกร่ง"" oo0oo ""นี่ไม่ใช่เรื่องตลกงุ่มง่าม แต่มันคือบทกวีที่สวยงาม""  ","Aku masih punya cadangan, pesona bersinar, dan Rabi Yao Sa Biki adalah aku! Ya! oo0oo ""Ahh Pertempuran telah dimulai, sayang sekali! Maju dengan kuat."" oo0oo ""Ini bukan lelucon canggung, ini adalah sajak yang indah.""  ","Mayroon pa akong reserba, nagniningning na alindog, at ako si Rabi Yao Sa Biki! Oo! oo0oo ""Ahh Nagsimula na ang labanan, sayang naman! Lumaban nang buong lakas."" oo0oo ""Hindi ito isang clumsy joke, ito ay isang magandang tugma.""  ","Saya masih mempunyai simpanan, pesona bersinar, dan Rabi Yao Sa Biki adalah saya! Ya! oo0oo ""Ahh Pertempuran telah bermula, sangat disayangkan! Majulah dengan kuat."" oo0oo ""Ini bukan jenaka canggung, ia adalah irama yang indah.""  "
7,,207,,,"Iron Country – Origin of the Seals, can absorb natural energy. When in places with strong natural energy, transforms into an uncontrollable Sage and can turn his body into a giant cannon.","Sắt Quốc – Nguồn gốc của Ấn Chú, có khả năng hấp thụ năng lượng tự nhiên. Nếu ở nơi có năng lượng tự nhiên mạnh, sẽ hóa thành Tiên Nhân nhưng không thể kiểm soát, có thể biến cơ thể thành một khẩu đại bác khổng lồ.","Iron Country – Origin of the Seals, can absorb natural energy. When in places with strong natural energy, transforms into an uncontrollable Sage and can turn his body into a giant cannon.",ดินแดนเหล็ก – ต้นกำเนิดของตราประทับ มีความสามารถดูดซับพลังงานธรรมชาติ เมื่ออยู่ในที่ที่มีพลังงานธรรมชาติสูง จะกลายเป็นเซนต์ที่ควบคุมไม่ได้ และสามารถเปลี่ยนร่างเป็นปืนใหญ่ยักษ์,"Negeri Besi – Asal usul Segel, dapat menyerap energi alami. Saat berada di tempat dengan energi alami kuat, berubah menjadi Sage yang tak terkendali dan dapat mengubah tubuhnya menjadi meriam raksasa.","Bansang Bakal – Pinagmulan ng mga Seal, may kakayahang sumipsip ng natural na enerhiya. Kapag nasa lugar na may malakas na natural na enerhiya, nagiging isang Sage na hindi makontrol at kayang gawing malaking kanyon ang kanyang katawan.","Negeri Besi – Asal-usul Segel, boleh menyerap tenaga semula jadi. Apabila berada di tempat dengan tenaga semula jadi yang kuat, akan berubah menjadi Sage yang tidak terkawal dan boleh mengubah badannya menjadi meriam gergasi.",,,"Flying is a kind of freedom, a kind of liberation, a kind of exploration of infinite possibilities. ""Birds glide across the sky, leaving a trail like a beautiful painting that fascinates everyone."" oo0oo ""The kite lost its pull, although it can't spread its wings and fly high, it has gained a new life.""  ","Khi bạn điên cuồng, bạn sẽ trở thành một kẻ giết người khủng khiếp, bạn có sợ không? oo0oo""Nghĩa là, tôi là một kẻ điên thích giết người? ""oo0oo"" Nhưng tôi không thể kiểm soát bản thân, và tôi không muốn...... ""oo0oo"" Tôi quá mệt mỏi, tôi hy vọng bạn có thể giết tôi......""oo0oo","Flying is a kind of freedom, a kind of liberation, a kind of exploration of infinite possibilities. ""Birds glide across the sky, leaving a trail like a beautiful painting that fascinates everyone."" oo0oo ""The kite lost its pull, although it can't spread its wings and fly high, it has gained a new life.""  ","การบินคืออิสระ การปลดปล่อย และการค้นพบความเป็นไปได้ที่ไม่มีที่สิ้นสุด ""นกบินลัดฟ้าทิ้งร่องรอยเหมือนภาพวาดสวยงามที่ทำให้ทุกคนหลงใหล"" oo0oo ""ว่าวสูญเสียแรงดึง แม้จะไม่สามารถกางปีกและบินสูงได้ แต่มันก็ได้ชีวิตใหม่""  ","Terbang adalah sebuah kebebasan, sebuah pembebasan, sebuah penjelajahan kemungkinan tak terbatas. ""Burung meluncur di langit, meninggalkan jejak seperti lukisan indah yang mempesona semua orang."" oo0oo ""Layangan kehilangan tarikannya, meskipun tidak bisa membuka sayap dan terbang tinggi, tapi telah mendapatkan kehidupan baru.""  ","Ang paglipad ay isang uri ng kalayaan, isang uri ng paglaya, isang uri ng pagtuklas ng walang katapusang posibilidad. ""Ang mga ibon ay dumudulas sa kalangitan, nag-iiwan ng isang landas na parang isang magandang larawan na humahaplos sa lahat."" oo0oo ""Nawala ang hilaw ng saranggola, bagaman hindi nito maipalawak ang mga pakpak at lumipad nang mataas, nakakuha ito ng bagong buhay.""  ","Terbang adalah satu kebebasan, satu pembebasan, satu penerokaan kemungkinan tanpa had. ""Burung meluncur melintasi langit, meninggalkan jejak seperti lukisan indah yang memukau semua orang."" oo0oo ""Layang-layang kehilangan tarikan, walaupun tidak dapat mengembangkan sayap dan terbang tinggi, ia telah memperoleh kehidupan baru.""  "
8,,208,,,"Whirlpool Country – Member of the Uzumaki clan, possesses strong chakra and excellent sensory abilities. Injured people only need to bite her skin to recover chakra and wounds.","Xoáy Quốc – Thành viên gia tộc Uzumaki, sở hữu chakra mạnh mẽ và khả năng cảm nhận xuất sắc. Người bị thương chỉ cần cắn vào da cô ấy sẽ hồi phục chakra và vết thương.","Whirlpool Country – Member of the Uzumaki clan, possesses strong chakra and excellent sensory abilities. Injured people only need to bite her skin to recover chakra and wounds.",ดินแดนวนเกลียว – สมาชิกตระกูลอุซึมากิ มีจักระทรงพลังและความสามารถรับรู้ยอดเยี่ยม ผู้ได้รับบาดเจ็บเพียงกัดผิวเธอจะฟื้นฟูจักระและบาดแผล,"Negeri Pusaran – Anggota klan Uzumaki, memiliki chakra kuat dan kemampuan sensorik luar biasa. Orang yang terluka hanya perlu menggigit kulitnya untuk memulihkan chakra dan lukanya.","Bansang Whirlpool – Miyembro ng Uzumaki clan, may malakas na chakra at mahusay na kakayahan sa pandama. Ang mga nasugatan ay kailangang kumagat lamang sa kanyang balat upang gumaling ang chakra at sugat.","Negeri Pusaran – Ahli klan Uzumaki, memiliki chakra yang kuat dan kebolehan deria yang sangat baik. Orang yang cedera hanya perlu menggigit kulitnya untuk memulihkan chakra dan luka.",,,"When you go mad, you become a terrible killer, are you afraid? oo0oo ""So, am I a crazy killer?"" oo0oo ""But I can't control myself, and I don't want to......"" oo0oo ""I'm too tired, I hope you can kill me......"" oo0oo  ","Trời lạnh, chakra của Sasuke đã suy yếu, và một lần nữa, anh ấy cũng là chính mình. oo0oo""Ngu ngốc, tôi...... Tôi ...... ""oo0oo"" Tôi thực sự muốn nhìn thấy mặt anh ấy một lần nữa. ”","When you go mad, you become a terrible killer, are you afraid? oo0oo ""So, am I a crazy killer?"" oo0oo ""But I can't control myself, and I don't want to......"" oo0oo ""I'm too tired, I hope you can kill me......"" oo0oo  ","เมื่อคุณบ้า คุณจะกลายเป็นนักฆ่าที่น่าสยดสยอง คุณกลัวไหม? oo0oo ""งั้นฉันเป็นนักฆ่าบ้าหรือ?"" oo0oo ""แต่ฉันควบคุมตัวเองไม่ได้ และฉันไม่อยาก......"" oo0oo ""ฉันเหนื่อยเกินไป ฉันหวังว่าคุณจะฆ่าฉันได้......"" oo0oo  ","Saat kamu menjadi gila, kamu menjadi pembunuh yang mengerikan, apakah kamu takut? oo0oo ""Jadi, aku pembunuh gila?"" oo0oo ""Tapi aku tidak bisa mengendalikan diriku sendiri, dan aku tidak mau......"" oo0oo ""Aku terlalu lelah, aku harap kamu bisa membunuhku......"" oo0oo  ","Kapag ikaw ay nabaliw, nagiging isang kakila-kilabot na mamamatay-tao ka, natatakot ka ba? oo0oo ""Ibig sabihin, ako ba ay isang baliw na mamamatay-tao?"" oo0oo ""Ngunit hindi ko makontrol ang aking sarili, at ayoko......"" oo0oo ""Napapagod na ako, sana mapatay mo ako......"" oo0oo  ","Apabila kamu menjadi gila, kamu menjadi pembunuh yang dahsyat, adakah kamu takut? oo0oo ""Jadi, saya pembunuh gila?"" oo0oo ""Tetapi saya tidak dapat mengawal diri saya, dan saya tidak mahu......"" oo0oo ""Saya terlalu letih, saya harap kamu boleh membunuh saya......"" oo0oo  "
