VariableName,type,_yyId,card,helditem,item,desc
Defaults,1,,,,,<>
ID,"Tagtype""(1goldcoin.2diamonds.3treasurehunting.4carryingitempool.5limited-timemonsters.6limited-timedrawcards.9runestones.goldcoins.10runestonediamonds.11runestonelimiteddraw.12chipgoldcoins.13chipdiamonds)""",活动ID,卡牌id,携带道具id,物品id,概率描述language字段加百分比前数字的格式
1,,,,,<100;11;12;13;14;15;20044;20053;20082;20692;22683;22843;23432;23772;20013;20273;20402;20493;20552;20793;22013;22073;22593;22612;22633;22963;23283;23293;23342;23472;23511;23683;21221;21903;21931;23543;20163;20333;20503;20593;20603;20611;20631;20641;20712;20863;21082;21293;22033;21032;21071;21303;21381;21841;21911;22242;22723;23003;5000;607;608;609;610;611;612;613;614;615;616;617;618;619;620;621;622;623;gold>,<<rarityFrag2;40>;<normalItem;60>>
2,2,,<721;1393;771;1893;2401;13;273;402;493;552;793;2013;2073;2593;2612;2633;2963;3283;3293;3342;3472;3511;3683;44;53;82;692;2683;2843;3432;3772;1221;1903;1931;3543;163;333;503;593;603;611;631;641;712;863;1082;1293;2033;1032;1071;1303;1381;1841;1911;2242;2723;3003>,,,<<rarityCard3;1>;<rarityCard2;11>;<rarityCard1;36>;<rarityCard0;52>>
3,3,,,,<4000;4011;4012;4013;4021;4022;4023;4031;4032;4033;4041;4042;4043;4051;4052;4053;4061;4062;4063;4064;4071;4072;4073;4074;4081;4082;4083;4084;4085;4092;4093;4094;4095;4096>,<<rarityTanxian4;5>;<rarityTanxian3;15>;<rarityTanxian2;18>;<rarityTanxian1;30>;<tanxianItem;32>>
4,4,,,<30101;30102;30103;30104;30105;30106;30201;30202;30203;30204;30205;30206;30207;30208;30209;30301;30302;30303;30304;30305;30306;30307;30308;30309;30310;30311;30312;30313;30314;30315;30316;30317>,<501;200;201;202;203;204;205;210;211;212;213;214;215;220;221;222;223;224;225;230;231;232;233;234;235;2101;2102;2103;451;452;19;850;851;gold>,<<starItem;10>;<rarityHeldItem2;0.5>;<rarityHeldItem1;4>;<rarityHeldItem0;8>;<juexingItem;0.8>;<normalItem;76.7>>
5,5,,<1071;11;1171;1221;1231;1241;1251;1291;131;1391;1421;1441;1501;1611;1801;1811;1841;1861;2011;2071;21;2271;2301;2481;2631;271;281;2871;2921;2922;301;3011;3021;3141;3281;3291;331;3341;3351;341;3411;3431;3471;3501;3541;371;391;461;471;481;51;551;571;591;601;631;721;731;741;781;791;801;881;91;1;261>,,<502;521;21971;21891>,
6,6,,<1071;11;1171;1221;1231;1241;1251;1291;131;1391;1421;1441;1501;1611;1801;1811;1841;1861;2011;2071;21;2271;2301;2481;2631;271;281;2871;2921;2922;301;3011;3021;3141;3281;3291;331;3341;3351;341;3411;3431;3471;3501;3541;371;391;461;471;481;51;551;571;591;601;631;721;731;741;781;791;801;881;91;1;261>,,<502;521;21971;21891>,
7,6,,<1;11;21;3631;2233>,,<11;12;13;14;100;606;607;608;609;610;611;612;613;614;615;616;617;618;619;620;621;622;623;800;801>,
8,7,,<1;21;11;571;591;601;631;691;721;731;741;753;791;891;1171;1221;1231;1241;1251;1291;1351;1421;1611;2011;2271;2481;3281;3291;3301;3471;3541>,,,<<rarityCard2;11>;<rarityCard1;36>;<rarityCard0;53>>
9,7,,<1271;1;11;21;41;51;61;71;81;91;101;131;261;271;301;331;1291;1351;1421;1611;2011;2271;2481;3281;3291;3301;3471;3541>,,,<<rarityCard2;11>;<rarityCard1;36>;<rarityCard0;53>>
10,7,,,,<14;15;870;603;604;606;609;612;615;618;621;502;401;402>,
11,7,,<101;1071;11;111;1171;121;1221;1231;1241;1251;1291;131;1351;1391;1421;1441;1501;151;161;1611;171;1801;1811;1841;1861;191;1911;1921;1931;2011;2031;2071;21;221;2271;2301;231;241;2471;2481;2611;2631;2681;271;2721;281;2841;2871;2891;2921;2922;2961;2991;301;3001;3011;3021;31;3141;3151;3281;3291;331;3341;3351;341;3411;3431;3471;3501;351;3511;3541;3561;3591;3661;371;391;41;401;451;461;471;481;51;541;551;571;591;601;61;631;691;71;721;731;741;781;791;801;81;881;891;91;1;261;491;1081;1311;1851;2591>,,,<<rarityCard2;11>;<rarityCard1;36>;<rarityCard0;53>>
12,8,,<1071;11;1171;1221;1231;1241;1251;1291;131;1391;1421;1441;1501;1611;1801;1811;1841;1861;2011;2071;21;2271;2301;2481;2631;271;281;2871;2921;2922;301;3011;3021;3141;3281;3291;331;3341;3351;341;3411;3431;3471;3501;3541;371;391;461;471;481;51;551;571;591;601;631;721;731;741;781;791;801;881;91;1;261>,,<6321;502;521;21971;21891>,
13,5,,,<30101;30102;30103;30104;30105;30106;30201;30202;30203;30204;30205;30206;30207;30208;30209;30301;30302;30303;30304;30305;30306;30307;30308;30309;30310;30311;30312;30313;30314;30315;30316;30317>,<502;501;200;201;202;203;204;205;210;211;212;213;214;215;220;221;222;223;224;225;230;231;232;233;234;235;2101;2102;2103;451;452;19;850;851;gold>,<<starItem;10>;<rarityHeldItem2;0.5>;<rarityHeldItem1;8>;<rarityHeldItem0;4>;<juexingItem;0.8>;<normalItem;76.7>>
14,7,,<101;1071;11;111;1171;121;1221;1231;1241;1251;1291;131;1351;1391;1421;1441;1501;151;161;1611;171;1801;1811;1841;1861;191;1911;1921;1931;2011;2031;2071;21;221;2271;2301;231;241;2471;2481;2611;2631;2681;271;2721;281;2841;2871;2891;2921;2922;2961;2991;301;3001;3011;3021;31;3141;3151;3281;3291;331;3341;3351;341;3411;3431;3471;3501;351;3511;3541;3561;3591;3661;371;391;41;401;451;461;471;481;51;541;551;571;591;601;61;631;691;71;721;731;741;781;791;801;81;881;891;91;1;261;491;1081;1311;1851;2591>,,,<<rarityCard2;11>;<rarityCard1;36>;<rarityCard0;53>>
15,5,,,<30101;30102;30103;30104;30105;30106;30201;30202;30203;30204;30205;30206;30207;30208;30209;30301;30302;30303;30304;30305;30306;30307;30308;30309;30310;30311;30312;30313;30314;30315;30316;30317>,<502;501;521;200;201;202;203;204;205;210;211;212;213;214;215;220;221;222;223;224;225;230;231;232;233;234;235;2101;2102;2103;451;452;19;850;851;gold>,<<starItem;10>;<rarityHeldItem2;0.5>;<rarityHeldItem1;8>;<rarityHeldItem0;4>;<juexingItem;0.8>;<normalItem;76.7>>
16,6,,<1971;101;1071;11;111;1171;121;1221;1231;1241;1251;1291;131;1351;1391;1421;1441;1501;151;161;1611;171;1801;1811;1841;1861;191;1911;1921;1931;2011;2031;2071;21;221;2271;2301;231;241;2471;2481;2611;2631;2681;271;2721;281;2841;2871;2891;2921;2922;2961;2991;301;3001;3011;3021;31;3141;3151;3281;3291;331;3341;3351;341;3411;3431;3471;3501;351;3511;3541;3561;3591;3661;371;391;41;401;451;461;471;481;51;541;551;571;591;601;61;631;691;71;721;731;741;781;791;801;81;881;891;91;1;261;491;1081;1311;1851;2591>,,<502;521;501;21971;5000;14;452;602;603;604;605;930>,<<rarityCard3;1.25>;<rarityCard2;10>;<normalItem;88.75>>
17,7,,<101;1071;11;111;1171;121;1221;1231;1241;1251;1291;131;1351;1391;1421;1441;1501;151;161;1611;171;1801;1811;1841;1861;191;1911;1921;1931;2011;2031;2071;21;221;2271;2301;231;241;2471;2481;2611;2631;2681;271;2721;281;2841;2871;2891;2921;2922;2961;2991;301;3001;3011;3021;31;3141;3151;3281;3291;331;3341;3351;341;3411;3431;3471;3501;351;3511;3541;3561;3591;3661;371;391;41;401;451;461;471;481;51;541;551;571;591;601;61;631;691;71;721;731;741;781;791;801;81;881;891;91;1;261;491;1081;1311;1851;2591>,,,<<rarityCard2;11>;<rarityCard1;36>;<rarityCard0;53>>
18,7,,<101;1071;11;111;1171;121;1221;1231;1241;1251;1291;131;1351;1391;1421;1441;1501;151;161;1611;171;1801;1811;1841;1861;191;1911;1921;1931;2011;2031;2071;21;221;2271;2301;231;241;2471;2481;2611;2631;2681;271;2721;281;2841;2871;2891;2921;2922;2961;2991;301;3001;3011;3021;31;3141;3151;3281;3291;331;3341;3351;341;3411;3431;3471;3501;351;3511;3541;3561;3591;3661;371;391;41;401;451;461;471;481;51;541;551;571;591;601;61;631;691;71;721;731;741;781;791;801;81;881;891;91;1;261;491;1081;1311;1851;2591>,,,<<rarityCard2;11>;<rarityCard1;36>;<rarityCard0;53>>
19,5,,,<30101;30102;30103;30104;30105;30106;30201;30202;30203;30204;30205;30206;30207;30208;30209;31201;31202;30301;30302;30303;30304;30305;30306;30307;30308;30309;30310;30311;30312;30313;30314;30315;30316;30317>,<502;501;521;200;201;202;203;204;210;211;212;213;214;220;221;222;223;224;230;231;232;233;234;2101;2102;2103;451;452;19;850;851;gold>,<<starItem;10>;<rarityHeldItem2;0.5>;<rarityHeldItem1;8>;<rarityHeldItem0;4>;<juexingItem;0.8>;<normalItem;76.7>>
20,6,,<1261;101;1071;11;111;1171;121;1221;1231;1241;1251;1291;131;1351;1391;1421;1441;1501;151;161;1611;171;1801;1811;1841;1861;191;1911;1921;1931;2011;2031;2071;21;221;2271;2301;231;241;2471;2481;2611;2631;2681;271;2721;281;2841;2871;2891;2921;2922;2961;2991;301;3001;3011;3021;31;3141;3151;3281;3291;331;3341;3351;341;3411;3431;3471;3501;351;3511;3541;3561;3591;3661;371;391;41;401;451;461;471;481;51;541;551;571;591;601;61;631;691;71;721;731;741;781;791;801;81;881;891;91;1;261;491;1081;1311;1851;2591>,,<502;521;501;21261;5000;14;452;602;603;604;605;930>,<<rarityCard3;1.25>;<rarityCard2;10>;<normalItem;88.75>>
21,7,,<101;1071;11;111;1171;121;1221;1231;1241;1251;1291;131;1351;1391;1421;1441;1501;151;161;1611;171;1801;1811;1841;1861;191;1911;1921;1931;2011;2031;2071;21;221;2271;2301;231;241;2471;2481;2611;2631;2681;271;2721;281;2841;2871;2891;2921;2922;2961;2991;301;3001;3011;3021;31;3141;3151;3281;3291;331;3341;3351;341;3411;3431;3471;3501;351;3511;3541;3561;3591;3661;371;391;41;401;451;461;471;481;51;541;551;571;591;601;61;631;691;71;721;731;741;781;791;801;81;881;891;91;1;261;491;1081;1311;1851;2591>,,,<<rarityCard2;11>;<rarityCard1;36>;<rarityCard0;53>>
22,7,,<101;1071;11;111;1171;121;1221;1231;1241;1251;1291;131;1351;1391;1421;1441;1501;151;161;1611;171;1801;1811;1841;1861;191;1911;1921;1931;2011;2031;2071;21;221;2271;2301;231;241;2471;2481;2611;2631;2681;271;2721;281;2841;2871;2891;2921;2922;2961;2991;301;3001;3011;3021;31;3141;3151;3281;3291;331;3341;3351;341;3411;3431;3471;3501;351;3511;3541;3561;3591;3661;371;391;41;401;451;461;471;481;51;541;551;571;591;601;61;631;691;71;721;731;741;781;791;801;81;881;891;91;1;261;491;1081;1311;1851;2591>,,,<<rarityCard2;11>;<rarityCard1;36>;<rarityCard0;53>>
23,7,,<101;1071;11;111;1171;121;1221;1231;1241;1251;1291;131;1351;1391;1421;1441;1501;151;161;1611;171;1801;1811;1841;1861;191;1911;1921;1931;2011;2031;2071;21;221;2271;2301;231;241;2471;2481;2611;2631;2681;271;2721;281;2841;2871;2891;2921;2922;2961;2991;301;3001;3011;3021;31;3141;3151;3281;3291;331;3341;3351;341;3411;3431;3471;3501;351;3511;3541;3561;3591;3661;371;391;41;401;451;461;471;481;51;541;551;571;591;601;61;631;691;71;721;731;741;781;791;801;81;881;891;91;1;261;491;1081;1311;1851;2591>,,,<<rarityCard2;11>;<rarityCard1;36>;<rarityCard0;53>>
24,5,,,<30101;30102;30103;30104;30105;30106;30201;30202;30203;30204;30205;30206;30207;30208;30209;31201;31202;30301;30302;30303;30304;30305;30306;30307;30308;30309;30310;30311;30312;30313;30314;30315;30316;30317>,<502;501;521;200;201;202;203;204;210;211;212;213;214;220;221;222;223;224;230;231;232;233;234;2101;2102;2103;451;452;19;850;851;gold>,<<starItem;10>;<rarityHeldItem2;0.5>;<rarityHeldItem1;8>;<rarityHeldItem0;4>;<juexingItem;0.8>;<normalItem;76.7>>
25,6,,<3631;101;1071;11;111;1171;121;1221;1231;1241;1251;1291;131;1351;1391;1421;1441;1501;151;161;1611;171;1801;1811;1841;1861;191;1911;1921;1931;2011;2031;2071;21;221;2271;2301;231;241;2471;2481;2611;2631;2681;271;2721;281;2841;2871;2891;2921;2922;2961;2991;301;3001;3011;3021;31;3141;3151;3281;3291;331;3341;3351;341;3411;3431;3471;3501;351;3511;3541;3561;3591;3661;371;391;41;401;451;461;471;481;51;541;551;571;591;601;61;631;691;71;721;731;741;781;791;801;81;881;891;91;1;261;491;1081;1311;1851;2591>,,<502;521;501;23631;5000;14;452;602;603;604;605;930>,<<rarityCard3;1.25>;<rarityCard2;10>;<normalItem;88.75>>
26,7,,<101;1071;11;111;1171;121;1221;1231;1241;1251;1291;131;1351;1391;1421;1441;1501;151;161;1611;171;1801;1811;1841;1861;191;1911;1921;1931;2011;2031;2071;21;221;2271;2301;231;241;2471;2481;2611;2631;2681;271;2721;281;2841;2871;2891;2921;2922;2961;2991;301;3001;3011;3021;31;3141;3151;3281;3291;331;3341;3351;341;3411;3431;3471;3501;351;3511;3541;3561;3591;3661;371;391;41;401;451;461;471;481;51;541;551;571;591;601;61;631;691;71;721;731;741;781;791;801;81;881;891;91;1;261;491;1081;1311;1851;2591>,,,<<rarityCard2;11>;<rarityCard1;36>;<rarityCard0;53>>
27,9,,,,,<<rarityGem4;2>;<rarityGem3;25>;<rarityGem2;58>;<normalItem;15>>
28,10,,,,,<<rarityGem6;0.85>;<rarityGem5;2.5>;<rarityGem4;10>;<rarityGem3;35>;<rarityGem2;40>;<normalItem;11.65>>
29,7,,<101;1071;11;111;1171;121;1221;1231;1241;1251;1291;131;1351;1391;1421;1441;1501;151;161;1611;171;1801;1811;1841;1861;191;1911;1921;1931;2011;2031;2071;21;221;2271;2301;231;241;2471;2481;2611;2631;2681;271;2721;281;2841;2871;2891;2921;2922;2961;2991;301;3001;3011;3021;31;3141;3151;3281;3291;331;3341;3351;341;3411;3431;3471;3501;351;3511;3541;3561;3591;3661;371;391;41;401;451;461;471;481;51;541;551;571;591;601;61;631;691;71;721;731;741;781;791;801;81;881;891;91;1;261;491;1081;1311;1851;2591>,,,<<rarityCard2;11>;<rarityCard1;36>;<rarityCard0;53>>
30,6,,<1971;101;1071;11;111;1171;121;1221;1231;1241;1251;1291;131;1351;1391;1421;1441;1501;151;161;1611;171;1801;1811;1841;1861;191;1911;1921;1931;2011;2031;2071;21;221;2271;2301;231;241;2471;2481;2611;2631;2681;271;2721;281;2841;2871;2891;2921;2922;2961;2991;301;3001;3011;3021;31;3141;3151;3281;3291;331;3341;3351;341;3411;3431;3471;3501;351;3511;3541;3561;3591;3661;371;391;41;401;451;461;471;481;51;541;551;571;591;601;61;631;691;71;721;731;741;781;791;801;81;881;891;91;1;261;491;1081;1311;1851;2591>,,<502;521;501;21971;5000;14;452;602;603;604;605;930>,<<rarityCard3;1.25>;<rarityCard2;10>;<normalItem;88.75>>
31,7,,<101;1071;11;111;1171;121;1221;1231;1241;1251;1291;131;1351;1391;1421;1441;1501;151;161;1611;171;1801;1811;1841;1861;191;1911;1921;1931;2011;2031;2071;21;221;2271;2301;231;241;2471;2481;2611;2631;2681;271;2721;281;2841;2871;2891;2921;2922;2961;2991;301;3001;3011;3021;31;3141;3151;3281;3291;331;3341;3351;341;3411;3431;3471;3501;351;3511;3541;3561;3591;3661;371;391;41;401;451;461;471;481;51;541;551;571;591;601;61;631;691;71;721;731;741;781;791;801;81;881;891;91;1;261;491;1081;1311;1851;2591>,,,<<rarityCard2;11>;<rarityCard1;36>;<rarityCard0;53>>
32,7,,<101;1071;11;111;1171;121;1221;1231;1241;1251;1291;131;1351;1391;1421;1441;1501;151;161;1611;171;1801;1811;1841;1861;191;1911;1921;1931;2011;2031;2071;21;221;2271;2301;231;241;2471;2481;2611;2631;2681;271;2721;281;2841;2871;2891;2921;2922;2961;2991;301;3001;3011;3021;31;3141;3151;3281;3291;331;3341;3351;341;3411;3431;3471;3501;351;3511;3541;3561;3591;3661;371;391;41;401;451;461;471;481;51;541;551;571;591;601;61;631;691;71;721;731;741;781;791;801;81;881;891;91;1;261;491;1081;1311;1851;2591>,,,<<rarityCard2;11>;<rarityCard1;36>;<rarityCard0;53>>
33,5,,,<30101;30102;30103;30104;30105;30106;30201;30202;30203;30204;30205;30206;30207;30208;30209;31201;31202;30301;30302;30303;30304;30305;30306;30307;30308;30309;30310;30311;30312;30313;30314;30315;30316;30317>,<502;501;521;200;201;202;203;204;210;211;212;213;214;220;221;222;223;224;230;231;232;233;234;2101;2102;2103;451;452;19;850;851;gold>,<<starItem;10>;<rarityHeldItem2;0.5>;<rarityHeldItem1;8>;<rarityHeldItem0;4>;<juexingItem;0.8>;<normalItem;76.7>>
34,6,,<1261;101;1071;11;111;1171;121;1221;1231;1241;1251;1291;131;1351;1391;1421;1441;1501;151;161;1611;171;1801;1811;1841;1861;191;1911;1921;1931;2011;2031;2071;21;221;2271;2301;231;241;2471;2481;2611;2631;2681;271;2721;281;2841;2871;2891;2921;2922;2961;2991;301;3001;3011;3021;31;3141;3151;3281;3291;331;3341;3351;341;3411;3431;3471;3501;351;3511;3541;3561;3591;3661;371;391;41;401;451;461;471;481;51;541;551;571;591;601;61;631;691;71;721;731;741;781;791;801;81;881;891;91;1;261;491;1081;1311;1851;2591>,,<502;521;501;21261;5000;14;452;602;603;604;605;930>,<<rarityCard3;1.25>;<rarityCard2;10>;<normalItem;88.75>>
35,7,,<101;1071;11;111;1171;121;1221;1231;1241;1251;1291;131;1351;1391;1421;1441;1501;151;161;1611;171;1801;1811;1841;1861;191;1911;1921;1931;2011;2031;2071;21;221;2271;2301;231;241;2471;2481;2611;2631;2681;271;2721;281;2841;2871;2891;2921;2922;2961;2991;301;3001;3011;3021;31;3141;3151;3281;3291;331;3341;3351;341;3411;3431;3471;3501;351;3511;3541;3561;3591;3661;371;391;41;401;451;461;471;481;51;541;551;571;591;601;61;631;691;71;721;731;741;781;791;801;81;881;891;91;1;261;491;1081;1311;1851;2591>,,,<<rarityCard2;11>;<rarityCard1;36>;<rarityCard0;53>>
36,7,,<101;1071;11;111;1171;121;1221;1231;1241;1251;1291;131;1351;1391;1421;1441;1501;151;161;1611;171;1801;1811;1841;1861;191;1911;1921;1931;2011;2031;2071;21;221;2271;2301;231;241;2471;2481;2611;2631;2681;271;2721;281;2841;2871;2891;2921;2922;2961;2991;301;3001;3011;3021;31;3141;3151;3281;3291;331;3341;3351;341;3411;3431;3471;3501;351;3511;3541;3561;3591;3661;371;391;41;401;451;461;471;481;51;541;551;571;591;601;61;631;691;71;721;731;741;781;791;801;81;881;891;91;1;261;491;1081;1311;1851;2591>,,,<<rarityCard2;11>;<rarityCard1;36>;<rarityCard0;53>>
37,6,,<1981;101;1071;11;111;1171;121;1221;1231;1241;1251;1291;131;1351;1391;1421;1441;1501;151;161;1611;171;1801;1811;1841;1861;191;1911;1921;1931;2011;2031;2071;21;221;2271;2301;231;241;2471;2481;2611;2631;2681;271;2721;281;2841;2871;2891;2921;2922;2961;2991;301;3001;3011;3021;31;3141;3151;3281;3291;331;3341;3351;341;3411;3431;3471;3501;351;3511;3541;3561;3591;3661;371;391;41;401;451;461;471;481;51;541;551;571;591;601;61;631;691;71;721;731;741;781;791;801;81;881;891;91;1;261;491;1081;1311;1851;2591>,,<502;521;501;21981;5000;14;452;602;603;604;605;930>,<<rarityCard3;1.25>;<rarityCard2;10>;<normalItem;88.75>>
38,11,,,,<40121;40122;40123;40124;40125;40126;40131;40132;40133;40134;40135;40136;40141;40142;40143;40144;40145;40146;40151;40152;40153;40154;40155;40156;40161;40162;40163;40164;40165;40166;40321;40322;40323;40324;40325;40326;40331;40332;40333;40334;40335;40336;40341;40342;40343;40344;40345;40346;40351;40352;40353;40354;40355;40356;40361;40362;40363;40364;40365;40366;40821;40822;40823;40831;40832;40833;40841;40842;40843;40851;40852;40853;40861;40862;40863>,<<rarityGem6;0.85>;<rarityGem5;2.5>;<rarityGem4;10>;<rarityGem3;35>;<rarityGem2;40>;<normalItem;11.65>>
39,11,,,,<40221;40222;40223;40224;40225;40226;40231;40232;40233;40234;40235;40236;40241;40242;40243;40244;40245;40246;40251;40252;40253;40254;40255;40256;40261;40262;40263;40264;40265;40266;40521;40522;40523;40524;40525;40526;40531;40532;40533;40534;40535;40536;40541;40542;40543;40544;40545;40546;40551;40552;40553;40554;40555;40556;40561;40562;40563;40564;40565;40566;40721;40722;40723;40731;40732;40733;40741;40742;40743;40751;40752;40753;40761;40762;40763>,<<rarityGem6;0.85>;<rarityGem5;2.5>;<rarityGem4;10>;<rarityGem3;35>;<rarityGem2;40>;<normalItem;11.65>>
40,11,,,,<40421;40422;40423;40424;40425;40426;40431;40432;40433;40434;40435;40436;40441;40442;40443;40444;40445;40446;40451;40452;40453;40454;40455;40456;40461;40462;40463;40464;40465;40466;40621;40622;40623;40624;40625;40626;40631;40632;40633;40634;40635;40636;40641;40642;40643;40644;40645;40646;40651;40652;40653;40654;40655;40656;40661;40662;40663;40664;40665;40666;40921;40922;40923;40931;40932;40933;40941;40942;40943;40951;40952;40953;40961;40962;40963>,<<rarityGem6;0.85>;<rarityGem5;2.5>;<rarityGem4;10>;<rarityGem3;35>;<rarityGem2;40>;<normalItem;11.65>>
41,6,,<1961;1971;101;1071;11;111;1171;121;1221;1231;1241;1251;1291;131;1351;1391;1421;1441;1501;151;161;1611;171;1801;1811;1841;1861;191;1911;1921;1931;2011;2031;2071;21;221;2271;2301;231;241;2471;2481;2611;2631;2681;271;2721;281;2841;2871;2891;2921;2922;2961;2991;301;3001;3011;3021;31;3141;3151;3281;3291;331;3341;3351;341;3411;3431;3471;3501;351;3511;3541;3561;3591;3661;371;391;41;401;451;461;471;481;51;541;551;571;591;601;61;631;691;71;721;731;741;781;791;801;81;881;891;91;1;261;491;1081;1311;1851;2591>,,<502;521;501;21961;21971;5000;14;452;602;603;604;605;930>,<<rarityCard3;1.25>;<rarityCard2;10>;<normalItem;88.75>>
42,6,,<2431;3631;101;1071;11;111;1171;121;1221;1231;1241;1251;1291;131;1351;1391;1421;1441;1501;151;161;1611;171;1801;1811;1841;1861;191;1911;1921;1931;2011;2031;2071;21;221;2271;2301;231;241;2471;2481;2611;2631;2681;271;2721;281;2841;2871;2891;2921;2922;2961;2991;301;3001;3011;3021;31;3141;3151;3281;3291;331;3341;3351;341;3411;3431;3471;3501;351;3511;3541;3561;3591;3661;371;391;41;401;451;461;471;481;51;541;551;571;591;601;61;631;691;71;721;731;741;781;791;801;81;881;891;91;1;261;491;1081;1311;1851;2591>,,<502;521;501;22431;23631;5000;14;452;602;603;604;605;930>,<<rarityCard3;1.25>;<rarityCard2;10>;<normalItem;88.75>>
43,6,,<2381;1261;101;1071;11;111;1171;121;1221;1231;1241;1251;1291;131;1351;1391;1421;1441;1501;151;161;1611;171;1801;1811;1841;1861;191;1911;1921;1931;2011;2031;2071;21;221;2271;2301;231;241;2471;2481;2611;2631;2681;271;2721;281;2841;2871;2891;2921;2922;2961;2991;301;3001;3011;3021;31;3141;3151;3281;3291;331;3341;3351;341;3411;3431;3471;3501;351;3511;3541;3561;3591;3661;371;391;41;401;451;461;471;481;51;541;551;571;591;601;61;631;691;71;721;731;741;781;791;801;81;881;891;91;1;261;491;1081;1311;1851;2591>,,<502;521;501;22381;21261;5000;14;452;602;603;604;605;930>,<<rarityCard3;1.25>;<rarityCard2;10>;<normalItem;88.75>>
44,6,,<2351;1981;101;1071;11;111;1171;121;1221;1231;1241;1251;1291;131;1351;1391;1421;1441;1501;151;161;1611;171;1801;1811;1841;1861;191;1911;1921;1931;2011;2031;2071;21;221;2271;2301;231;241;2471;2481;2611;2631;2681;271;2721;281;2841;2871;2891;2921;2922;2961;2991;301;3001;3011;3021;31;3141;3151;3281;3291;331;3341;3351;341;3411;3431;3471;3501;351;3511;3541;3561;3591;3661;371;391;41;401;451;461;471;481;51;541;551;571;591;601;61;631;691;71;721;731;741;781;791;801;81;881;891;91;1;261;491;1081;1311;1851;2591>,,<502;521;501;22351;21981;5000;14;452;602;603;604;605;930>,<<rarityCard3;1.25>;<rarityCard2;10>;<normalItem;88.75>>
45,6,,<2361;1961;101;1071;11;111;1171;121;1221;1231;1241;1251;1291;131;1351;1391;1421;1441;1501;151;161;1611;171;1801;1811;1841;1861;191;1911;1921;1931;2011;2031;2071;21;221;2271;2301;231;241;2471;2481;2611;2631;2681;271;2721;281;2841;2871;2891;2921;2922;2961;2991;301;3001;3011;3021;31;3141;3151;3281;3291;331;3341;3351;341;3411;3431;3471;3501;351;3511;3541;3561;3591;3661;371;391;41;401;451;461;471;481;51;541;551;571;591;601;61;631;691;71;721;731;741;781;791;801;81;881;891;91;1;261;491;1081;1311;1851;2591>,,<502;521;501;22361;21961;5000;14;452;602;603;604;605;930>,<<rarityCard3;1.25>;<rarityCard2;10>;<normalItem;88.75>>
46,6,,<1971;3631;101;1071;11;111;1171;121;1221;1231;1241;1251;1291;131;1351;1391;1421;1441;1501;151;161;1611;171;1801;1811;1841;1861;191;1911;1921;1931;2011;2031;2071;21;221;2271;2301;231;241;2471;2481;2611;2631;2681;271;2721;281;2841;2871;2891;2921;2922;2961;2991;301;3001;3011;3021;31;3141;3151;3281;3291;331;3341;3351;341;3411;3431;3471;3501;351;3511;3541;3561;3591;3661;371;391;41;401;451;461;471;481;51;541;551;571;591;601;61;631;691;71;721;731;741;781;791;801;81;881;891;91;1;261;491;1081;1311;1851;2591>,,<502;521;501;21971;23631;5000;14;452;602;603;604;605;930>,<<rarityCard3;1.25>;<rarityCard2;10>;<normalItem;88.75>>
47,6,,<3001;3011;2001;2011;2021;2031;2041;2051;2061;2071;2081;2091;2101;2111;2121;2131;2141;2151;2161;2171;2181;2191;2201;1001;1011;1021;1031;1041;1051;1061;1071;1081;1091;1101;1111;1121;1131;1141;1151;1161;1171;1181;1191>,,<502;521;501;23001;23011;5000;14;452;602;603;604;605;930>,<<rarityCard3;1.25>;<rarityCard2;10>;<normalItem;88.75>>
48,6,,<2441;2381;101;1071;11;111;1171;121;1221;1231;1241;1251;1291;131;1351;1391;1421;1441;1501;151;161;1611;171;1801;1811;1841;1861;191;1911;1921;1931;2011;2031;2071;21;221;2271;2301;231;241;2471;2481;2611;2631;2681;271;2721;281;2841;2871;2891;2921;2922;2961;2991;301;3001;3011;3021;31;3141;3151;3281;3291;331;3341;3351;341;3411;3431;3471;3501;351;3511;3541;3561;3591;3661;371;391;41;401;451;461;471;481;51;541;551;571;591;601;61;631;691;71;721;731;741;781;791;801;81;881;891;91;1;261;491;1081;1311;1851;2591>,,<502;521;501;22441;22381;5000;14;452;602;603;604;605;930>,<<rarityCard3;1.25>;<rarityCard2;10>;<normalItem;88.75>>
49,6,,<1981;1261;101;1071;11;111;1171;121;1221;1231;1241;1251;1291;131;1351;1391;1421;1441;1501;151;161;1611;171;1801;1811;1841;1861;191;1911;1921;1931;2011;2031;2071;21;221;2271;2301;231;241;2471;2481;2611;2631;2681;271;2721;281;2841;2871;2891;2921;2922;2961;2991;301;3001;3011;3021;31;3141;3151;3281;3291;331;3341;3351;341;3411;3431;3471;3501;351;3511;3541;3561;3591;3661;371;391;41;401;451;461;471;481;51;541;551;571;591;601;61;631;691;71;721;731;741;781;791;801;81;881;891;91;1;261;491;1081;1311;1851;2591>,,<502;521;501;21981;21261;5000;14;452;602;603;604;605;930>,<<rarityCard3;1.25>;<rarityCard2;10>;<normalItem;88.75>>
50,6,,<3641;2351;101;1071;11;111;1171;121;1221;1231;1241;1251;1291;131;1351;1391;1421;1441;1501;151;161;1611;171;1801;1811;1841;1861;191;1911;1921;1931;2011;2031;2071;21;221;2271;2301;231;241;2471;2481;2611;2631;2681;271;2721;281;2841;2871;2891;2921;2922;2961;2991;301;3001;3011;3021;31;3141;3151;3281;3291;331;3341;3351;341;3411;3431;3471;3501;351;3511;3541;3561;3591;3661;371;391;41;401;451;461;471;481;51;541;551;571;591;601;61;631;691;71;721;731;741;781;791;801;81;881;891;91;1;261;491;1081;1311;1851;2591>,,<502;521;501;23641;22351;5000;14;452;602;603;604;605;930>,<<rarityCard3;1.25>;<rarityCard2;10>;<normalItem;88.75>>
51,6,,<3211;2361;101;1071;11;111;1171;121;1221;1231;1241;1251;1291;131;1351;1391;1421;1441;1501;151;161;1611;171;1801;1811;1841;1861;191;1911;1921;1931;2011;2031;2071;21;221;2271;2301;231;241;2471;2481;2611;2631;2681;271;2721;281;2841;2871;2891;2921;2922;2961;2991;301;3001;3011;3021;31;3141;3151;3281;3291;331;3341;3351;341;3411;3431;3471;3501;351;3511;3541;3561;3591;3661;371;391;41;401;451;461;471;481;51;541;551;571;591;601;61;631;691;71;721;731;741;781;791;801;81;881;891;91;1;261;491;1081;1311;1851;2591>,,<502;521;501;23211;22361;5000;14;452;602;603;604;605;930>,<<rarityCard3;1.25>;<rarityCard2;10>;<normalItem;88.75>>
52,6,,<1981;2431;101;1071;11;111;1171;121;1221;1231;1241;1251;1291;131;1351;1391;1421;1441;1501;151;161;1611;171;1801;1811;1841;1861;191;1911;1921;1931;2011;2031;2071;21;221;2271;2301;231;241;2471;2481;2611;2631;2681;271;2721;281;2841;2871;2891;2921;2922;2961;2991;301;3001;3011;3021;31;3141;3151;3281;3291;331;3341;3351;341;3411;3431;3471;3501;351;3511;3541;3561;3591;3661;371;391;41;401;451;461;471;481;51;541;551;571;591;601;61;631;691;71;721;731;741;781;791;801;81;881;891;91;1;261;491;1081;1311;1851;2591>,,<502;521;501;21981;22431;5000;14;452;602;603;604;605;930>,<<rarityCard3;1.25>;<rarityCard2;10>;<normalItem;88.75>>
53,6,,<3221;2391;101;1071;11;111;1171;121;1221;1231;1241;1251;1291;131;1351;1391;1421;1441;1501;151;161;1611;171;1801;1811;1841;1861;191;1911;1921;1931;2011;2031;2071;21;221;2271;2301;231;241;2471;2481;2611;2631;2681;271;2721;281;2841;2871;2891;2921;2922;2961;2991;301;3001;3011;3021;31;3141;3151;3281;3291;331;3341;3351;341;3411;3431;3471;3501;351;3511;3541;3561;3591;3661;371;391;41;401;451;461;471;481;51;541;551;571;591;601;61;631;691;71;721;731;741;781;791;801;81;881;891;91;1;261;491;1081;1311;1851;2591>,,<502;521;501;23221;22391;5000;14;452;602;603;604;605;930>,<<rarityCard3;1.25>;<rarityCard2;10>;<normalItem;88.75>>
54,6,,<1971;2431;101;1071;11;111;1171;121;1221;1231;1241;1251;1291;131;1351;1391;1421;1441;1501;151;161;1611;171;1801;1811;1841;1861;191;1911;1921;1931;2011;2031;2071;21;221;2271;2301;231;241;2471;2481;2611;2631;2681;271;2721;281;2841;2871;2891;2921;2922;2961;2991;301;3001;3011;3021;31;3141;3151;3281;3291;331;3341;3351;341;3411;3431;3471;3501;351;3511;3541;3561;3591;3661;371;391;41;401;451;461;471;481;51;541;551;571;591;601;61;631;691;71;721;731;741;781;791;801;81;881;891;91;1;261;491;1081;1311;1851;2591>,,<502;521;501;21971;22431;5000;14;452;602;603;604;605;930>,<<rarityCard3;1.25>;<rarityCard2;10>;<normalItem;88.75>>
55,6,,<1961;2381;101;1071;11;111;1171;121;1221;1231;1241;1251;1291;131;1351;1391;1421;1441;1501;151;161;1611;171;1801;1811;1841;1861;191;1911;1921;1931;2011;2031;2071;21;221;2271;2301;231;241;2471;2481;2611;2631;2681;271;2721;281;2841;2871;2891;2921;2922;2961;2991;301;3001;3011;3021;31;3141;3151;3281;3291;331;3341;3351;341;3411;3431;3471;3501;351;3511;3541;3561;3591;3661;371;391;41;401;451;461;471;481;51;541;551;571;591;601;61;631;691;71;721;731;741;781;791;801;81;881;891;91;1;261;491;1081;1311;1851;2591>,,<502;521;501;21961;22381;5000;14;452;602;603;604;605;930>,<<rarityCard3;1.25>;<rarityCard2;10>;<normalItem;88.75>>
56,6,,<3241;2441;101;1071;11;111;1171;121;1221;1231;1241;1251;1291;131;1351;1391;1421;1441;1501;151;161;1611;171;1801;1811;1841;1861;191;1911;1921;1931;2011;2031;2071;21;221;2271;2301;231;241;2471;2481;2611;2631;2681;271;2721;281;2841;2871;2891;2921;2922;2961;2991;301;3001;3011;3021;31;3141;3151;3281;3291;331;3341;3351;341;3411;3431;3471;3501;351;3511;3541;3561;3591;3661;371;391;41;401;451;461;471;481;51;541;551;571;591;601;61;631;691;71;721;731;741;781;791;801;81;881;891;91;1;261;491;1081;1311;1851;2591>,,<502;521;501;23241;22441;5000;14;452;602;603;604;605;930>,<<rarityCard3;1.25>;<rarityCard2;10>;<normalItem;88.75>>
57,6,,<2381;3631;101;1071;11;111;1171;121;1221;1231;1241;1251;1291;131;1351;1391;1421;1441;1501;151;161;1611;171;1801;1811;1841;1861;191;1911;1921;1931;2011;2031;2071;21;221;2271;2301;231;241;2471;2481;2611;2631;2681;271;2721;281;2841;2871;2891;2921;2922;2961;2991;301;3001;3011;3021;31;3141;3151;3281;3291;331;3341;3351;341;3411;3431;3471;3501;351;3511;3541;3561;3591;3661;371;391;41;401;451;461;471;481;51;541;551;571;591;601;61;631;691;71;721;731;741;781;791;801;81;881;891;91;1;261;491;1081;1311;1851;2591>,,<502;521;501;22381;23631;5000;14;452;602;603;604;605;930>,<<rarityCard3;1.25>;<rarityCard2;10>;<normalItem;88.75>>
58,12,,,,,<<rarityChip5;1.5>;<rarityChip4;8.5>;<rarityChip3;25>;<rarityChip2;50>;<normalItem;15>>
59,13,,,,,<<rarityChip6;0.85>;<rarityChip5;2.5>;<rarityChip4;10>;<rarityChip3;35>;<rarityChip2;40>;<normalItem;11.65>>
60,6,,<1961;1261;101;1071;11;111;1171;121;1221;1231;1241;1251;1291;131;1351;1391;1421;1441;1501;151;161;1611;171;1801;1811;1841;1861;191;1911;1921;1931;2011;2031;2071;21;221;2271;2301;231;241;2471;2481;2611;2631;2681;271;2721;281;2841;2871;2891;2921;2922;2961;2991;301;3001;3011;3021;31;3141;3151;3281;3291;331;3341;3351;341;3411;3431;3471;3501;351;3511;3541;3561;3591;3661;371;391;41;401;451;461;471;481;51;541;551;571;591;601;61;631;691;71;721;731;741;781;791;801;81;881;891;91;1;261;491;1081;1311;1851;2591>,,<502;521;501;21961;21261;5000;14;452;602;603;604;605;930>,<<rarityCard3;1.25>;<rarityCard2;10>;<normalItem;88.75>>
61,6,,<3261;3641;101;1071;11;111;1171;121;1221;1231;1241;1251;1291;131;1351;1391;1421;1441;1501;151;161;1611;171;1801;1811;1841;1861;191;1911;1921;1931;2011;2031;2071;21;221;2271;2301;231;241;2471;2481;2611;2631;2681;271;2721;281;2841;2871;2891;2921;2922;2961;2991;301;3001;3011;3021;31;3141;3151;3281;3291;331;3341;3351;341;3411;3431;3471;3501;351;3511;3541;3561;3591;3661;371;391;41;401;451;461;471;481;51;541;551;571;591;601;61;631;691;71;721;731;741;781;791;801;81;881;891;91;1;261;491;1081;1311;1851;2591>,,<502;521;501;23261;23641;5000;14;452;602;603;604;605;930>,<<rarityCard3;1.25>;<rarityCard2;10>;<normalItem;88.75>>
62,,,<1;11;21;31;41;51;61;71;81;91;101;111;121;1001;1011;1021;1031;1041;1051;1061;1071;1081;1091;1101;1111;1121;1131;1141;1151;1161;1171;1181;1191;2001;2011;2021;2031;2041;2051;2061;2071;2081;2091;2101;2111;2121;2131;2141;2151;2161;2171;2181;2191;2201;2211>,,,<<rarityCard2;24.1>;<rarityCard1;37>;<rarityCard0;38.9>>
63,6,,<1991;3211;101;1071;11;111;1171;121;1221;1231;1241;1251;1291;131;1351;1391;1421;1441;1501;151;161;1611;171;1801;1811;1841;1861;191;1911;1921;1931;2011;2031;2071;21;221;2271;2301;231;241;2471;2481;2611;2631;2681;271;2721;281;2841;2871;2891;2921;2922;2961;2991;301;3001;3011;3021;31;3141;3151;3281;3291;331;3341;3351;341;3411;3431;3471;3501;351;3511;3541;3561;3591;3661;371;391;41;401;451;461;471;481;51;541;551;571;591;601;61;631;691;71;721;731;741;781;791;801;81;881;891;91;1;261;491;1081;1311;1851;2591>,,<502;521;501;21991;23211;5000;14;452;602;603;604;605;930>,<<rarityCard3;1.25>;<rarityCard2;10>;<normalItem;88.75>>
64,6,,<3631;1261;101;1071;11;111;1171;121;1221;1231;1241;1251;1291;131;1351;1391;1421;1441;1501;151;161;1611;171;1801;1811;1841;1861;191;1911;1921;1931;2011;2031;2071;21;221;2271;2301;231;241;2471;2481;2611;2631;2681;271;2721;281;2841;2871;2891;2921;2922;2961;2991;301;3001;3011;3021;31;3141;3151;3281;3291;331;3341;3351;341;3411;3431;3471;3501;351;3511;3541;3561;3591;3661;371;391;41;401;451;461;471;481;51;541;551;571;591;601;61;631;691;71;721;731;741;781;791;801;81;881;891;91;1;261;491;1081;1311;1851;2591>,,<502;521;501;23631;21261;5000;14;452;602;603;604;605;930>,<<rarityCard3;1.25>;<rarityCard2;10>;<normalItem;88.75>>
65,6,,<2361;2431;101;1071;11;111;1171;121;1221;1231;1241;1251;1291;131;1351;1391;1421;1441;1501;151;161;1611;171;1801;1811;1841;1861;191;1911;1921;1931;2011;2031;2071;21;221;2271;2301;231;241;2471;2481;2611;2631;2681;271;2721;281;2841;2871;2891;2921;2922;2961;2991;301;3001;3011;3021;31;3141;3151;3281;3291;331;3341;3351;341;3411;3431;3471;3501;351;3511;3541;3561;3591;3661;371;391;41;401;451;461;471;481;51;541;551;571;591;601;61;631;691;71;721;731;741;781;791;801;81;881;891;91;1;261;491;1081;1311;1851;2591>,,<502;521;501;22361;22431;5000;14;452;602;603;604;605;930>,<<rarityCard3;1.25>;<rarityCard2;10>;<normalItem;88.75>>
66,6,,<4171;3221;101;1071;11;111;1171;121;1221;1231;1241;1251;1291;131;1351;1391;1421;1441;1501;151;161;1611;171;1801;1811;1841;1861;191;1911;1921;1931;2011;2031;2071;21;221;2271;2301;231;241;2471;2481;2611;2631;2681;271;2721;281;2841;2871;2891;2921;2922;2961;2991;301;3001;3011;3021;31;3141;3151;3281;3291;331;3341;3351;341;3411;3431;3471;3501;351;3511;3541;3561;3591;3661;371;391;41;401;451;461;471;481;51;541;551;571;591;601;61;631;691;71;721;731;741;781;791;801;81;881;891;91;1;261;491;1081;1311;1851;2591>,,<502;521;501;24171;23221;5000;14;452;602;603;604;605;930>,<<rarityCard3;1.25>;<rarityCard2;10>;<normalItem;88.75>>
67,6,,<1981;1971;101;1071;11;111;1171;121;1221;1231;1241;1251;1291;131;1351;1391;1421;1441;1501;151;161;1611;171;1801;1811;1841;1861;191;1911;1921;1931;2011;2031;2071;21;221;2271;2301;231;241;2471;2481;2611;2631;2681;271;2721;281;2841;2871;2891;2921;2922;2961;2991;301;3001;3011;3021;31;3141;3151;3281;3291;331;3341;3351;341;3411;3431;3471;3501;351;3511;3541;3561;3591;3661;371;391;41;401;451;461;471;481;51;541;551;571;591;601;61;631;691;71;721;731;741;781;791;801;81;881;891;91;1;261;491;1081;1311;1851;2591>,,<502;521;501;21981;21971;5000;14;452;602;603;604;605;930>,<<rarityCard3;1.25>;<rarityCard2;10>;<normalItem;88.75>>
68,6,,<2391;2381;101;1071;11;111;1171;121;1221;1231;1241;1251;1291;131;1351;1391;1421;1441;1501;151;161;1611;171;1801;1811;1841;1861;191;1911;1921;1931;2011;2031;2071;21;221;2271;2301;231;241;2471;2481;2611;2631;2681;271;2721;281;2841;2871;2891;2921;2922;2961;2991;301;3001;3011;3021;31;3141;3151;3281;3291;331;3341;3351;341;3411;3431;3471;3501;351;3511;3541;3561;3591;3661;371;391;41;401;451;461;471;481;51;541;551;571;591;601;61;631;691;71;721;731;741;781;791;801;81;881;891;91;1;261;491;1081;1311;1851;2591>,,<502;521;501;22391;22381;5000;14;452;602;603;604;605;930>,<<rarityCard3;1.25>;<rarityCard2;10>;<normalItem;88.75>>
69,6,,<3611;3241;101;1071;11;111;1171;121;1221;1231;1241;1251;1291;131;1351;1391;1421;1441;1501;151;161;1611;171;1801;1811;1841;1861;191;1911;1921;1931;2011;2031;2071;21;221;2271;2301;231;241;2471;2481;2611;2631;2681;271;2721;281;2841;2871;2891;2921;2922;2961;2991;301;3001;3011;3021;31;3141;3151;3281;3291;331;3341;3351;341;3411;3431;3471;3501;351;3511;3541;3561;3591;3661;371;391;41;401;451;461;471;481;51;541;551;571;591;601;61;631;691;71;721;731;741;781;791;801;81;881;891;91;1;261;491;1081;1311;1851;2591>,,<502;521;501;23611;23241;5000;14;452;602;603;604;605;930>,<<rarityCard3;1.25>;<rarityCard2;10>;<normalItem;88.75>>
70,6,,<1961;3631;101;1071;11;111;1171;121;1221;1231;1241;1251;1291;131;1351;1391;1421;1441;1501;151;161;1611;171;1801;1811;1841;1861;191;1911;1921;1931;2011;2031;2071;21;221;2271;2301;231;241;2471;2481;2611;2631;2681;271;2721;281;2841;2871;2891;2921;2922;2961;2991;301;3001;3011;3021;31;3141;3151;3281;3291;331;3341;3351;341;3411;3431;3471;3501;351;3511;3541;3561;3591;3661;371;391;41;401;451;461;471;481;51;541;551;571;591;601;61;631;691;71;721;731;741;781;791;801;81;881;891;91;1;261;491;1081;1311;1851;2591>,,<502;521;501;21961;23631;5000;14;452;602;603;604;605;930>,<<rarityCard3;1.25>;<rarityCard2;10>;<normalItem;88.75>>
71,6,,<2441;2351;101;1071;11;111;1171;121;1221;1231;1241;1251;1291;131;1351;1391;1421;1441;1501;151;161;1611;171;1801;1811;1841;1861;191;1911;1921;1931;2011;2031;2071;21;221;2271;2301;231;241;2471;2481;2611;2631;2681;271;2721;281;2841;2871;2891;2921;2922;2961;2991;301;3001;3011;3021;31;3141;3151;3281;3291;331;3341;3351;341;3411;3431;3471;3501;351;3511;3541;3561;3591;3661;371;391;41;401;451;461;471;481;51;541;551;571;591;601;61;631;691;71;721;731;741;781;791;801;81;881;891;91;1;261;491;1081;1311;1851;2591>,,<502;521;501;22441;22351;5000;14;452;602;603;604;605;930>,<<rarityCard3;1.25>;<rarityCard2;10>;<normalItem;88.75>>
72,6,,<1281;3261;101;1071;11;111;1171;121;1221;1231;1241;1251;1291;131;1351;1391;1421;1441;1501;151;161;1611;171;1801;1811;1841;1861;191;1911;1921;1931;2011;2031;2071;21;221;2271;2301;231;241;2471;2481;2611;2631;2681;271;2721;281;2841;2871;2891;2921;2922;2961;2991;301;3001;3011;3021;31;3141;3151;3281;3291;331;3341;3351;341;3411;3431;3471;3501;351;3511;3541;3561;3591;3661;371;391;41;401;451;461;471;481;51;541;551;571;591;601;61;631;691;71;721;731;741;781;791;801;81;881;891;91;1;261;491;1081;1311;1851;2591>,,<502;521;501;21281;23261;5000;14;452;602;603;604;605;930>,<<rarityCard3;1.25>;<rarityCard2;10>;<normalItem;88.75>>
73,6,,<2431;101;1071;11;111;1171;121;1221;1231;1241;1251;1291;131;1351;1391;1421;1441;1501;151;161;1611;171;1801;1811;1841;1861;191;1911;1921;1931;2011;2031;2071;21;221;2271;2301;231;241;2471;2481;2611;2631;2681;271;2721;281;2841;2871;2891;2921;2922;2961;2991;301;3001;3011;3021;31;3141;3151;3281;3291;331;3341;3351;341;3411;3431;3471;3501;351;3511;3541;3561;3591;3661;371;391;41;401;451;461;471;481;51;541;551;571;591;601;61;631;691;71;721;731;741;781;791;801;81;881;891;91;1;261;491;1081;1311;1851;2591>,,<502;521;501;22431;5000;14;452;602;603;604;605;930>,<<rarityCard3;1.25>;<rarityCard2;10>;<normalItem;88.75>>
80,6,,<3001;3011;2001;2011;2021;2031;2041;2051;2061;2071;2081;2091;2101;2111;2121;2131;2141;2151;2161;2171;2181;2191;2201;2211>,,<502;521;501;23001;23011;5000;14;452;602;603;604;605;930>,<<rarityCard3;1.25>;<rarityCard2;10>;<normalItem;88.75>>
81,6,,<3021;3031;2001;2011;2021;2031;2041;2051;2061;2071;2081;2091;2101;2111;2121;2131;2141;2151;2161;2171;2181;2191;2201;2211>,,<502;521;501;23021;23031;5000;14;452;602;603;604;605;930>,<<rarityCard3;1.25>;<rarityCard2;10>;<normalItem;88.75>>
82,6,,<3061;2001;2011;2021;2031;2041;2051;2061;2071;2081;2091;2101;2111;2121;2131;2141;2151;2161;2171;2181;2191;2201;2211>,,<502;521;501;23061;5000;14;452;602;603;604;605;930>,<<rarityCard3;1.25>;<rarityCard2;10>;<normalItem;88.75>>
83,6,,<3041;3051;2001;2011;2021;2031;2041;2051;2061;2071;2081;2091;2101;2111;2121;2131;2141;2151;2161;2171;2181;2191;2201;2211>,,<502;521;501;23041;23051;5000;14;452;602;603;604;605;930>,<<rarityCard3;1.25>;<rarityCard2;10>;<normalItem;88.75>>
84,5,,,<30101;30102;30103;30104;30105;30106;30201;30202;30203;30204;30205;30206;30207;30208;30209;31201;31202;30301;30302;30303;30304;30305;30306;30307;30308;30309;30310;30311;30312;30313;30314;30315;30316;30317>,<502;501;521;200;201;202;203;204;210;211;212;213;214;220;221;222;223;224;230;231;232;233;234;2101;2102;2103;451;452;19;850;851;gold>,<<starItem;10>;<rarityHeldItem2;0.5>;<rarityHeldItem1;8>;<rarityHeldItem0;4>;<juexingItem;0.8>;<normalItem;76.7>>
85,5,,,<30101;30102;30103;30104;30105;30106;30201;30202;30203;30204;30205;30206;30207;30208;30209;31201;31202;30301;30302;30303;30304;30305;30306;30307;30308;30309;30310;30311;30312;30313;30314;30315;30316;30317>,<502;501;521;200;201;202;203;204;210;211;212;213;214;220;221;222;223;224;230;231;232;233;234;2101;2102;2103;451;452;19;850;851;gold>,<<starItem;10>;<rarityHeldItem2;0.5>;<rarityHeldItem1;8>;<rarityHeldItem0;4>;<juexingItem;0.8>;<normalItem;76.7>>
86,5,,,<30101;30102;30103;30104;30105;30106;30201;30202;30203;30204;30205;30206;30207;30208;30209;31201;31202;30301;30302;30303;30304;30305;30306;30307;30308;30309;30310;30311;30312;30313;30314;30315;30316;30317>,<502;501;521;200;201;202;203;204;210;211;212;213;214;220;221;222;223;224;230;231;232;233;234;2101;2102;2103;451;452;19;850;851;gold>,<<starItem;10>;<rarityHeldItem2;0.5>;<rarityHeldItem1;8>;<rarityHeldItem0;4>;<juexingItem;0.8>;<normalItem;76.7>>
87,5,,,<30101;30102;30103;30104;30105;30106;30201;30202;30203;30204;30205;30206;30207;30208;30209;31201;31202;30301;30302;30303;30304;30305;30306;30307;30308;30309;30310;30311;30312;30313;30314;30315;30316;30317>,<502;501;521;200;201;202;203;204;210;211;212;213;214;220;221;222;223;224;230;231;232;233;234;2101;2102;2103;451;452;19;850;851;gold>,<<starItem;10>;<rarityHeldItem2;0.5>;<rarityHeldItem1;8>;<rarityHeldItem0;4>;<juexingItem;0.8>;<normalItem;76.7>>
88,6,,<3121;3061;2001;2011;2021;2031;2041;2051;2061;2071;2081;2091;2101;2111;2121;2131;2141;2151;2161;2171;2181;2191;2201;2211>,,<502;521;501;23041;23061;5000;14;452;602;603;604;605;930>,<<rarityCard3;1.25>;<rarityCard2;10>;<normalItem;88.75>>
89,6,,<3151;3141;2001;2011;2021;2031;2041;2051;2061;2071;2081;2091;2101;2111;2121;2131;2141;2151;2161;2171;2181;2191;2201;2211>,,<502;521;501;23151;23141;5000;14;452;602;603;604;605;930>,<<rarityCard3;1.25>;<rarityCard2;10>;<normalItem;88.75>>
90,6,,<3121;3021;2001;2011;2021;2031;2041;2051;2061;2071;2081;2091;2101;2111;2121;2131;2141;2151;2161;2171;2181;2191;2201;2211>,,<502;521;501;23121;23021;5000;14;452;602;603;604;605;930>,<<rarityCard3;1.25>;<rarityCard2;10>;<normalItem;88.75>>
91,6,,<3131;3061;2001;2011;2021;2031;2041;2051;2061;2071;2081;2091;2101;2111;2121;2131;2141;2151;2161;2171;2181;2191;2201;2211>,,<502;521;501;23131;23061;5000;14;452;602;603;604;605;930>,<<rarityCard3;1.25>;<rarityCard2;10>;<normalItem;88.75>>
92,6,,<3031;3041;2001;2011;2021;2031;2041;2051;2061;2071;2081;2091;2101;2111;2121;2131;2141;2151;2161;2171;2181;2191;2201;2211>,,<502;521;501;23031;23041;5000;14;452;602;603;604;605;930>,<<rarityCard3;1.25>;<rarityCard2;10>;<normalItem;88.75>>
93,6,,<3061;3131;2001;2011;2021;2031;2041;2051;2061;2071;2081;2091;2101;2111;2121;2131;2141;2151;2161;2171;2181;2191;2201;2211>,,<502;521;501;23031;23041;5000;14;452;602;603;604;605;930>,<<rarityCard3;1.25>;<rarityCard2;10>;<normalItem;88.75>>
94,6,,<3211;3353;1221;1903;1931;3543;163;333;503;593;603;611;631;641;712;863;1082;1293;2033;1032;1071;1303;1381;1841;1911;2242;2723;3003>,,<502;521;501;23211;23353;5000;14;452;602;603;604;605;930>,<<rarityCard3;1.25>;<rarityCard2;10>;<normalItem;88.75>>
95,6,,<2233;1221;1903;1931;3543;163;333;503;593;603;611;631;641;712;863;1082;1293;2033;1032;1071;1303;1381;1841;1911;2242;2723;3003>,,<22233;502;521;501;5000;14;452;602;603;604;605;930>,<<rarityCard3;1.25>;<rarityCard2;10>;<normalItem;88.75>>
96,6,,<1503;1221;1903;1931;3543;163;333;503;593;603;611;631;641;712;863;1082;1293;2033;1032;1071;1303;1381;1841;1911;2242;2723;3003>,,<21503;502;521;501;5000;14;452;602;603;604;605;930>,<<rarityCard3;1.25>;<rarityCard2;10>;<normalItem;88.75>>
97,6,,<8004;8008;1221;1903;1931;3543;163;333;503;593;603;611;631;641;712;863;1082;1293;2033;1032;1071;1303;1381;1841;1911;2242;2723;3003>,,<29008;28041;502;521;501;5000;14;452;602;603;604;605;930>,<<rarityCard3;1.25>;<rarityCard2;10>;<normalItem;88.75>>
100,6,,<771;1231;1221;1903;1931;3543;163;333;503;593;603;611;631;641;712;863;1082;1293;2033;1032;1071;1303;1381;1841;1911;2242;2723;3003;13;273;402;493;552;793;2013;2073;2593;2612;2633;2963;3283;3293;3342;3472;3511;3683;44;53;82;692;2683;2843;3432;3772>,,<502;521;501;20701;20721;5000;14;452;602;603;604;605;930>,<<rarityCard3;1.25>;<rarityCard2;10>;<normalItem;88.75>>
101,6,,<771;1231;1221;1903;1931;3543;163;333;503;593;603;611;631;641;712;863;1082;1293;2033;1032;1071;1303;1381;1841;1911;2242;2723;3003;13;273;402;493;552;793;2013;2073;2593;2612;2633;2963;3283;3293;3342;3472;3511;3683;44;53;82;692;2683;2843;3432;3772>,,<502;521;501;20771;21231;5000;14;452;602;603;604;605;930>,<<rarityCard3;1.25>;<rarityCard2;10>;<normalItem;88.75>>
102,6,,<1393;1503;1221;1903;1931;3543;163;333;503;593;603;611;631;641;712;863;1082;1293;2033;1032;1071;1303;1381;1841;1911;2242;2723;3003;13;273;402;493;552;793;2013;2073;2593;2612;2633;2963;3283;3293;3342;3472;3511;3683;44;53;82;692;2683;2843;3432;3772>,,<502;521;501;21393;21503;5000;14;452;602;603;604;605;930>,<<rarityCard3;1.25>;<rarityCard2;10>;<normalItem;88.75>>
103,6,,<1893;2233;1221;1903;1931;3543;163;333;503;593;603;611;631;641;712;863;1082;1293;2033;1032;1071;1303;1381;1841;1911;2242;2723;3003;13;273;402;493;552;793;2013;2073;2593;2612;2633;2963;3283;3293;3342;3472;3511;3683;44;53;82;692;2683;2843;3432;3772>,,<502;521;501;21893;22233;5000;14;452;602;603;604;605;930>,<<rarityCard3;1.25>;<rarityCard2;10>;<normalItem;88.75>>
104,6,,<2401;3143;1221;1903;1931;3543;163;333;503;593;603;611;631;641;712;863;1082;1293;2033;1032;1071;1303;1381;1841;1911;2242;2723;3003;13;273;402;493;552;793;2013;2073;2593;2612;2633;2963;3283;3293;3342;3472;3511;3683;44;53;82;692;2683;2843;3432;3772>,,<502;521;501;22401;23143;5000;14;452;602;603;604;605;930>,<<rarityCard3;1.25>;<rarityCard2;10>;<normalItem;88.75>>
105,6,,<393;263;1221;1903;1931;3543;163;333;503;593;603;611;631;641;712;863;1082;1293;2033;1032;1071;1303;1381;1841;1911;2242;2723;3003;13;273;402;493;552;793;2013;2073;2593;2612;2633;2963;3283;3293;3342;3472;3511;3683;44;53;82;692;2683;2843;3432;3772>,,<502;521;501;20393;20263;5000;14;452;602;603;604;605;930>,<<rarityCard3;1.25>;<rarityCard2;10>;<normalItem;88.75>>
106,6,,<572;771;1221;1903;1931;3543;163;333;503;593;603;611;631;641;712;863;1082;1293;2033;1032;1071;1303;1381;1841;1911;2242;2723;3003;13;273;402;493;552;793;2013;2073;2593;2612;2633;2963;3283;3293;3342;3472;3511;3683;44;53;82;692;2683;2843;3432;3772>,,<502;521;501;20572;20771;5000;14;452;602;603;604;605;930>,<<rarityCard3;1.25>;<rarityCard2;10>;<normalItem;88.75>>
107,6,,<1313;721;1221;1903;1931;3543;163;333;503;593;603;611;631;641;712;863;1082;1293;2033;1032;1071;1303;1381;1841;1911;2242;2723;3003;13;273;402;493;552;793;2013;2073;2593;2612;2633;2963;3283;3293;3342;3472;3511;3683;44;53;82;692;2683;2843;3432;3772>,,<502;521;501;21313;20721;5000;14;452;602;603;604;605;930>,<<rarityCard3;1.25>;<rarityCard2;10>;<normalItem;88.75>>
108,6,,<1941;701;1221;1903;1931;3543;163;333;503;593;603;611;631;641;712;863;1082;1293;2033;1032;1071;1303;1381;1841;1911;2242;2723;3003;13;273;402;493;552;793;2013;2073;2593;2612;2633;2963;3283;3293;3342;3472;3511;3683;44;53;82;692;2683;2843;3432;3772>,,<502;521;501;21941;20701;5000;14;452;602;603;604;605;930>,<<rarityCard3;1.25>;<rarityCard2;10>;<normalItem;88.75>>
109,6,,<1951;1231;1221;1903;1931;3543;163;333;503;593;603;611;631;641;712;863;1082;1293;2033;1032;1071;1303;1381;1841;1911;2242;2723;3003;13;273;402;493;552;793;2013;2073;2593;2612;2633;2963;3283;3293;3342;3472;3511;3683;44;53;82;692;2683;2843;3432;3772>,,<502;521;501;21951;21231;5000;14;452;602;603;604;605;930>,<<rarityCard3;1.25>;<rarityCard2;10>;<normalItem;88.75>>
110,6,,<3021;1393;1221;1903;1931;3543;163;333;503;593;603;611;631;641;712;863;1082;1293;2033;1032;1071;1303;1381;1841;1911;2242;2723;3003;13;273;402;493;552;793;2013;2073;2593;2612;2633;2963;3283;3293;3342;3472;3511;3683;44;53;82;692;2683;2843;3432;3772>,,<502;521;501;23021;21393;5000;14;452;602;603;604;605;930>,<<rarityCard3;1.25>;<rarityCard2;10>;<normalItem;88.75>>
111,6,,<3171;2233;1221;1903;1931;3543;163;333;503;593;603;611;631;641;712;863;1082;1293;2033;1032;1071;1303;1381;1841;1911;2242;2723;3003;13;273;402;493;552;793;2013;2073;2593;2612;2633;2963;3283;3293;3342;3472;3511;3683;44;53;82;692;2683;2843;3432;3772>,,<502;521;501;23171;22233;5000;14;452;602;603;604;605;930>,<<rarityCard3;1.25>;<rarityCard2;10>;<normalItem;88.75>>
112,6,,<1241;2401;1221;1903;1931;3543;163;333;503;593;603;611;631;641;712;863;1082;1293;2033;1032;1071;1303;1381;1841;1911;2242;2723;3003;13;273;402;493;552;793;2013;2073;2593;2612;2633;2963;3283;3293;3342;3472;3511;3683;44;53;82;692;2683;2843;3432;3772>,,<502;521;501;21241;22401;5000;14;452;602;603;604;605;930>,<<rarityCard3;1.25>;<rarityCard2;10>;<normalItem;88.75>>
113,6,,<263;1503;1221;1903;1931;3543;163;333;503;593;603;611;631;641;712;863;1082;1293;2033;1032;1071;1303;1381;1841;1911;2242;2723;3003;13;273;402;493;552;793;2013;2073;2593;2612;2633;2963;3283;3293;3342;3472;3511;3683;44;53;82;692;2683;2843;3432;3772>,,<502;521;501;20263;21503;5000;14;452;602;603;604;605;930>,<<rarityCard3;1.25>;<rarityCard2;10>;<normalItem;88.75>>
114,6,,<572;1893;1221;1903;1931;3543;163;333;503;593;603;611;631;641;712;863;1082;1293;2033;1032;1071;1303;1381;1841;1911;2242;2723;3003;13;273;402;493;552;793;2013;2073;2593;2612;2633;2963;3283;3293;3342;3472;3511;3683;44;53;82;692;2683;2843;3432;3772>,,<502;521;501;20572;21893;5000;14;452;602;603;604;605;930>,<<rarityCard3;1.25>;<rarityCard2;10>;<normalItem;88.75>>
115,6,,<1313;3143;1221;1903;1931;3543;163;333;503;593;603;611;631;641;712;863;1082;1293;2033;1032;1071;1303;1381;1841;1911;2242;2723;3003;13;273;402;493;552;793;2013;2073;2593;2612;2633;2963;3283;3293;3342;3472;3511;3683;44;53;82;692;2683;2843;3432;3772>,,<502;521;501;21313;23143;5000;14;452;602;603;604;605;930>,<<rarityCard3;1.25>;<rarityCard2;10>;<normalItem;88.75>>
116,6,,<1941;393;1221;1903;1931;3543;163;333;503;593;603;611;631;641;712;863;1082;1293;2033;1032;1071;1303;1381;1841;1911;2242;2723;3003;13;273;402;493;552;793;2013;2073;2593;2612;2633;2963;3283;3293;3342;3472;3511;3683;44;53;82;692;2683;2843;3432;3772>,,<502;521;501;21941;20393;5000;14;452;602;603;604;605;930>,<<rarityCard3;1.25>;<rarityCard2;10>;<normalItem;88.75>>
117,6,,<1951;721;1221;1903;1931;3543;163;333;503;593;603;611;631;641;712;863;1082;1293;2033;1032;1071;1303;1381;1841;1911;2242;2723;3003;13;273;402;493;552;793;2013;2073;2593;2612;2633;2963;3283;3293;3342;3472;3511;3683;44;53;82;692;2683;2843;3432;3772>,,<502;521;501;21951;20721;5000;14;452;602;603;604;605;930>,<<rarityCard3;1.25>;<rarityCard2;10>;<normalItem;88.75>>
118,6,,<3021;771;1221;1903;1931;3543;163;333;503;593;603;611;631;641;712;863;1082;1293;2033;1032;1071;1303;1381;1841;1911;2242;2723;3003;13;273;402;493;552;793;2013;2073;2593;2612;2633;2963;3283;3293;3342;3472;3511;3683;44;53;82;692;2683;2843;3432;3772>,,<502;521;501;23021;20771;5000;14;452;602;603;604;605;930>,<<rarityCard3;1.25>;<rarityCard2;10>;<normalItem;88.75>>
1001,5,,<4024>,<30101;30102;30103;30104;30105;30106;30201;30202;30203;30204;30205;30206;30207;30208;30209;30301;30302;30303;30304;30305;30306;30307;30308;30309;30310;30311;30312;30313;30314;30315;30316;30317>,<536;502;501;521;201;202;203;204;205;211;212;213;214;215;221;222;223;224;225;231;232;233;234;235;2101;2102;2103;451;452;19;850;851;gold>,<<cardsIDS;1>;<skinStamps;5>;<starItem;10>;<rarityHeldItem2;0.5>;<rarityHeldItem1;8>;<rarityHeldItem0;4>;<juexingItem;0.8>;<normalItem;70.7>>
1002,5,,<3601>,<30101;30102;30103;30104;30105;30106;30201;30202;30203;30204;30205;30206;30207;30208;30209;30301;30302;30303;30304;30305;30306;30307;30308;30309;30310;30311;30312;30313;30314;30315;30316;30317>,<536;502;501;521;201;202;203;204;205;211;212;213;214;215;221;222;223;224;225;231;232;233;234;235;2101;2102;2103;451;452;19;850;851;gold>,<<cardsIDS;1>;<skinStamps;5>;<starItem;10>;<rarityHeldItem2;0.5>;<rarityHeldItem1;8>;<rarityHeldItem0;4>;<juexingItem;0.8>;<normalItem;70.7>>
1003,5,,<8007>,<30101;30102;30103;30104;30105;30106;30201;30202;30203;30204;30205;30206;30207;30208;30209;30301;30302;30303;30304;30305;30306;30307;30308;30309;30310;30311;30312;30313;30314;30315;30316;30317>,<526;502;501;521;201;202;203;204;205;211;212;213;214;215;221;222;223;224;225;231;232;233;234;235;2101;2102;2103;451;452;19;850;851;gold>,<<cardsIDS;1>;<skinStamps;5>;<starItem;10>;<rarityHeldItem2;0.5>;<rarityHeldItem1;8>;<rarityHeldItem0;4>;<juexingItem;0.8>;<normalItem;70.7>>
2000,5,,,<30101;30102;30103;30104;30105;30106;30201;30202;30203;30204;30205;30206;30207;30208;30209;30301;30302;30303;30304;30305;30306;30307;30308;30309;30310;30311;30312;30313;30314;30315;30316;30317>,<536;502;501;521;201;202;203;204;205;211;212;213;214;215;221;222;223;224;225;231;232;233;234;235;2101;2102;2103;451;452;19;850;851;gold>,<<skinStamps;5>;<starItem;10>;<rarityHeldItem2;0.5>;<rarityHeldItem1;8>;<rarityHeldItem0;4>;<juexingItem;0.8>;<normalItem;76.7>>
3000,5,,,,<4000;4011;4012;4013;4021;4022;4023;4031;4032;4033;4041;4042;4043;4051;4052;4053;4061;4062;4063;4064;4071;4072;4073;4074;4081;4082;4083;4084;4085;4092;4093;4094;4095;4096;5101;5102;5103;5104;5105;5201;5202;5203;5204;5205;5301;5302;5303;5304;5305;5401;5402;5403;5404;5405;5406;5407;5408>,<<explorerID;5>;<explorer5;1>;<explorer4;5>;<explorer2;8>;<explorer2;8>;<explorer1;10>;<normalItem;60>>
4000,5,,<972>,<30425;30101;30102;30103;30104;30105;30106;30201;30202;30203;30204;30205;30206;30207;30208;30209;30301;30302;30303;30304;30305;30306;30307;30308;30309;30310;30311;30312;30313;30314;30315;30316;30317>,<526;502;501;521;201;202;203;204;205;211;212;213;214;215;221;222;223;224;225;231;232;233;234;235;2101;2102;2103;451;452;19;850;851;gold>,<<rarityCard3;2>;<skinStamps;5>;<starItem;10>;<rarityHeldItem3;0.5>;<rarityHeldItem2;0.5>;<rarityHeldItem1;8>;<rarityHeldItem0;4>;<juexingItem;0.8>;<normalItem;69.2>>
5002,5,,,,<4000;4011;4012;4013;4021;4022;4023;4031;4032;4033;4041;4042;4043;4051;4052;4053;4061;4062;4063;4064;4071;4072;4073;4074;5201;5202;5203;5204;5205>,<<explorerID;40>;<explorer4;5.5>;<explorer3;9>;<explorer2;15>;<explorer1;30>>
5101,5,,,<30434;30101;30102;30103;30104;30105;30106;30201;30202;30203;30204;30205;30206;30207;30208;30209;30301;30302;30303;30304;30305;30306;30307;30308;30309;30310;30311;30312;30313;30314;30315;30316;30317>,<536;502;501;521;201;202;203;204;205;211;212;213;214;215;221;222;223;224;225;231;232;233;234;235;2101;2102;2103;451;452;19;850;851;gold>,<<skinStamps;5>;<starItem;10>;<rarityHeldItem2;1>;<rarityHeldItem1;8>;<rarityHeldItem0;4>;<juexingItem;1>;<normalItem;70>>
