VariableName,markID,_beizhu1,_beizhu2,_beizhu3,_beizhu4,star,attrType1,attrValue1,attrType2,attrValue2
Defaults,0,,,,,0,0,"""""",0,""""""
ID,卡牌markID,精灵名字,第一属性,资质,初始星级,星级,加成属性类型1,加成属性值1,加成属性类型2,加成属性值2
1,13,,,,,1,1,0.00%,,
2,13,,,,,2,1,0.06%,,
3,13,,,,,3,1,0.11%,,
4,13,,,,,4,1,0.17%,,
5,13,,,,,5,1,0.28%,,
6,13,,,,,6,1,0.39%,,
7,13,,,,,7,1,0.56%,,
8,13,,,,,8,1,0.73%,,
9,13,,,,,9,1,0.95%,,
10,13,,,,,10,1,1.18%,,
11,13,,,,,11,1,1.40%,,
12,13,,,,,12,1,1.68%,,
13,13,,,,,13,1,1.83%,,
14,13,,,,,14,1,1.99%,,
15,13,,,,,15,1,2.14%,,
16,13,,,,,16,1,2.29%,,
17,13,,,,,17,1,2.44%,,
18,13,,,,,18,1,2.60%,,
19,13,,,,,19,1,2.75%,,
20,13,,,,,20,1,2.90%,,
21,13,,,,,21,1,3.05%,,
22,13,,,,,22,1,3.21%,,
23,13,,,,,23,1,3.36%,,
24,13,,,,,24,1,3.51%,,
25,44,,,,,1,7,0.00%,,
26,44,,,,,2,7,0.04%,,
27,44,,,,,3,7,0.06%,,
28,44,,,,,4,7,0.08%,,
29,44,,,,,5,7,0.12%,,
30,44,,,,,6,7,0.18%,,
31,44,,,,,7,7,0.24%,,
32,44,,,,,8,7,0.32%,,
33,44,,,,,9,7,0.40%,,
34,44,,,,,10,7,0.50%,,
35,44,,,,,11,7,0.60%,,
36,44,,,,,12,7,0.72%,,
37,44,,,,,13,7,0.79%,,
38,44,,,,,14,7,0.85%,,
39,44,,,,,15,7,0.92%,,
40,44,,,,,16,7,0.98%,,
41,44,,,,,17,7,1.05%,,
42,44,,,,,18,7,1.11%,,
43,44,,,,,19,7,1.18%,,
44,44,,,,,20,7,1.24%,,
45,44,,,,,21,7,1.31%,,
46,44,,,,,22,7,1.37%,,
47,44,,,,,23,7,1.44%,,
48,44,,,,,24,7,1.51%,,
49,53,,,,,1,10,0.00%,,
50,53,,,,,2,10,0.04%,,
51,53,,,,,3,10,0.06%,,
52,53,,,,,4,10,0.08%,,
53,53,,,,,5,10,0.12%,,
54,53,,,,,6,10,0.18%,,
55,53,,,,,7,10,0.24%,,
56,53,,,,,8,10,0.32%,,
57,53,,,,,9,10,0.40%,,
58,53,,,,,10,10,0.50%,,
59,53,,,,,11,10,0.60%,,
60,53,,,,,12,10,0.72%,,
61,53,,,,,13,10,0.79%,,
62,53,,,,,14,10,0.85%,,
63,53,,,,,15,10,0.92%,,
64,53,,,,,16,10,0.98%,,
65,53,,,,,17,10,1.05%,,
66,53,,,,,18,10,1.11%,,
67,53,,,,,19,10,1.18%,,
68,53,,,,,20,10,1.24%,,
69,53,,,,,21,10,1.31%,,
70,53,,,,,22,10,1.37%,,
71,53,,,,,23,10,1.44%,,
72,53,,,,,24,10,1.51%,,
73,82,,,,,1,1,0.00%,,
74,82,,,,,2,1,0.03%,,
75,82,,,,,3,1,0.04%,,
76,82,,,,,4,1,0.06%,,
77,82,,,,,5,1,0.08%,,
78,82,,,,,6,1,0.13%,,
79,82,,,,,7,1,0.17%,,
80,82,,,,,8,1,0.22%,,
81,82,,,,,9,1,0.28%,,
82,82,,,,,10,1,0.35%,,
83,82,,,,,11,1,0.42%,,
84,82,,,,,12,1,0.50%,,
85,82,,,,,13,1,0.55%,,
86,82,,,,,14,1,0.59%,,
87,82,,,,,15,1,0.64%,,
88,82,,,,,16,1,0.68%,,
89,82,,,,,17,1,0.73%,,
90,82,,,,,18,1,0.77%,,
91,82,,,,,19,1,0.82%,,
92,82,,,,,20,1,0.86%,,
93,82,,,,,21,1,0.91%,,
94,82,,,,,22,1,0.95%,,
95,82,,,,,23,1,1.00%,,
96,82,,,,,24,1,1.05%,,
97,163,,,,,1,9,0.00%,,
98,163,,,,,2,9,0.00%,,
99,163,,,,,3,9,0.10%,,
100,163,,,,,4,9,0.25%,,
101,163,,,,,5,9,0.40%,,
102,163,,,,,6,9,0.70%,,
103,163,,,,,7,9,1.00%,,
104,163,,,,,8,9,1.30%,,
105,163,,,,,9,9,1.75%,,
106,163,,,,,10,9,2.20%,,
107,163,,,,,11,9,2.65%,,
108,163,,,,,12,9,3.25%,,
109,163,,,,,13,9,3.55%,,
110,163,,,,,14,9,3.84%,,
111,163,,,,,15,9,4.14%,,
112,163,,,,,16,9,4.43%,,
113,163,,,,,17,9,4.73%,,
114,163,,,,,18,9,5.02%,,
115,163,,,,,19,9,5.32%,,
116,163,,,,,20,9,5.61%,,
117,163,,,,,21,9,5.91%,,
118,163,,,,,22,9,6.20%,,
119,163,,,,,23,9,6.50%,,
120,163,,,,,24,9,6.80%,,
121,242,,,,,1,9,0.00%,,
122,242,,,,,2,9,0.00%,,
123,242,,,,,3,9,0.10%,,
124,242,,,,,4,9,0.25%,,
125,242,,,,,5,9,0.40%,,
126,242,,,,,6,9,0.70%,,
127,242,,,,,7,9,1.00%,,
128,242,,,,,8,9,1.30%,,
129,242,,,,,9,9,1.75%,,
130,242,,,,,10,9,2.20%,,
131,242,,,,,11,9,2.65%,,
132,242,,,,,12,9,3.25%,,
133,242,,,,,13,9,3.55%,,
134,242,,,,,14,9,3.84%,,
135,242,,,,,15,9,4.14%,,
136,242,,,,,16,9,4.43%,,
137,242,,,,,17,9,4.73%,,
138,242,,,,,18,9,5.02%,,
139,242,,,,,19,9,5.32%,,
140,242,,,,,20,9,5.61%,,
141,242,,,,,21,9,5.91%,,
142,242,,,,,22,9,6.20%,,
143,242,,,,,23,9,6.50%,,
144,242,,,,,24,9,6.80%,,
145,263,,,,,1,13,0.00%,,
146,263,,,,,2,13,0.00%,,
147,263,,,,,3,13,0.00%,,
148,263,,,,,4,13,0.16%,,
149,263,,,,,5,13,0.48%,,
150,263,,,,,6,13,0.80%,,
151,263,,,,,7,13,1.44%,,
152,263,,,,,8,13,2.08%,,
153,263,,,,,9,13,2.72%,,
154,263,,,,,10,13,3.68%,,
155,263,,,,,11,13,4.64%,,
156,263,,,,,12,13,5.60%,,
157,263,,,,,13,13,6.11%,,
158,263,,,,,14,13,6.62%,,
159,263,,,,,15,13,7.13%,,
160,263,,,,,16,13,7.64%,,
161,263,,,,,17,13,8.15%,,
162,263,,,,,18,13,8.65%,,
163,263,,,,,19,13,9.16%,,
164,263,,,,,20,13,9.67%,,
165,263,,,,,21,13,10.18%,,
166,263,,,,,22,13,10.69%,,
167,263,,,,,23,13,11.20%,,
168,263,,,,,24,13,11.71%,,
169,273,,,,,1,10,0.00%,,
170,273,,,,,2,10,0.08%,,
171,273,,,,,3,10,0.16%,,
172,273,,,,,4,10,0.24%,,
173,273,,,,,5,10,0.40%,,
174,273,,,,,6,10,0.56%,,
175,273,,,,,7,10,0.80%,,
176,273,,,,,8,10,1.04%,,
177,273,,,,,9,10,1.36%,,
178,273,,,,,10,10,1.68%,,
179,273,,,,,11,10,2.00%,,
180,273,,,,,12,10,2.40%,,
181,273,,,,,13,10,2.62%,,
182,273,,,,,14,10,2.84%,,
183,273,,,,,15,10,3.05%,,
184,273,,,,,16,10,3.27%,,
185,273,,,,,17,10,3.49%,,
186,273,,,,,18,10,3.71%,,
187,273,,,,,19,10,3.93%,,
188,273,,,,,20,10,4.15%,,
189,273,,,,,21,10,4.36%,,
190,273,,,,,22,10,4.58%,,
191,273,,,,,23,10,4.80%,,
192,273,,,,,24,10,5.02%,,
193,333,,,,,1,8,0.00%,,
194,333,,,,,2,8,0.00%,,
195,333,,,,,3,8,0.10%,,
196,333,,,,,4,8,0.25%,,
197,333,,,,,5,8,0.40%,,
198,333,,,,,6,8,0.70%,,
199,333,,,,,7,8,1.00%,,
200,333,,,,,8,8,1.30%,,
201,333,,,,,9,8,1.75%,,
202,333,,,,,10,8,2.20%,,
203,333,,,,,11,8,2.65%,,
204,333,,,,,12,8,3.25%,,
205,333,,,,,13,8,3.55%,,
206,333,,,,,14,8,3.84%,,
207,333,,,,,15,8,4.14%,,
208,333,,,,,16,8,4.43%,,
209,333,,,,,17,8,4.73%,,
210,333,,,,,18,8,5.02%,,
211,333,,,,,19,8,5.32%,,
212,333,,,,,20,8,5.61%,,
213,333,,,,,21,8,5.91%,,
214,333,,,,,22,8,6.20%,,
215,333,,,,,23,8,6.50%,,
216,333,,,,,24,8,6.80%,,
217,393,,,,,1,8,0.00%,,
218,393,,,,,2,8,0.00%,,
219,393,,,,,3,8,0.00%,,
220,393,,,,,4,8,0.16%,,
221,393,,,,,5,8,0.48%,,
222,393,,,,,6,8,0.80%,,
223,393,,,,,7,8,1.44%,,
224,393,,,,,8,8,2.08%,,
225,393,,,,,9,8,2.72%,,
226,393,,,,,10,8,3.68%,,
227,393,,,,,11,8,4.64%,,
228,393,,,,,12,8,5.60%,,
229,393,,,,,13,8,6.11%,,
230,393,,,,,14,8,6.62%,,
231,393,,,,,15,8,7.13%,,
232,393,,,,,16,8,7.64%,,
233,393,,,,,17,8,8.15%,,
234,393,,,,,18,8,8.65%,,
235,393,,,,,19,8,9.16%,,
236,393,,,,,20,8,9.67%,,
237,393,,,,,21,8,10.18%,,
238,393,,,,,22,8,10.69%,,
239,393,,,,,23,8,11.20%,,
240,393,,,,,24,8,11.71%,,
241,402,,,,,1,8,0.00%,,
242,402,,,,,2,8,0.08%,,
243,402,,,,,3,8,0.16%,,
244,402,,,,,4,8,0.24%,,
245,402,,,,,5,8,0.40%,,
246,402,,,,,6,8,0.56%,,
247,402,,,,,7,8,0.80%,,
248,402,,,,,8,8,1.04%,,
249,402,,,,,9,8,1.36%,,
250,402,,,,,10,8,1.68%,,
251,402,,,,,11,8,2.00%,,
252,402,,,,,12,8,2.40%,,
253,402,,,,,13,8,2.62%,,
254,402,,,,,14,8,2.84%,,
255,402,,,,,15,8,3.05%,,
256,402,,,,,16,8,3.27%,,
257,402,,,,,17,8,3.49%,,
258,402,,,,,18,8,3.71%,,
259,402,,,,,19,8,3.93%,,
260,402,,,,,20,8,4.15%,,
261,402,,,,,21,8,4.36%,,
262,402,,,,,22,8,4.58%,,
263,402,,,,,23,8,4.80%,,
264,402,,,,,24,8,5.02%,,
265,493,,,,,1,7,0.00%,,
266,493,,,,,2,7,0.08%,,
267,493,,,,,3,7,0.16%,,
268,493,,,,,4,7,0.24%,,
269,493,,,,,5,7,0.40%,,
270,493,,,,,6,7,0.56%,,
271,493,,,,,7,7,0.80%,,
272,493,,,,,8,7,1.04%,,
273,493,,,,,9,7,1.36%,,
274,493,,,,,10,7,1.68%,,
275,493,,,,,11,7,2.00%,,
276,493,,,,,12,7,2.40%,,
277,493,,,,,13,7,2.62%,,
278,493,,,,,14,7,2.84%,,
279,493,,,,,15,7,3.05%,,
280,493,,,,,16,7,3.27%,,
281,493,,,,,17,7,3.49%,,
282,493,,,,,18,7,3.71%,,
283,493,,,,,19,7,3.93%,,
284,493,,,,,20,7,4.15%,,
285,493,,,,,21,7,4.36%,,
286,493,,,,,22,7,4.58%,,
287,493,,,,,23,7,4.80%,,
288,493,,,,,24,7,5.02%,,
289,503,,,,,1,1,0.00%,,
290,503,,,,,2,1,0.00%,,
291,503,,,,,3,1,0.07%,,
292,503,,,,,4,1,0.18%,,
293,503,,,,,5,1,0.28%,,
294,503,,,,,6,1,0.49%,,
295,503,,,,,7,1,0.70%,,
296,503,,,,,8,1,0.91%,,
297,503,,,,,9,1,1.23%,,
298,503,,,,,10,1,1.54%,,
299,503,,,,,11,1,1.86%,,
300,503,,,,,12,1,2.28%,,
301,503,,,,,13,1,2.49%,,
302,503,,,,,14,1,2.69%,,
303,503,,,,,15,1,2.90%,,
304,503,,,,,16,1,3.11%,,
305,503,,,,,17,1,3.32%,,
306,503,,,,,18,1,3.52%,,
307,503,,,,,19,1,3.73%,,
308,503,,,,,20,1,3.94%,,
309,503,,,,,21,1,4.15%,,
310,503,,,,,22,1,4.35%,,
311,503,,,,,23,1,4.56%,,
312,503,,,,,24,1,4.77%,,
313,552,,,,,1,7,0.00%,,
314,552,,,,,2,7,0.08%,,
315,552,,,,,3,7,0.16%,,
316,552,,,,,4,7,0.24%,,
317,552,,,,,5,7,0.40%,,
318,552,,,,,6,7,0.56%,,
319,552,,,,,7,7,0.80%,,
320,552,,,,,8,7,1.04%,,
321,552,,,,,9,7,1.36%,,
322,552,,,,,10,7,1.68%,,
323,552,,,,,11,7,2.00%,,
324,552,,,,,12,7,2.40%,,
325,552,,,,,13,7,2.62%,,
326,552,,,,,14,7,2.84%,,
327,552,,,,,15,7,3.05%,,
328,552,,,,,16,7,3.27%,,
329,552,,,,,17,7,3.49%,,
330,552,,,,,18,7,3.71%,,
331,552,,,,,19,7,3.93%,,
332,552,,,,,20,7,4.15%,,
333,552,,,,,21,7,4.36%,,
334,552,,,,,22,7,4.58%,,
335,552,,,,,23,7,4.80%,,
336,552,,,,,24,7,5.02%,,
337,572,,,,,1,7,0.00%,,
338,572,,,,,2,7,0.00%,,
339,572,,,,,3,7,0.00%,,
340,572,,,,,4,7,0.16%,,
341,572,,,,,5,7,0.48%,,
342,572,,,,,6,7,0.80%,,
343,572,,,,,7,7,1.44%,,
344,572,,,,,8,7,2.08%,,
345,572,,,,,9,7,2.72%,,
346,572,,,,,10,7,3.68%,,
347,572,,,,,11,7,4.64%,,
348,572,,,,,12,7,5.60%,,
349,572,,,,,13,7,6.11%,,
350,572,,,,,14,7,6.62%,,
351,572,,,,,15,7,7.13%,,
352,572,,,,,16,7,7.64%,,
353,572,,,,,17,7,8.15%,,
354,572,,,,,18,7,8.65%,,
355,572,,,,,19,7,9.16%,,
356,572,,,,,20,7,9.67%,,
357,572,,,,,21,7,10.18%,,
358,572,,,,,22,7,10.69%,,
359,572,,,,,23,7,11.20%,,
360,572,,,,,24,7,11.71%,,
361,593,,,,,1,9,0.00%,,
362,593,,,,,2,9,0.00%,,
363,593,,,,,3,9,0.10%,,
364,593,,,,,4,9,0.25%,,
365,593,,,,,5,9,0.40%,,
366,593,,,,,6,9,0.70%,,
367,593,,,,,7,9,1.00%,,
368,593,,,,,8,9,1.30%,,
369,593,,,,,9,9,1.75%,,
370,593,,,,,10,9,2.20%,,
371,593,,,,,11,9,2.65%,,
372,593,,,,,12,9,3.25%,,
373,593,,,,,13,9,3.55%,,
374,593,,,,,14,9,3.84%,,
375,593,,,,,15,9,4.14%,,
376,593,,,,,16,9,4.43%,,
377,593,,,,,17,9,4.73%,,
378,593,,,,,18,9,5.02%,,
379,593,,,,,19,9,5.32%,,
380,593,,,,,20,9,5.61%,,
381,593,,,,,21,9,5.91%,,
382,593,,,,,22,9,6.20%,,
383,593,,,,,23,9,6.50%,,
384,593,,,,,24,9,6.80%,,
385,603,,,,,1,7,0.00%,,
386,603,,,,,2,7,0.00%,,
387,603,,,,,3,7,0.10%,,
388,603,,,,,4,7,0.25%,,
389,603,,,,,5,7,0.40%,,
390,603,,,,,6,7,0.70%,,
391,603,,,,,7,7,1.00%,,
392,603,,,,,8,7,1.30%,,
393,603,,,,,9,7,1.75%,,
394,603,,,,,10,7,2.20%,,
395,603,,,,,11,7,2.65%,,
396,603,,,,,12,7,3.25%,,
397,603,,,,,13,7,3.55%,,
398,603,,,,,14,7,3.84%,,
399,603,,,,,15,7,4.14%,,
400,603,,,,,16,7,4.43%,,
401,603,,,,,17,7,4.73%,,
402,603,,,,,18,7,5.02%,,
403,603,,,,,19,7,5.32%,,
404,603,,,,,20,7,5.61%,,
405,603,,,,,21,7,5.91%,,
406,603,,,,,22,7,6.20%,,
407,603,,,,,23,7,6.50%,,
408,603,,,,,24,7,6.80%,,
409,611,,,,,1,8,0.00%,,
410,611,,,,,2,8,0.00%,,
411,611,,,,,3,8,0.10%,,
412,611,,,,,4,8,0.25%,,
413,611,,,,,5,8,0.40%,,
414,611,,,,,6,8,0.70%,,
415,611,,,,,7,8,1.00%,,
416,611,,,,,8,8,1.30%,,
417,611,,,,,9,8,1.75%,,
418,611,,,,,10,8,2.20%,,
419,611,,,,,11,8,2.65%,,
420,611,,,,,12,8,3.25%,,
421,611,,,,,13,8,3.55%,,
422,611,,,,,14,8,3.84%,,
423,611,,,,,15,8,4.14%,,
424,611,,,,,16,8,4.43%,,
425,611,,,,,17,8,4.73%,,
426,611,,,,,18,8,5.02%,,
427,611,,,,,19,8,5.32%,,
428,611,,,,,20,8,5.61%,,
429,611,,,,,21,8,5.91%,,
430,611,,,,,22,8,6.20%,,
431,611,,,,,23,8,6.50%,,
432,611,,,,,24,8,6.80%,,
433,631,,,,,1,9,0.00%,,
434,631,,,,,2,9,0.00%,,
435,631,,,,,3,9,0.10%,,
436,631,,,,,4,9,0.25%,,
437,631,,,,,5,9,0.40%,,
438,631,,,,,6,9,0.70%,,
439,631,,,,,7,9,1.00%,,
440,631,,,,,8,9,1.30%,,
441,631,,,,,9,9,1.75%,,
442,631,,,,,10,9,2.20%,,
443,631,,,,,11,9,2.65%,,
444,631,,,,,12,9,3.25%,,
445,631,,,,,13,9,3.55%,,
446,631,,,,,14,9,3.84%,,
447,631,,,,,15,9,4.14%,,
448,631,,,,,16,9,4.43%,,
449,631,,,,,17,9,4.73%,,
450,631,,,,,18,9,5.02%,,
451,631,,,,,19,9,5.32%,,
452,631,,,,,20,9,5.61%,,
453,631,,,,,21,9,5.91%,,
454,631,,,,,22,9,6.20%,,
455,631,,,,,23,9,6.50%,,
456,631,,,,,24,9,6.80%,,
457,641,,,,,1,9,0.00%,,
458,641,,,,,2,9,0.00%,,
459,641,,,,,3,9,0.10%,,
460,641,,,,,4,9,0.25%,,
461,641,,,,,5,9,0.40%,,
462,641,,,,,6,9,0.70%,,
463,641,,,,,7,9,1.00%,,
464,641,,,,,8,9,1.30%,,
465,641,,,,,9,9,1.75%,,
466,641,,,,,10,9,2.20%,,
467,641,,,,,11,9,2.65%,,
468,641,,,,,12,9,3.25%,,
469,641,,,,,13,9,3.55%,,
470,641,,,,,14,9,3.84%,,
471,641,,,,,15,9,4.14%,,
472,641,,,,,16,9,4.43%,,
473,641,,,,,17,9,4.73%,,
474,641,,,,,18,9,5.02%,,
475,641,,,,,19,9,5.32%,,
476,641,,,,,20,9,5.61%,,
477,641,,,,,21,9,5.91%,,
478,641,,,,,22,9,6.20%,,
479,641,,,,,23,9,6.50%,,
480,641,,,,,24,9,6.80%,,
481,692,,,,,1,7,0.00%,,
482,692,,,,,2,7,0.04%,,
483,692,,,,,3,7,0.06%,,
484,692,,,,,4,7,0.08%,,
485,692,,,,,5,7,0.12%,,
486,692,,,,,6,7,0.18%,,
487,692,,,,,7,7,0.24%,,
488,692,,,,,8,7,0.32%,,
489,692,,,,,9,7,0.40%,,
490,692,,,,,10,7,0.50%,,
491,692,,,,,11,7,0.60%,,
492,692,,,,,12,7,0.72%,,
493,692,,,,,13,7,0.79%,,
494,692,,,,,14,7,0.85%,,
495,692,,,,,15,7,0.92%,,
496,692,,,,,16,7,0.98%,,
497,692,,,,,17,7,1.05%,,
498,692,,,,,18,7,1.11%,,
499,692,,,,,19,7,1.18%,,
500,692,,,,,20,7,1.24%,,
501,692,,,,,21,7,1.31%,,
502,692,,,,,22,7,1.37%,,
503,692,,,,,23,7,1.44%,,
504,692,,,,,24,7,1.51%,,
505,701,,,,,1,10,0.00%,,
506,701,,,,,2,10,0.00%,,
507,701,,,,,3,10,0.00%,,
508,701,,,,,4,10,0.16%,,
509,701,,,,,5,10,0.48%,,
510,701,,,,,6,10,0.80%,,
511,701,,,,,7,10,1.44%,,
512,701,,,,,8,10,2.08%,,
513,701,,,,,9,10,2.72%,,
514,701,,,,,10,10,3.68%,,
515,701,,,,,11,10,4.64%,,
516,701,,,,,12,10,5.60%,,
517,701,,,,,13,10,6.11%,,
518,701,,,,,14,10,6.62%,,
519,701,,,,,15,10,7.13%,,
520,701,,,,,16,10,7.64%,,
521,701,,,,,17,10,8.15%,,
522,701,,,,,18,10,8.65%,,
523,701,,,,,19,10,9.16%,,
524,701,,,,,20,10,9.67%,,
525,701,,,,,21,10,10.18%,,
526,701,,,,,22,10,10.69%,,
527,701,,,,,23,10,11.20%,,
528,701,,,,,24,10,11.71%,,
529,712,,,,,1,7,0.00%,,
530,712,,,,,2,7,0.00%,,
531,712,,,,,3,7,0.10%,,
532,712,,,,,4,7,0.25%,,
533,712,,,,,5,7,0.40%,,
534,712,,,,,6,7,0.70%,,
535,712,,,,,7,7,1.00%,,
536,712,,,,,8,7,1.30%,,
537,712,,,,,9,7,1.75%,,
538,712,,,,,10,7,2.20%,,
539,712,,,,,11,7,2.65%,,
540,712,,,,,12,7,3.25%,,
541,712,,,,,13,7,3.55%,,
542,712,,,,,14,7,3.84%,,
543,712,,,,,15,7,4.14%,,
544,712,,,,,16,7,4.43%,,
545,712,,,,,17,7,4.73%,,
546,712,,,,,18,7,5.02%,,
547,712,,,,,19,7,5.32%,,
548,712,,,,,20,7,5.61%,,
549,712,,,,,21,7,5.91%,,
550,712,,,,,22,7,6.20%,,
551,712,,,,,23,7,6.50%,,
552,712,,,,,24,7,6.80%,,
553,721,,,,,1,10,0.00%,,
554,721,,,,,2,10,0.00%,,
555,721,,,,,3,10,0.00%,,
556,721,,,,,4,10,0.16%,,
557,721,,,,,5,10,0.48%,,
558,721,,,,,6,10,0.80%,,
559,721,,,,,7,10,1.44%,,
560,721,,,,,8,10,2.08%,,
561,721,,,,,9,10,2.72%,,
562,721,,,,,10,10,3.68%,,
563,721,,,,,11,10,4.64%,,
564,721,,,,,12,10,5.60%,,
565,721,,,,,13,10,6.11%,,
566,721,,,,,14,10,6.62%,,
567,721,,,,,15,10,7.13%,,
568,721,,,,,16,10,7.64%,,
569,721,,,,,17,10,8.15%,,
570,721,,,,,18,10,8.65%,,
571,721,,,,,19,10,9.16%,,
572,721,,,,,20,10,9.67%,,
573,721,,,,,21,10,10.18%,,
574,721,,,,,22,10,10.69%,,
575,721,,,,,23,10,11.20%,,
576,721,,,,,24,10,11.71%,,
577,731,,,,,1,10,0.00%,,
578,731,,,,,2,10,0.00%,,
579,731,,,,,3,10,0.10%,,
580,731,,,,,4,10,0.25%,,
581,731,,,,,5,10,0.40%,,
582,731,,,,,6,10,0.70%,,
583,731,,,,,7,10,1.00%,,
584,731,,,,,8,10,1.30%,,
585,731,,,,,9,10,1.75%,,
586,731,,,,,10,10,2.20%,,
587,731,,,,,11,10,2.65%,,
588,731,,,,,12,10,3.25%,,
589,731,,,,,13,10,3.55%,,
590,731,,,,,14,10,3.84%,,
591,731,,,,,15,10,4.14%,,
592,731,,,,,16,10,4.43%,,
593,731,,,,,17,10,4.73%,,
594,731,,,,,18,10,5.02%,,
595,731,,,,,19,10,5.32%,,
596,731,,,,,20,10,5.61%,,
597,731,,,,,21,10,5.91%,,
598,731,,,,,22,10,6.20%,,
599,731,,,,,23,10,6.50%,,
600,731,,,,,24,10,6.80%,,
601,741,,,,,1,7,0.00%,,
602,741,,,,,2,7,0.00%,,
603,741,,,,,3,7,0.10%,,
604,741,,,,,4,7,0.25%,,
605,741,,,,,5,7,0.40%,,
606,741,,,,,6,7,0.70%,,
607,741,,,,,7,7,1.00%,,
608,741,,,,,8,7,1.30%,,
609,741,,,,,9,7,1.75%,,
610,741,,,,,10,7,2.20%,,
611,741,,,,,11,7,2.65%,,
612,741,,,,,12,7,3.25%,,
613,741,,,,,13,7,3.55%,,
614,741,,,,,14,7,3.84%,,
615,741,,,,,15,7,4.14%,,
616,741,,,,,16,7,4.43%,,
617,741,,,,,17,7,4.73%,,
618,741,,,,,18,7,5.02%,,
619,741,,,,,19,7,5.32%,,
620,741,,,,,20,7,5.61%,,
621,741,,,,,21,7,5.91%,,
622,741,,,,,22,7,6.20%,,
623,741,,,,,23,7,6.50%,,
624,741,,,,,24,7,6.80%,,
625,771,,,,,1,10,0.00%,,
626,771,,,,,2,10,0.00%,,
627,771,,,,,3,10,0.00%,,
628,771,,,,,4,10,0.16%,,
629,771,,,,,5,10,0.48%,,
630,771,,,,,6,10,0.80%,,
631,771,,,,,7,10,1.44%,,
632,771,,,,,8,10,2.08%,,
633,771,,,,,9,10,2.72%,,
634,771,,,,,10,10,3.68%,,
635,771,,,,,11,10,4.64%,,
636,771,,,,,12,10,5.60%,,
637,771,,,,,13,10,6.11%,,
638,771,,,,,14,10,6.62%,,
639,771,,,,,15,10,7.13%,,
640,771,,,,,16,10,7.64%,,
641,771,,,,,17,10,8.15%,,
642,771,,,,,18,10,8.65%,,
643,771,,,,,19,10,9.16%,,
644,771,,,,,20,10,9.67%,,
645,771,,,,,21,10,10.18%,,
646,771,,,,,22,10,10.69%,,
647,771,,,,,23,10,11.20%,,
648,771,,,,,24,10,11.71%,,
649,793,,,,,1,8,0.00%,,
650,793,,,,,2,8,0.08%,,
651,793,,,,,3,8,0.16%,,
652,793,,,,,4,8,0.24%,,
653,793,,,,,5,8,0.40%,,
654,793,,,,,6,8,0.56%,,
655,793,,,,,7,8,0.80%,,
656,793,,,,,8,8,1.04%,,
657,793,,,,,9,8,1.36%,,
658,793,,,,,10,8,1.68%,,
659,793,,,,,11,8,2.00%,,
660,793,,,,,12,8,2.40%,,
661,793,,,,,13,8,2.62%,,
662,793,,,,,14,8,2.84%,,
663,793,,,,,15,8,3.05%,,
664,793,,,,,16,8,3.27%,,
665,793,,,,,17,8,3.49%,,
666,793,,,,,18,8,3.71%,,
667,793,,,,,19,8,3.93%,,
668,793,,,,,20,8,4.15%,,
669,793,,,,,21,8,4.36%,,
670,793,,,,,22,8,4.58%,,
671,793,,,,,23,8,4.80%,,
672,793,,,,,24,8,5.02%,,
673,863,,,,,1,7,0.00%,,
674,863,,,,,2,7,0.00%,,
675,863,,,,,3,7,0.10%,,
676,863,,,,,4,7,0.25%,,
677,863,,,,,5,7,0.40%,,
678,863,,,,,6,7,0.70%,,
679,863,,,,,7,7,1.00%,,
680,863,,,,,8,7,1.30%,,
681,863,,,,,9,7,1.75%,,
682,863,,,,,10,7,2.20%,,
683,863,,,,,11,7,2.65%,,
684,863,,,,,12,7,3.25%,,
685,863,,,,,13,7,3.55%,,
686,863,,,,,14,7,3.84%,,
687,863,,,,,15,7,4.14%,,
688,863,,,,,16,7,4.43%,,
689,863,,,,,17,7,4.73%,,
690,863,,,,,18,7,5.02%,,
691,863,,,,,19,7,5.32%,,
692,863,,,,,20,7,5.61%,,
693,863,,,,,21,7,5.91%,,
694,863,,,,,22,7,6.20%,,
695,863,,,,,23,7,6.50%,,
696,863,,,,,24,7,6.80%,,
697,883,,,,,1,9,0.00%,,
698,883,,,,,2,9,0.00%,,
699,883,,,,,3,9,0.10%,,
700,883,,,,,4,9,0.25%,,
701,883,,,,,5,9,0.40%,,
702,883,,,,,6,9,0.70%,,
703,883,,,,,7,9,1.00%,,
704,883,,,,,8,9,1.30%,,
705,883,,,,,9,9,1.75%,,
706,883,,,,,10,9,2.20%,,
707,883,,,,,11,9,2.65%,,
708,883,,,,,12,9,3.25%,,
709,883,,,,,13,9,3.55%,,
710,883,,,,,14,9,3.84%,,
711,883,,,,,15,9,4.14%,,
712,883,,,,,16,9,4.43%,,
713,883,,,,,17,9,4.73%,,
714,883,,,,,18,9,5.02%,,
715,883,,,,,19,9,5.32%,,
716,883,,,,,20,9,5.61%,,
717,883,,,,,21,9,5.91%,,
718,883,,,,,22,9,6.20%,,
719,883,,,,,23,9,6.50%,,
720,883,,,,,24,9,6.80%,,
721,972,,,,,1,9,0.00%,,
722,972,,,,,2,9,0.00%,,
723,972,,,,,3,9,0.10%,,
724,972,,,,,4,9,0.25%,,
725,972,,,,,5,9,0.40%,,
726,972,,,,,6,9,0.70%,,
727,972,,,,,7,9,1.00%,,
728,972,,,,,8,9,1.30%,,
729,972,,,,,9,9,1.75%,,
730,972,,,,,10,9,2.20%,,
731,972,,,,,11,9,2.65%,,
732,972,,,,,12,9,3.25%,,
733,972,,,,,13,9,3.55%,,
734,972,,,,,14,9,3.84%,,
735,972,,,,,15,9,4.14%,,
736,972,,,,,16,9,4.43%,,
737,972,,,,,17,9,4.73%,,
738,972,,,,,18,9,5.02%,,
739,972,,,,,19,9,5.32%,,
740,972,,,,,20,9,5.61%,,
741,972,,,,,21,9,5.91%,,
742,972,,,,,22,9,6.20%,,
743,972,,,,,23,9,6.50%,,
744,972,,,,,24,9,6.80%,,
745,1032,,,,,1,9,0.00%,,
746,1032,,,,,2,9,0.00%,,
747,1032,,,,,3,9,0.10%,,
748,1032,,,,,4,9,0.25%,,
749,1032,,,,,5,9,0.40%,,
750,1032,,,,,6,9,0.70%,,
751,1032,,,,,7,9,1.00%,,
752,1032,,,,,8,9,1.30%,,
753,1032,,,,,9,9,1.75%,,
754,1032,,,,,10,9,2.20%,,
755,1032,,,,,11,9,2.65%,,
756,1032,,,,,12,9,3.25%,,
757,1032,,,,,13,9,3.55%,,
758,1032,,,,,14,9,3.84%,,
759,1032,,,,,15,9,4.14%,,
760,1032,,,,,16,9,4.43%,,
761,1032,,,,,17,9,4.73%,,
762,1032,,,,,18,9,5.02%,,
763,1032,,,,,19,9,5.32%,,
764,1032,,,,,20,9,5.61%,,
765,1032,,,,,21,9,5.91%,,
766,1032,,,,,22,9,6.20%,,
767,1032,,,,,23,9,6.50%,,
768,1032,,,,,24,9,6.80%,,
769,1071,,,,,1,13,0.00%,,
770,1071,,,,,2,13,0.00%,,
771,1071,,,,,3,13,0.10%,,
772,1071,,,,,4,13,0.25%,,
773,1071,,,,,5,13,0.40%,,
774,1071,,,,,6,13,0.70%,,
775,1071,,,,,7,13,1.00%,,
776,1071,,,,,8,13,1.30%,,
777,1071,,,,,9,13,1.75%,,
778,1071,,,,,10,13,2.20%,,
779,1071,,,,,11,13,2.65%,,
780,1071,,,,,12,13,3.25%,,
781,1071,,,,,13,13,3.55%,,
782,1071,,,,,14,13,3.84%,,
783,1071,,,,,15,13,4.14%,,
784,1071,,,,,16,13,4.43%,,
785,1071,,,,,17,13,4.73%,,
786,1071,,,,,18,13,5.02%,,
787,1071,,,,,19,13,5.32%,,
788,1071,,,,,20,13,5.61%,,
789,1071,,,,,21,13,5.91%,,
790,1071,,,,,22,13,6.20%,,
791,1071,,,,,23,13,6.50%,,
792,1071,,,,,24,13,6.80%,,
793,1082,,,,,1,8,0.00%,,
794,1082,,,,,2,8,0.00%,,
795,1082,,,,,3,8,0.10%,,
796,1082,,,,,4,8,0.25%,,
797,1082,,,,,5,8,0.40%,,
798,1082,,,,,6,8,0.70%,,
799,1082,,,,,7,8,1.00%,,
800,1082,,,,,8,8,1.30%,,
801,1082,,,,,9,8,1.75%,,
802,1082,,,,,10,8,2.20%,,
803,1082,,,,,11,8,2.65%,,
804,1082,,,,,12,8,3.25%,,
805,1082,,,,,13,8,3.55%,,
806,1082,,,,,14,8,3.84%,,
807,1082,,,,,15,8,4.14%,,
808,1082,,,,,16,8,4.43%,,
809,1082,,,,,17,8,4.73%,,
810,1082,,,,,18,8,5.02%,,
811,1082,,,,,19,8,5.32%,,
812,1082,,,,,20,8,5.61%,,
813,1082,,,,,21,8,5.91%,,
814,1082,,,,,22,8,6.20%,,
815,1082,,,,,23,8,6.50%,,
816,1082,,,,,24,8,6.80%,,
817,1173,,,,,1,7,0.00%,,
818,1173,,,,,2,7,0.00%,,
819,1173,,,,,3,7,0.00%,,
820,1173,,,,,4,7,0.16%,,
821,1173,,,,,5,7,0.48%,,
822,1173,,,,,6,7,0.80%,,
823,1173,,,,,7,7,1.44%,,
824,1173,,,,,8,7,2.08%,,
825,1173,,,,,9,7,2.72%,,
826,1173,,,,,10,7,3.68%,,
827,1173,,,,,11,7,4.64%,,
828,1173,,,,,12,7,5.60%,,
829,1173,,,,,13,7,6.11%,,
830,1173,,,,,14,7,6.62%,,
831,1173,,,,,15,7,7.13%,,
832,1173,,,,,16,7,7.64%,,
833,1173,,,,,17,7,8.15%,,
834,1173,,,,,18,7,8.65%,,
835,1173,,,,,19,7,9.16%,,
836,1173,,,,,20,7,9.67%,,
837,1173,,,,,21,7,10.18%,,
838,1173,,,,,22,7,10.69%,,
839,1173,,,,,23,7,11.20%,,
840,1173,,,,,24,7,11.71%,,
841,1221,,,,,1,9,0.00%,,
842,1221,,,,,2,9,0.00%,,
843,1221,,,,,3,9,0.10%,,
844,1221,,,,,4,9,0.25%,,
845,1221,,,,,5,9,0.40%,,
846,1221,,,,,6,9,0.70%,,
847,1221,,,,,7,9,1.00%,,
848,1221,,,,,8,9,1.30%,,
849,1221,,,,,9,9,1.75%,,
850,1221,,,,,10,9,2.20%,,
851,1221,,,,,11,9,2.65%,,
852,1221,,,,,12,9,3.25%,,
853,1221,,,,,13,9,3.55%,,
854,1221,,,,,14,9,3.84%,,
855,1221,,,,,15,9,4.14%,,
856,1221,,,,,16,9,4.43%,,
857,1221,,,,,17,9,4.73%,,
858,1221,,,,,18,9,5.02%,,
859,1221,,,,,19,9,5.32%,,
860,1221,,,,,20,9,5.61%,,
861,1221,,,,,21,9,5.91%,,
862,1221,,,,,22,9,6.20%,,
863,1221,,,,,23,9,6.50%,,
864,1221,,,,,24,9,6.80%,,
865,1231,,,,,1,8,0.00%,,
866,1231,,,,,2,8,0.00%,,
867,1231,,,,,3,8,0.00%,,
868,1231,,,,,4,8,0.16%,,
869,1231,,,,,5,8,0.48%,,
870,1231,,,,,6,8,0.80%,,
871,1231,,,,,7,8,1.44%,,
872,1231,,,,,8,8,2.08%,,
873,1231,,,,,9,8,2.72%,,
874,1231,,,,,10,8,3.68%,,
875,1231,,,,,11,8,4.64%,,
876,1231,,,,,12,8,5.60%,,
877,1231,,,,,13,8,6.11%,,
878,1231,,,,,14,8,6.62%,,
879,1231,,,,,15,8,7.13%,,
880,1231,,,,,16,8,7.64%,,
881,1231,,,,,17,8,8.15%,,
882,1231,,,,,18,8,8.65%,,
883,1231,,,,,19,8,9.16%,,
884,1231,,,,,20,8,9.67%,,
885,1231,,,,,21,8,10.18%,,
886,1231,,,,,22,8,10.69%,,
887,1231,,,,,23,8,11.20%,,
888,1231,,,,,24,8,11.71%,,
889,1241,,,,,1,1,0.00%,,
890,1241,,,,,2,1,0.00%,,
891,1241,,,,,3,1,0.00%,,
892,1241,,,,,4,1,0.16%,,
893,1241,,,,,5,1,0.48%,,
894,1241,,,,,6,1,0.80%,,
895,1241,,,,,7,1,1.44%,,
896,1241,,,,,8,1,2.08%,,
897,1241,,,,,9,1,2.72%,,
898,1241,,,,,10,1,3.68%,,
899,1241,,,,,11,1,4.64%,,
900,1241,,,,,12,1,5.60%,,
901,1241,,,,,13,1,6.11%,,
902,1241,,,,,14,1,6.62%,,
903,1241,,,,,15,1,7.13%,,
904,1241,,,,,16,1,7.64%,,
905,1241,,,,,17,1,8.15%,,
906,1241,,,,,18,1,8.65%,,
907,1241,,,,,19,1,9.16%,,
908,1241,,,,,20,1,9.67%,,
909,1241,,,,,21,1,10.18%,,
910,1241,,,,,22,1,10.69%,,
911,1241,,,,,23,1,11.20%,,
912,1241,,,,,24,1,11.71%,,
913,1253,,,,,1,10,0.00%,,
914,1253,,,,,2,10,0.00%,,
915,1253,,,,,3,10,0.10%,,
916,1253,,,,,4,10,0.25%,,
917,1253,,,,,5,10,0.40%,,
918,1253,,,,,6,10,0.70%,,
919,1253,,,,,7,10,1.00%,,
920,1253,,,,,8,10,1.30%,,
921,1253,,,,,9,10,1.75%,,
922,1253,,,,,10,10,2.20%,,
923,1253,,,,,11,10,2.65%,,
924,1253,,,,,12,10,3.25%,,
925,1253,,,,,13,10,3.55%,,
926,1253,,,,,14,10,3.84%,,
927,1253,,,,,15,10,4.14%,,
928,1253,,,,,16,10,4.43%,,
929,1253,,,,,17,10,4.73%,,
930,1253,,,,,18,10,5.02%,,
931,1253,,,,,19,10,5.32%,,
932,1253,,,,,20,10,5.61%,,
933,1253,,,,,21,10,5.91%,,
934,1253,,,,,22,10,6.20%,,
935,1253,,,,,23,10,6.50%,,
936,1253,,,,,24,10,6.80%,,
937,1293,,,,,1,8,0.00%,,
938,1293,,,,,2,8,0.00%,,
939,1293,,,,,3,8,0.10%,,
940,1293,,,,,4,8,0.25%,,
941,1293,,,,,5,8,0.40%,,
942,1293,,,,,6,8,0.70%,,
943,1293,,,,,7,8,1.00%,,
944,1293,,,,,8,8,1.30%,,
945,1293,,,,,9,8,1.75%,,
946,1293,,,,,10,8,2.20%,,
947,1293,,,,,11,8,2.65%,,
948,1293,,,,,12,8,3.25%,,
949,1293,,,,,13,8,3.55%,,
950,1293,,,,,14,8,3.84%,,
951,1293,,,,,15,8,4.14%,,
952,1293,,,,,16,8,4.43%,,
953,1293,,,,,17,8,4.73%,,
954,1293,,,,,18,8,5.02%,,
955,1293,,,,,19,8,5.32%,,
956,1293,,,,,20,8,5.61%,,
957,1293,,,,,21,8,5.91%,,
958,1293,,,,,22,8,6.20%,,
959,1293,,,,,23,8,6.50%,,
960,1293,,,,,24,8,6.80%,,
961,1303,,,,,1,9,0.00%,,
962,1303,,,,,2,9,0.00%,,
963,1303,,,,,3,9,0.10%,,
964,1303,,,,,4,9,0.25%,,
965,1303,,,,,5,9,0.40%,,
966,1303,,,,,6,9,0.70%,,
967,1303,,,,,7,9,1.00%,,
968,1303,,,,,8,9,1.30%,,
969,1303,,,,,9,9,1.75%,,
970,1303,,,,,10,9,2.20%,,
971,1303,,,,,11,9,2.65%,,
972,1303,,,,,12,9,3.25%,,
973,1303,,,,,13,9,3.55%,,
974,1303,,,,,14,9,3.84%,,
975,1303,,,,,15,9,4.14%,,
976,1303,,,,,16,9,4.43%,,
977,1303,,,,,17,9,4.73%,,
978,1303,,,,,18,9,5.02%,,
979,1303,,,,,19,9,5.32%,,
980,1303,,,,,20,9,5.61%,,
981,1303,,,,,21,9,5.91%,,
982,1303,,,,,22,9,6.20%,,
983,1303,,,,,23,9,6.50%,,
984,1303,,,,,24,9,6.80%,,
985,1313,,,,,1,7,0.00%,,
986,1313,,,,,2,7,0.00%,,
987,1313,,,,,3,7,0.00%,,
988,1313,,,,,4,7,0.16%,,
989,1313,,,,,5,7,0.48%,,
990,1313,,,,,6,7,0.80%,,
991,1313,,,,,7,7,1.44%,,
992,1313,,,,,8,7,2.08%,,
993,1313,,,,,9,7,2.72%,,
994,1313,,,,,10,7,3.68%,,
995,1313,,,,,11,7,4.64%,,
996,1313,,,,,12,7,5.60%,,
997,1313,,,,,13,7,6.11%,,
998,1313,,,,,14,7,6.62%,,
999,1313,,,,,15,7,7.13%,,
1000,1313,,,,,16,7,7.64%,,
1001,1313,,,,,17,7,8.15%,,
1002,1313,,,,,18,7,8.65%,,
1003,1313,,,,,19,7,9.16%,,
1004,1313,,,,,20,7,9.67%,,
1005,1313,,,,,21,7,10.18%,,
1006,1313,,,,,22,7,10.69%,,
1007,1313,,,,,23,7,11.20%,,
1008,1313,,,,,24,7,11.71%,,
1009,1381,,,,,1,7,0.00%,,
1010,1381,,,,,2,7,0.00%,,
1011,1381,,,,,3,7,0.10%,,
1012,1381,,,,,4,7,0.25%,,
1013,1381,,,,,5,7,0.40%,,
1014,1381,,,,,6,7,0.70%,,
1015,1381,,,,,7,7,1.00%,,
1016,1381,,,,,8,7,1.30%,,
1017,1381,,,,,9,7,1.75%,,
1018,1381,,,,,10,7,2.20%,,
1019,1381,,,,,11,7,2.65%,,
1020,1381,,,,,12,7,3.25%,,
1021,1381,,,,,13,7,3.55%,,
1022,1381,,,,,14,7,3.84%,,
1023,1381,,,,,15,7,4.14%,,
1024,1381,,,,,16,7,4.43%,,
1025,1381,,,,,17,7,4.73%,,
1026,1381,,,,,18,7,5.02%,,
1027,1381,,,,,19,7,5.32%,,
1028,1381,,,,,20,7,5.61%,,
1029,1381,,,,,21,7,5.91%,,
1030,1381,,,,,22,7,6.20%,,
1031,1381,,,,,23,7,6.50%,,
1032,1381,,,,,24,7,6.80%,,
1033,1393,,,,,1,1,0.00%,,
1034,1393,,,,,2,1,0.00%,,
1035,1393,,,,,3,1,0.00%,,
1036,1393,,,,,4,1,0.16%,,
1037,1393,,,,,5,1,0.48%,,
1038,1393,,,,,6,1,0.80%,,
1039,1393,,,,,7,1,1.44%,,
1040,1393,,,,,8,1,2.08%,,
1041,1393,,,,,9,1,2.72%,,
1042,1393,,,,,10,1,3.68%,,
1043,1393,,,,,11,1,4.64%,,
1044,1393,,,,,12,1,5.60%,,
1045,1393,,,,,13,1,6.11%,,
1046,1393,,,,,14,1,6.62%,,
1047,1393,,,,,15,1,7.13%,,
1048,1393,,,,,16,1,7.64%,,
1049,1393,,,,,17,1,8.15%,,
1050,1393,,,,,18,1,8.65%,,
1051,1393,,,,,19,1,9.16%,,
1052,1393,,,,,20,1,9.67%,,
1053,1393,,,,,21,1,10.18%,,
1054,1393,,,,,22,1,10.69%,,
1055,1393,,,,,23,1,11.20%,,
1056,1393,,,,,24,1,11.71%,,
1057,1423,,,,,1,9,0.00%,,
1058,1423,,,,,2,9,0.00%,,
1059,1423,,,,,3,9,0.00%,,
1060,1423,,,,,4,9,0.16%,,
1061,1423,,,,,5,9,0.48%,,
1062,1423,,,,,6,9,0.80%,,
1063,1423,,,,,7,9,1.44%,,
1064,1423,,,,,8,9,2.08%,,
1065,1423,,,,,9,9,2.72%,,
1066,1423,,,,,10,9,3.68%,,
1067,1423,,,,,11,9,4.64%,,
1068,1423,,,,,12,9,5.60%,,
1069,1423,,,,,13,9,6.11%,,
1070,1423,,,,,14,9,6.62%,,
1071,1423,,,,,15,9,7.13%,,
1072,1423,,,,,16,9,7.64%,,
1073,1423,,,,,17,9,8.15%,,
1074,1423,,,,,18,9,8.65%,,
1075,1423,,,,,19,9,9.16%,,
1076,1423,,,,,20,9,9.67%,,
1077,1423,,,,,21,9,10.18%,,
1078,1423,,,,,22,9,10.69%,,
1079,1423,,,,,23,9,11.20%,,
1080,1423,,,,,24,9,11.71%,,
1081,1503,,,,,1,1,0.00%,,
1082,1503,,,,,2,1,0.00%,,
1083,1503,,,,,3,1,0.00%,,
1084,1503,,,,,4,1,0.16%,,
1085,1503,,,,,5,1,0.48%,,
1086,1503,,,,,6,1,0.80%,,
1087,1503,,,,,7,1,1.44%,,
1088,1503,,,,,8,1,2.08%,,
1089,1503,,,,,9,1,2.72%,,
1090,1503,,,,,10,1,3.68%,,
1091,1503,,,,,11,1,4.64%,,
1092,1503,,,,,12,1,5.60%,,
1093,1503,,,,,13,1,6.11%,,
1094,1503,,,,,14,1,6.62%,,
1095,1503,,,,,15,1,7.13%,,
1096,1503,,,,,16,1,7.64%,,
1097,1503,,,,,17,1,8.15%,,
1098,1503,,,,,18,1,8.65%,,
1099,1503,,,,,19,1,9.16%,,
1100,1503,,,,,20,1,9.67%,,
1101,1503,,,,,21,1,10.18%,,
1102,1503,,,,,22,1,10.69%,,
1103,1503,,,,,23,1,11.20%,,
1104,1503,,,,,24,1,11.71%,,
1105,1612,,,,,1,8,0.00%,,
1106,1612,,,,,2,8,0.00%,,
1107,1612,,,,,3,8,0.10%,,
1108,1612,,,,,4,8,0.25%,,
1109,1612,,,,,5,8,0.40%,,
1110,1612,,,,,6,8,0.70%,,
1111,1612,,,,,7,8,1.00%,,
1112,1612,,,,,8,8,1.30%,,
1113,1612,,,,,9,8,1.75%,,
1114,1612,,,,,10,8,2.20%,,
1115,1612,,,,,11,8,2.65%,,
1116,1612,,,,,12,8,3.25%,,
1117,1612,,,,,13,8,3.55%,,
1118,1612,,,,,14,8,3.84%,,
1119,1612,,,,,15,8,4.14%,,
1120,1612,,,,,16,8,4.43%,,
1121,1612,,,,,17,8,4.73%,,
1122,1612,,,,,18,8,5.02%,,
1123,1612,,,,,19,8,5.32%,,
1124,1612,,,,,20,8,5.61%,,
1125,1612,,,,,21,8,5.91%,,
1126,1612,,,,,22,8,6.20%,,
1127,1612,,,,,23,8,6.50%,,
1128,1612,,,,,24,8,6.80%,,
1129,1772,,,,,1,13,0.00%,,
1130,1772,,,,,2,13,0.00%,,
1131,1772,,,,,3,13,0.10%,,
1132,1772,,,,,4,13,0.25%,,
1133,1772,,,,,5,13,0.40%,,
1134,1772,,,,,6,13,0.70%,,
1135,1772,,,,,7,13,1.00%,,
1136,1772,,,,,8,13,1.30%,,
1137,1772,,,,,9,13,1.75%,,
1138,1772,,,,,10,13,2.20%,,
1139,1772,,,,,11,13,2.65%,,
1140,1772,,,,,12,13,3.25%,,
1141,1772,,,,,13,13,3.55%,,
1142,1772,,,,,14,13,3.84%,,
1143,1772,,,,,15,13,4.14%,,
1144,1772,,,,,16,13,4.43%,,
1145,1772,,,,,17,13,4.73%,,
1146,1772,,,,,18,13,5.02%,,
1147,1772,,,,,19,13,5.32%,,
1148,1772,,,,,20,13,5.61%,,
1149,1772,,,,,21,13,5.91%,,
1150,1772,,,,,22,13,6.20%,,
1151,1772,,,,,23,13,6.50%,,
1152,1772,,,,,24,13,6.80%,,
1153,1813,,,,,1,10,0.00%,,
1154,1813,,,,,2,10,0.00%,,
1155,1813,,,,,3,10,0.10%,,
1156,1813,,,,,4,10,0.25%,,
1157,1813,,,,,5,10,0.40%,,
1158,1813,,,,,6,10,0.70%,,
1159,1813,,,,,7,10,1.00%,,
1160,1813,,,,,8,10,1.30%,,
1161,1813,,,,,9,10,1.75%,,
1162,1813,,,,,10,10,2.20%,,
1163,1813,,,,,11,10,2.65%,,
1164,1813,,,,,12,10,3.25%,,
1165,1813,,,,,13,10,3.55%,,
1166,1813,,,,,14,10,3.84%,,
1167,1813,,,,,15,10,4.14%,,
1168,1813,,,,,16,10,4.43%,,
1169,1813,,,,,17,10,4.73%,,
1170,1813,,,,,18,10,5.02%,,
1171,1813,,,,,19,10,5.32%,,
1172,1813,,,,,20,10,5.61%,,
1173,1813,,,,,21,10,5.91%,,
1174,1813,,,,,22,10,6.20%,,
1175,1813,,,,,23,10,6.50%,,
1176,1813,,,,,24,10,6.80%,,
1177,1841,,,,,1,8,0.00%,,
1178,1841,,,,,2,8,0.00%,,
1179,1841,,,,,3,8,0.10%,,
1180,1841,,,,,4,8,0.25%,,
1181,1841,,,,,5,8,0.40%,,
1182,1841,,,,,6,8,0.70%,,
1183,1841,,,,,7,8,1.00%,,
1184,1841,,,,,8,8,1.30%,,
1185,1841,,,,,9,8,1.75%,,
1186,1841,,,,,10,8,2.20%,,
1187,1841,,,,,11,8,2.65%,,
1188,1841,,,,,12,8,3.25%,,
1189,1841,,,,,13,8,3.55%,,
1190,1841,,,,,14,8,3.84%,,
1191,1841,,,,,15,8,4.14%,,
1192,1841,,,,,16,8,4.43%,,
1193,1841,,,,,17,8,4.73%,,
1194,1841,,,,,18,8,5.02%,,
1195,1841,,,,,19,8,5.32%,,
1196,1841,,,,,20,8,5.61%,,
1197,1841,,,,,21,8,5.91%,,
1198,1841,,,,,22,8,6.20%,,
1199,1841,,,,,23,8,6.50%,,
1200,1841,,,,,24,8,6.80%,,
1201,1893,,,,,1,10,0.00%,,
1202,1893,,,,,2,10,0.00%,,
1203,1893,,,,,3,10,0.00%,,
1204,1893,,,,,4,10,0.16%,,
1205,1893,,,,,5,10,0.48%,,
1206,1893,,,,,6,10,0.80%,,
1207,1893,,,,,7,10,1.44%,,
1208,1893,,,,,8,10,2.08%,,
1209,1893,,,,,9,10,2.72%,,
1210,1893,,,,,10,10,3.68%,,
1211,1893,,,,,11,10,4.64%,,
1212,1893,,,,,12,10,5.60%,,
1213,1893,,,,,13,10,6.11%,,
1214,1893,,,,,14,10,6.62%,,
1215,1893,,,,,15,10,7.13%,,
1216,1893,,,,,16,10,7.64%,,
1217,1893,,,,,17,10,8.15%,,
1218,1893,,,,,18,10,8.65%,,
1219,1893,,,,,19,10,9.16%,,
1220,1893,,,,,20,10,9.67%,,
1221,1893,,,,,21,10,10.18%,,
1222,1893,,,,,22,10,10.69%,,
1223,1893,,,,,23,10,11.20%,,
1224,1893,,,,,24,10,11.71%,,
1225,1903,,,,,1,7,0.00%,,
1226,1903,,,,,2,7,0.00%,,
1227,1903,,,,,3,7,0.10%,,
1228,1903,,,,,4,7,0.25%,,
1229,1903,,,,,5,7,0.40%,,
1230,1903,,,,,6,7,0.70%,,
1231,1903,,,,,7,7,1.00%,,
1232,1903,,,,,8,7,1.30%,,
1233,1903,,,,,9,7,1.75%,,
1234,1903,,,,,10,7,2.20%,,
1235,1903,,,,,11,7,2.65%,,
1236,1903,,,,,12,7,3.25%,,
1237,1903,,,,,13,7,3.55%,,
1238,1903,,,,,14,7,3.84%,,
1239,1903,,,,,15,7,4.14%,,
1240,1903,,,,,16,7,4.43%,,
1241,1903,,,,,17,7,4.73%,,
1242,1903,,,,,18,7,5.02%,,
1243,1903,,,,,19,7,5.32%,,
1244,1903,,,,,20,7,5.61%,,
1245,1903,,,,,21,7,5.91%,,
1246,1903,,,,,22,7,6.20%,,
1247,1903,,,,,23,7,6.50%,,
1248,1903,,,,,24,7,6.80%,,
1249,1911,,,,,1,8,0.00%,,
1250,1911,,,,,2,8,0.00%,,
1251,1911,,,,,3,8,0.10%,,
1252,1911,,,,,4,8,0.25%,,
1253,1911,,,,,5,8,0.40%,,
1254,1911,,,,,6,8,0.70%,,
1255,1911,,,,,7,8,1.00%,,
1256,1911,,,,,8,8,1.30%,,
1257,1911,,,,,9,8,1.75%,,
1258,1911,,,,,10,8,2.20%,,
1259,1911,,,,,11,8,2.65%,,
1260,1911,,,,,12,8,3.25%,,
1261,1911,,,,,13,8,3.55%,,
1262,1911,,,,,14,8,3.84%,,
1263,1911,,,,,15,8,4.14%,,
1264,1911,,,,,16,8,4.43%,,
1265,1911,,,,,17,8,4.73%,,
1266,1911,,,,,18,8,5.02%,,
1267,1911,,,,,19,8,5.32%,,
1268,1911,,,,,20,8,5.61%,,
1269,1911,,,,,21,8,5.91%,,
1270,1911,,,,,22,8,6.20%,,
1271,1911,,,,,23,8,6.50%,,
1272,1911,,,,,24,8,6.80%,,
1273,1931,,,,,1,8,0.00%,,
1274,1931,,,,,2,8,0.00%,,
1275,1931,,,,,3,8,0.10%,,
1276,1931,,,,,4,8,0.25%,,
1277,1931,,,,,5,8,0.40%,,
1278,1931,,,,,6,8,0.70%,,
1279,1931,,,,,7,8,1.00%,,
1280,1931,,,,,8,8,1.30%,,
1281,1931,,,,,9,8,1.75%,,
1282,1931,,,,,10,8,2.20%,,
1283,1931,,,,,11,8,2.65%,,
1284,1931,,,,,12,8,3.25%,,
1285,1931,,,,,13,8,3.55%,,
1286,1931,,,,,14,8,3.84%,,
1287,1931,,,,,15,8,4.14%,,
1288,1931,,,,,16,8,4.43%,,
1289,1931,,,,,17,8,4.73%,,
1290,1931,,,,,18,8,5.02%,,
1291,1931,,,,,19,8,5.32%,,
1292,1931,,,,,20,8,5.61%,,
1293,1931,,,,,21,8,5.91%,,
1294,1931,,,,,22,8,6.20%,,
1295,1931,,,,,23,8,6.50%,,
1296,1931,,,,,24,8,6.80%,,
1297,1941,,,,,1,1,0.00%,,
1298,1941,,,,,2,1,0.00%,,
1299,1941,,,,,3,1,0.00%,,
1300,1941,,,,,4,1,0.16%,,
1301,1941,,,,,5,1,0.48%,,
1302,1941,,,,,6,1,0.80%,,
1303,1941,,,,,7,1,1.44%,,
1304,1941,,,,,8,1,2.08%,,
1305,1941,,,,,9,1,2.72%,,
1306,1941,,,,,10,1,3.68%,,
1307,1941,,,,,11,1,4.64%,,
1308,1941,,,,,12,1,5.60%,,
1309,1941,,,,,13,1,6.11%,,
1310,1941,,,,,14,1,6.62%,,
1311,1941,,,,,15,1,7.13%,,
1312,1941,,,,,16,1,7.64%,,
1313,1941,,,,,17,1,8.15%,,
1314,1941,,,,,18,1,8.65%,,
1315,1941,,,,,19,1,9.16%,,
1316,1941,,,,,20,1,9.67%,,
1317,1941,,,,,21,1,10.18%,,
1318,1941,,,,,22,1,10.69%,,
1319,1941,,,,,23,1,11.20%,,
1320,1941,,,,,24,1,11.71%,,
1321,1951,,,,,1,8,0.00%,,
1322,1951,,,,,2,8,0.00%,,
1323,1951,,,,,3,8,0.00%,,
1324,1951,,,,,4,8,0.16%,,
1325,1951,,,,,5,8,0.48%,,
1326,1951,,,,,6,8,0.80%,,
1327,1951,,,,,7,8,1.44%,,
1328,1951,,,,,8,8,2.08%,,
1329,1951,,,,,9,8,2.72%,,
1330,1951,,,,,10,8,3.68%,,
1331,1951,,,,,11,8,4.64%,,
1332,1951,,,,,12,8,5.60%,,
1333,1951,,,,,13,8,6.11%,,
1334,1951,,,,,14,8,6.62%,,
1335,1951,,,,,15,8,7.13%,,
1336,1951,,,,,16,8,7.64%,,
1337,1951,,,,,17,8,8.15%,,
1338,1951,,,,,18,8,8.65%,,
1339,1951,,,,,19,8,9.16%,,
1340,1951,,,,,20,8,9.67%,,
1341,1951,,,,,21,8,10.18%,,
1342,1951,,,,,22,8,10.69%,,
1343,1951,,,,,23,8,11.20%,,
1344,1951,,,,,24,8,11.71%,,
1345,1961,,,,,1,7,0.00%,,
1346,1961,,,,,2,7,0.00%,,
1347,1961,,,,,3,7,0.00%,,
1348,1961,,,,,4,7,0.16%,,
1349,1961,,,,,5,7,0.48%,,
1350,1961,,,,,6,7,0.80%,,
1351,1961,,,,,7,7,1.44%,,
1352,1961,,,,,8,7,2.08%,,
1353,1961,,,,,9,7,2.72%,,
1354,1961,,,,,10,7,3.68%,,
1355,1961,,,,,11,7,4.64%,,
1356,1961,,,,,12,7,5.60%,,
1357,1961,,,,,13,7,6.11%,,
1358,1961,,,,,14,7,6.62%,,
1359,1961,,,,,15,7,7.13%,,
1360,1961,,,,,16,7,7.64%,,
1361,1961,,,,,17,7,8.15%,,
1362,1961,,,,,18,7,8.65%,,
1363,1961,,,,,19,7,9.16%,,
1364,1961,,,,,20,7,9.67%,,
1365,1961,,,,,21,7,10.18%,,
1366,1961,,,,,22,7,10.69%,,
1367,1961,,,,,23,7,11.20%,,
1368,1961,,,,,24,7,11.71%,,
1369,2013,,,,,1,9,0.00%,,
1370,2013,,,,,2,9,0.08%,,
1371,2013,,,,,3,9,0.16%,,
1372,2013,,,,,4,9,0.24%,,
1373,2013,,,,,5,9,0.40%,,
1374,2013,,,,,6,9,0.56%,,
1375,2013,,,,,7,9,0.80%,,
1376,2013,,,,,8,9,1.04%,,
1377,2013,,,,,9,9,1.36%,,
1378,2013,,,,,10,9,1.68%,,
1379,2013,,,,,11,9,2.00%,,
1380,2013,,,,,12,9,2.40%,,
1381,2013,,,,,13,9,2.62%,,
1382,2013,,,,,14,9,2.84%,,
1383,2013,,,,,15,9,3.05%,,
1384,2013,,,,,16,9,3.27%,,
1385,2013,,,,,17,9,3.49%,,
1386,2013,,,,,18,9,3.71%,,
1387,2013,,,,,19,9,3.93%,,
1388,2013,,,,,20,9,4.15%,,
1389,2013,,,,,21,9,4.36%,,
1390,2013,,,,,22,9,4.58%,,
1391,2013,,,,,23,9,4.80%,,
1392,2013,,,,,24,9,5.02%,,
1393,2023,,,,,1,8,0.00%,,
1394,2023,,,,,2,8,0.00%,,
1395,2023,,,,,3,8,0.10%,,
1396,2023,,,,,4,8,0.25%,,
1397,2023,,,,,5,8,0.40%,,
1398,2023,,,,,6,8,0.70%,,
1399,2023,,,,,7,8,1.00%,,
1400,2023,,,,,8,8,1.30%,,
1401,2023,,,,,9,8,1.75%,,
1402,2023,,,,,10,8,2.20%,,
1403,2023,,,,,11,8,2.65%,,
1404,2023,,,,,12,8,3.25%,,
1405,2023,,,,,13,8,3.55%,,
1406,2023,,,,,14,8,3.84%,,
1407,2023,,,,,15,8,4.14%,,
1408,2023,,,,,16,8,4.43%,,
1409,2023,,,,,17,8,4.73%,,
1410,2023,,,,,18,8,5.02%,,
1411,2023,,,,,19,8,5.32%,,
1412,2023,,,,,20,8,5.61%,,
1413,2023,,,,,21,8,5.91%,,
1414,2023,,,,,22,8,6.20%,,
1415,2023,,,,,23,8,6.50%,,
1416,2023,,,,,24,8,6.80%,,
1417,2033,,,,,1,10,0.00%,,
1418,2033,,,,,2,10,0.00%,,
1419,2033,,,,,3,10,0.10%,,
1420,2033,,,,,4,10,0.25%,,
1421,2033,,,,,5,10,0.40%,,
1422,2033,,,,,6,10,0.70%,,
1423,2033,,,,,7,10,1.00%,,
1424,2033,,,,,8,10,1.30%,,
1425,2033,,,,,9,10,1.75%,,
1426,2033,,,,,10,10,2.20%,,
1427,2033,,,,,11,10,2.65%,,
1428,2033,,,,,12,10,3.25%,,
1429,2033,,,,,13,10,3.55%,,
1430,2033,,,,,14,10,3.84%,,
1431,2033,,,,,15,10,4.14%,,
1432,2033,,,,,16,10,4.43%,,
1433,2033,,,,,17,10,4.73%,,
1434,2033,,,,,18,10,5.02%,,
1435,2033,,,,,19,10,5.32%,,
1436,2033,,,,,20,10,5.61%,,
1437,2033,,,,,21,10,5.91%,,
1438,2033,,,,,22,10,6.20%,,
1439,2033,,,,,23,10,6.50%,,
1440,2033,,,,,24,10,6.80%,,
1441,2073,,,,,1,7,0.00%,,
1442,2073,,,,,2,7,0.08%,,
1443,2073,,,,,3,7,0.16%,,
1444,2073,,,,,4,7,0.24%,,
1445,2073,,,,,5,7,0.40%,,
1446,2073,,,,,6,7,0.56%,,
1447,2073,,,,,7,7,0.80%,,
1448,2073,,,,,8,7,1.04%,,
1449,2073,,,,,9,7,1.36%,,
1450,2073,,,,,10,7,1.68%,,
1451,2073,,,,,11,7,2.00%,,
1452,2073,,,,,12,7,2.40%,,
1453,2073,,,,,13,7,2.62%,,
1454,2073,,,,,14,7,2.84%,,
1455,2073,,,,,15,7,3.05%,,
1456,2073,,,,,16,7,3.27%,,
1457,2073,,,,,17,7,3.49%,,
1458,2073,,,,,18,7,3.71%,,
1459,2073,,,,,19,7,3.93%,,
1460,2073,,,,,20,7,4.15%,,
1461,2073,,,,,21,7,4.36%,,
1462,2073,,,,,22,7,4.58%,,
1463,2073,,,,,23,7,4.80%,,
1464,2073,,,,,24,7,5.02%,,
1465,2233,,,,,1,9,0.00%,,
1466,2233,,,,,2,9,0.00%,,
1467,2233,,,,,3,9,0.00%,,
1468,2233,,,,,4,9,0.16%,,
1469,2233,,,,,5,9,0.48%,,
1470,2233,,,,,6,9,0.80%,,
1471,2233,,,,,7,9,1.44%,,
1472,2233,,,,,8,9,2.08%,,
1473,2233,,,,,9,9,2.72%,,
1474,2233,,,,,10,9,3.68%,,
1475,2233,,,,,11,9,4.64%,,
1476,2233,,,,,12,9,5.60%,,
1477,2233,,,,,13,9,6.11%,,
1478,2233,,,,,14,9,6.62%,,
1479,2233,,,,,15,9,7.13%,,
1480,2233,,,,,16,9,7.64%,,
1481,2233,,,,,17,9,8.15%,,
1482,2233,,,,,18,9,8.65%,,
1483,2233,,,,,19,9,9.16%,,
1484,2233,,,,,20,9,9.67%,,
1485,2233,,,,,21,9,10.18%,,
1486,2233,,,,,22,9,10.69%,,
1487,2233,,,,,23,9,11.20%,,
1488,2233,,,,,24,9,11.71%,,
1489,2242,,,,,1,7,0.00%,,
1490,2242,,,,,2,7,0.00%,,
1491,2242,,,,,3,7,0.10%,,
1492,2242,,,,,4,7,0.25%,,
1493,2242,,,,,5,7,0.40%,,
1494,2242,,,,,6,7,0.70%,,
1495,2242,,,,,7,7,1.00%,,
1496,2242,,,,,8,7,1.30%,,
1497,2242,,,,,9,7,1.75%,,
1498,2242,,,,,10,7,2.20%,,
1499,2242,,,,,11,7,2.65%,,
1500,2242,,,,,12,7,3.25%,,
1501,2242,,,,,13,7,3.55%,,
1502,2242,,,,,14,7,3.84%,,
1503,2242,,,,,15,7,4.14%,,
1504,2242,,,,,16,7,4.43%,,
1505,2242,,,,,17,7,4.73%,,
1506,2242,,,,,18,7,5.02%,,
1507,2242,,,,,19,7,5.32%,,
1508,2242,,,,,20,7,5.61%,,
1509,2242,,,,,21,7,5.91%,,
1510,2242,,,,,22,7,6.20%,,
1511,2242,,,,,23,7,6.50%,,
1512,2242,,,,,24,7,6.80%,,
1513,2351,,,,,1,1,0.00%,,
1514,2351,,,,,2,1,0.00%,,
1515,2351,,,,,3,1,0.00%,,
1516,2351,,,,,4,1,0.16%,,
1517,2351,,,,,5,1,0.48%,,
1518,2351,,,,,6,1,0.80%,,
1519,2351,,,,,7,1,1.44%,,
1520,2351,,,,,8,1,2.08%,,
1521,2351,,,,,9,1,2.72%,,
1522,2351,,,,,10,1,3.68%,,
1523,2351,,,,,11,1,4.64%,,
1524,2351,,,,,12,1,5.60%,,
1525,2351,,,,,13,1,6.11%,,
1526,2351,,,,,14,1,6.62%,,
1527,2351,,,,,15,1,7.13%,,
1528,2351,,,,,16,1,7.64%,,
1529,2351,,,,,17,1,8.15%,,
1530,2351,,,,,18,1,8.65%,,
1531,2351,,,,,19,1,9.16%,,
1532,2351,,,,,20,1,9.67%,,
1533,2351,,,,,21,1,10.18%,,
1534,2351,,,,,22,1,10.69%,,
1535,2351,,,,,23,1,11.20%,,
1536,2351,,,,,24,1,11.71%,,
1537,2361,,,,,1,7,0.00%,,
1538,2361,,,,,2,7,0.00%,,
1539,2361,,,,,3,7,0.00%,,
1540,2361,,,,,4,7,0.16%,,
1541,2361,,,,,5,7,0.48%,,
1542,2361,,,,,6,7,0.80%,,
1543,2361,,,,,7,7,1.44%,,
1544,2361,,,,,8,7,2.08%,,
1545,2361,,,,,9,7,2.72%,,
1546,2361,,,,,10,7,3.68%,,
1547,2361,,,,,11,7,4.64%,,
1548,2361,,,,,12,7,5.60%,,
1549,2361,,,,,13,7,6.11%,,
1550,2361,,,,,14,7,6.62%,,
1551,2361,,,,,15,7,7.13%,,
1552,2361,,,,,16,7,7.64%,,
1553,2361,,,,,17,7,8.15%,,
1554,2361,,,,,18,7,8.65%,,
1555,2361,,,,,19,7,9.16%,,
1556,2361,,,,,20,7,9.67%,,
1557,2361,,,,,21,7,10.18%,,
1558,2361,,,,,22,7,10.69%,,
1559,2361,,,,,23,7,11.20%,,
1560,2361,,,,,24,7,11.71%,,
1561,2381,,,,,1,1,0.00%,,
1562,2381,,,,,2,1,0.00%,,
1563,2381,,,,,3,1,0.00%,,
1564,2381,,,,,4,1,0.16%,,
1565,2381,,,,,5,1,0.48%,,
1566,2381,,,,,6,1,0.80%,,
1567,2381,,,,,7,1,1.44%,,
1568,2381,,,,,8,1,2.08%,,
1569,2381,,,,,9,1,2.72%,,
1570,2381,,,,,10,1,3.68%,,
1571,2381,,,,,11,1,4.64%,,
1572,2381,,,,,12,1,5.60%,,
1573,2381,,,,,13,1,6.11%,,
1574,2381,,,,,14,1,6.62%,,
1575,2381,,,,,15,1,7.13%,,
1576,2381,,,,,16,1,7.64%,,
1577,2381,,,,,17,1,8.15%,,
1578,2381,,,,,18,1,8.65%,,
1579,2381,,,,,19,1,9.16%,,
1580,2381,,,,,20,1,9.67%,,
1581,2381,,,,,21,1,10.18%,,
1582,2381,,,,,22,1,10.69%,,
1583,2381,,,,,23,1,11.20%,,
1584,2381,,,,,24,1,11.71%,,
1585,2391,,,,,1,9,0.00%,,
1586,2391,,,,,2,9,0.00%,,
1587,2391,,,,,3,9,0.00%,,
1588,2391,,,,,4,9,0.16%,,
1589,2391,,,,,5,9,0.48%,,
1590,2391,,,,,6,9,0.80%,,
1591,2391,,,,,7,9,1.44%,,
1592,2391,,,,,8,9,2.08%,,
1593,2391,,,,,9,9,2.72%,,
1594,2391,,,,,10,9,3.68%,,
1595,2391,,,,,11,9,4.64%,,
1596,2391,,,,,12,9,5.60%,,
1597,2391,,,,,13,9,6.11%,,
1598,2391,,,,,14,9,6.62%,,
1599,2391,,,,,15,9,7.13%,,
1600,2391,,,,,16,9,7.64%,,
1601,2391,,,,,17,9,8.15%,,
1602,2391,,,,,18,9,8.65%,,
1603,2391,,,,,19,9,9.16%,,
1604,2391,,,,,20,9,9.67%,,
1605,2391,,,,,21,9,10.18%,,
1606,2391,,,,,22,9,10.69%,,
1607,2391,,,,,23,9,11.20%,,
1608,2391,,,,,24,9,11.71%,,
1609,2401,,,,,1,9,0.00%,,
1610,2401,,,,,2,9,0.00%,,
1611,2401,,,,,3,9,0.00%,,
1612,2401,,,,,4,9,0.16%,,
1613,2401,,,,,5,9,0.48%,,
1614,2401,,,,,6,9,0.80%,,
1615,2401,,,,,7,9,1.44%,,
1616,2401,,,,,8,9,2.08%,,
1617,2401,,,,,9,9,2.72%,,
1618,2401,,,,,10,9,3.68%,,
1619,2401,,,,,11,9,4.64%,,
1620,2401,,,,,12,9,5.60%,,
1621,2401,,,,,13,9,6.11%,,
1622,2401,,,,,14,9,6.62%,,
1623,2401,,,,,15,9,7.13%,,
1624,2401,,,,,16,9,7.64%,,
1625,2401,,,,,17,9,8.15%,,
1626,2401,,,,,18,9,8.65%,,
1627,2401,,,,,19,9,9.16%,,
1628,2401,,,,,20,9,9.67%,,
1629,2401,,,,,21,9,10.18%,,
1630,2401,,,,,22,9,10.69%,,
1631,2401,,,,,23,9,11.20%,,
1632,2401,,,,,24,9,11.71%,,
1633,2431,,,,,1,1,0.00%,,
1634,2431,,,,,2,1,0.00%,,
1635,2431,,,,,3,1,0.00%,,
1636,2431,,,,,4,1,0.16%,,
1637,2431,,,,,5,1,0.48%,,
1638,2431,,,,,6,1,0.80%,,
1639,2431,,,,,7,1,1.44%,,
1640,2431,,,,,8,1,2.08%,,
1641,2431,,,,,9,1,2.72%,,
1642,2431,,,,,10,1,3.68%,,
1643,2431,,,,,11,1,4.64%,,
1644,2431,,,,,12,1,5.60%,,
1645,2431,,,,,13,1,6.11%,,
1646,2431,,,,,14,1,6.62%,,
1647,2431,,,,,15,1,7.13%,,
1648,2431,,,,,16,1,7.64%,,
1649,2431,,,,,17,1,8.15%,,
1650,2431,,,,,18,1,8.65%,,
1651,2431,,,,,19,1,9.16%,,
1652,2431,,,,,20,1,9.67%,,
1653,2431,,,,,21,1,10.18%,,
1654,2431,,,,,22,1,10.69%,,
1655,2431,,,,,23,1,11.20%,,
1656,2431,,,,,24,1,11.71%,,
1657,2493,,,,,1,7,0.00%,,
1658,2493,,,,,2,7,0.00%,,
1659,2493,,,,,3,7,0.00%,,
1660,2493,,,,,4,7,0.16%,,
1661,2493,,,,,5,7,0.48%,,
1662,2493,,,,,6,7,0.80%,,
1663,2493,,,,,7,7,1.44%,,
1664,2493,,,,,8,7,2.08%,,
1665,2493,,,,,9,7,2.72%,,
1666,2493,,,,,10,7,3.68%,,
1667,2493,,,,,11,7,4.64%,,
1668,2493,,,,,12,7,5.60%,,
1669,2493,,,,,13,7,6.11%,,
1670,2493,,,,,14,7,6.62%,,
1671,2493,,,,,15,7,7.13%,,
1672,2493,,,,,16,7,7.64%,,
1673,2493,,,,,17,7,8.15%,,
1674,2493,,,,,18,7,8.65%,,
1675,2493,,,,,19,7,9.16%,,
1676,2493,,,,,20,7,9.67%,,
1677,2493,,,,,21,7,10.18%,,
1678,2493,,,,,22,7,10.69%,,
1679,2493,,,,,23,7,11.20%,,
1680,2493,,,,,24,7,11.71%,,
1681,2593,,,,,1,8,0.00%,,
1682,2593,,,,,2,8,0.08%,,
1683,2593,,,,,3,8,0.16%,,
1684,2593,,,,,4,8,0.24%,,
1685,2593,,,,,5,8,0.40%,,
1686,2593,,,,,6,8,0.56%,,
1687,2593,,,,,7,8,0.80%,,
1688,2593,,,,,8,8,1.04%,,
1689,2593,,,,,9,8,1.36%,,
1690,2593,,,,,10,8,1.68%,,
1691,2593,,,,,11,8,2.00%,,
1692,2593,,,,,12,8,2.40%,,
1693,2593,,,,,13,8,2.62%,,
1694,2593,,,,,14,8,2.84%,,
1695,2593,,,,,15,8,3.05%,,
1696,2593,,,,,16,8,3.27%,,
1697,2593,,,,,17,8,3.49%,,
1698,2593,,,,,18,8,3.71%,,
1699,2593,,,,,19,8,3.93%,,
1700,2593,,,,,20,8,4.15%,,
1701,2593,,,,,21,8,4.36%,,
1702,2593,,,,,22,8,4.58%,,
1703,2593,,,,,23,8,4.80%,,
1704,2593,,,,,24,8,5.02%,,
1705,2612,,,,,1,8,0.00%,,
1706,2612,,,,,2,8,0.08%,,
1707,2612,,,,,3,8,0.16%,,
1708,2612,,,,,4,8,0.24%,,
1709,2612,,,,,5,8,0.40%,,
1710,2612,,,,,6,8,0.56%,,
1711,2612,,,,,7,8,0.80%,,
1712,2612,,,,,8,8,1.04%,,
1713,2612,,,,,9,8,1.36%,,
1714,2612,,,,,10,8,1.68%,,
1715,2612,,,,,11,8,2.00%,,
1716,2612,,,,,12,8,2.40%,,
1717,2612,,,,,13,8,2.62%,,
1718,2612,,,,,14,8,2.84%,,
1719,2612,,,,,15,8,3.05%,,
1720,2612,,,,,16,8,3.27%,,
1721,2612,,,,,17,8,3.49%,,
1722,2612,,,,,18,8,3.71%,,
1723,2612,,,,,19,8,3.93%,,
1724,2612,,,,,20,8,4.15%,,
1725,2612,,,,,21,8,4.36%,,
1726,2612,,,,,22,8,4.58%,,
1727,2612,,,,,23,8,4.80%,,
1728,2612,,,,,24,8,5.02%,,
1729,2633,,,,,1,8,0.00%,,
1730,2633,,,,,2,8,0.08%,,
1731,2633,,,,,3,8,0.16%,,
1732,2633,,,,,4,8,0.24%,,
1733,2633,,,,,5,8,0.40%,,
1734,2633,,,,,6,8,0.56%,,
1735,2633,,,,,7,8,0.80%,,
1736,2633,,,,,8,8,1.04%,,
1737,2633,,,,,9,8,1.36%,,
1738,2633,,,,,10,8,1.68%,,
1739,2633,,,,,11,8,2.00%,,
1740,2633,,,,,12,8,2.40%,,
1741,2633,,,,,13,8,2.62%,,
1742,2633,,,,,14,8,2.84%,,
1743,2633,,,,,15,8,3.05%,,
1744,2633,,,,,16,8,3.27%,,
1745,2633,,,,,17,8,3.49%,,
1746,2633,,,,,18,8,3.71%,,
1747,2633,,,,,19,8,3.93%,,
1748,2633,,,,,20,8,4.15%,,
1749,2633,,,,,21,8,4.36%,,
1750,2633,,,,,22,8,4.58%,,
1751,2633,,,,,23,8,4.80%,,
1752,2633,,,,,24,8,5.02%,,
1753,2683,,,,,1,8,0.00%,,
1754,2683,,,,,2,8,0.04%,,
1755,2683,,,,,3,8,0.06%,,
1756,2683,,,,,4,8,0.08%,,
1757,2683,,,,,5,8,0.12%,,
1758,2683,,,,,6,8,0.18%,,
1759,2683,,,,,7,8,0.24%,,
1760,2683,,,,,8,8,0.32%,,
1761,2683,,,,,9,8,0.40%,,
1762,2683,,,,,10,8,0.50%,,
1763,2683,,,,,11,8,0.60%,,
1764,2683,,,,,12,8,0.72%,,
1765,2683,,,,,13,8,0.79%,,
1766,2683,,,,,14,8,0.85%,,
1767,2683,,,,,15,8,0.92%,,
1768,2683,,,,,16,8,0.98%,,
1769,2683,,,,,17,8,1.05%,,
1770,2683,,,,,18,8,1.11%,,
1771,2683,,,,,19,8,1.18%,,
1772,2683,,,,,20,8,1.24%,,
1773,2683,,,,,21,8,1.31%,,
1774,2683,,,,,22,8,1.37%,,
1775,2683,,,,,23,8,1.44%,,
1776,2683,,,,,24,8,1.51%,,
1777,2723,,,,,1,8,0.00%,,
1778,2723,,,,,2,8,0.00%,,
1779,2723,,,,,3,8,0.10%,,
1780,2723,,,,,4,8,0.25%,,
1781,2723,,,,,5,8,0.40%,,
1782,2723,,,,,6,8,0.70%,,
1783,2723,,,,,7,8,1.00%,,
1784,2723,,,,,8,8,1.30%,,
1785,2723,,,,,9,8,1.75%,,
1786,2723,,,,,10,8,2.20%,,
1787,2723,,,,,11,8,2.65%,,
1788,2723,,,,,12,8,3.25%,,
1789,2723,,,,,13,8,3.55%,,
1790,2723,,,,,14,8,3.84%,,
1791,2723,,,,,15,8,4.14%,,
1792,2723,,,,,16,8,4.43%,,
1793,2723,,,,,17,8,4.73%,,
1794,2723,,,,,18,8,5.02%,,
1795,2723,,,,,19,8,5.32%,,
1796,2723,,,,,20,8,5.61%,,
1797,2723,,,,,21,8,5.91%,,
1798,2723,,,,,22,8,6.20%,,
1799,2723,,,,,23,8,6.50%,,
1800,2723,,,,,24,8,6.80%,,
1801,2843,,,,,1,1,0.00%,,
1802,2843,,,,,2,1,0.03%,,
1803,2843,,,,,3,1,0.04%,,
1804,2843,,,,,4,1,0.06%,,
1805,2843,,,,,5,1,0.08%,,
1806,2843,,,,,6,1,0.13%,,
1807,2843,,,,,7,1,0.17%,,
1808,2843,,,,,8,1,0.22%,,
1809,2843,,,,,9,1,0.28%,,
1810,2843,,,,,10,1,0.35%,,
1811,2843,,,,,11,1,0.42%,,
1812,2843,,,,,12,1,0.50%,,
1813,2843,,,,,13,1,0.55%,,
1814,2843,,,,,14,1,0.59%,,
1815,2843,,,,,15,1,0.64%,,
1816,2843,,,,,16,1,0.68%,,
1817,2843,,,,,17,1,0.73%,,
1818,2843,,,,,18,1,0.77%,,
1819,2843,,,,,19,1,0.82%,,
1820,2843,,,,,20,1,0.86%,,
1821,2843,,,,,21,1,0.91%,,
1822,2843,,,,,22,1,0.95%,,
1823,2843,,,,,23,1,1.00%,,
1824,2843,,,,,24,1,1.05%,,
1825,2963,,,,,1,7,0.00%,,
1826,2963,,,,,2,7,0.08%,,
1827,2963,,,,,3,7,0.16%,,
1828,2963,,,,,4,7,0.24%,,
1829,2963,,,,,5,7,0.40%,,
1830,2963,,,,,6,7,0.56%,,
1831,2963,,,,,7,7,0.80%,,
1832,2963,,,,,8,7,1.04%,,
1833,2963,,,,,9,7,1.36%,,
1834,2963,,,,,10,7,1.68%,,
1835,2963,,,,,11,7,2.00%,,
1836,2963,,,,,12,7,2.40%,,
1837,2963,,,,,13,7,2.62%,,
1838,2963,,,,,14,7,2.84%,,
1839,2963,,,,,15,7,3.05%,,
1840,2963,,,,,16,7,3.27%,,
1841,2963,,,,,17,7,3.49%,,
1842,2963,,,,,18,7,3.71%,,
1843,2963,,,,,19,7,3.93%,,
1844,2963,,,,,20,7,4.15%,,
1845,2963,,,,,21,7,4.36%,,
1846,2963,,,,,22,7,4.58%,,
1847,2963,,,,,23,7,4.80%,,
1848,2963,,,,,24,7,5.02%,,
1849,3003,,,,,1,10,0.00%,,
1850,3003,,,,,2,10,0.00%,,
1851,3003,,,,,3,10,0.10%,,
1852,3003,,,,,4,10,0.25%,,
1853,3003,,,,,5,10,0.40%,,
1854,3003,,,,,6,10,0.70%,,
1855,3003,,,,,7,10,1.00%,,
1856,3003,,,,,8,10,1.30%,,
1857,3003,,,,,9,10,1.75%,,
1858,3003,,,,,10,10,2.20%,,
1859,3003,,,,,11,10,2.65%,,
1860,3003,,,,,12,10,3.25%,,
1861,3003,,,,,13,10,3.55%,,
1862,3003,,,,,14,10,3.84%,,
1863,3003,,,,,15,10,4.14%,,
1864,3003,,,,,16,10,4.43%,,
1865,3003,,,,,17,10,4.73%,,
1866,3003,,,,,18,10,5.02%,,
1867,3003,,,,,19,10,5.32%,,
1868,3003,,,,,20,10,5.61%,,
1869,3003,,,,,21,10,5.91%,,
1870,3003,,,,,22,10,6.20%,,
1871,3003,,,,,23,10,6.50%,,
1872,3003,,,,,24,10,6.80%,,
1873,3021,,,,,1,1,0.00%,,
1874,3021,,,,,2,1,0.00%,,
1875,3021,,,,,3,1,0.00%,,
1876,3021,,,,,4,1,0.16%,,
1877,3021,,,,,5,1,0.48%,,
1878,3021,,,,,6,1,0.80%,,
1879,3021,,,,,7,1,1.44%,,
1880,3021,,,,,8,1,2.08%,,
1881,3021,,,,,9,1,2.72%,,
1882,3021,,,,,10,1,3.68%,,
1883,3021,,,,,11,1,4.64%,,
1884,3021,,,,,12,1,5.60%,,
1885,3021,,,,,13,1,6.11%,,
1886,3021,,,,,14,1,6.62%,,
1887,3021,,,,,15,1,7.13%,,
1888,3021,,,,,16,1,7.64%,,
1889,3021,,,,,17,1,8.15%,,
1890,3021,,,,,18,1,8.65%,,
1891,3021,,,,,19,1,9.16%,,
1892,3021,,,,,20,1,9.67%,,
1893,3021,,,,,21,1,10.18%,,
1894,3021,,,,,22,1,10.69%,,
1895,3021,,,,,23,1,11.20%,,
1896,3021,,,,,24,1,11.71%,,
1897,3143,,,,,1,9,0.00%,,
1898,3143,,,,,2,9,0.00%,,
1899,3143,,,,,3,9,0.00%,,
1900,3143,,,,,4,9,0.16%,,
1901,3143,,,,,5,9,0.48%,,
1902,3143,,,,,6,9,0.80%,,
1903,3143,,,,,7,9,1.44%,,
1904,3143,,,,,8,9,2.08%,,
1905,3143,,,,,9,9,2.72%,,
1906,3143,,,,,10,9,3.68%,,
1907,3143,,,,,11,9,4.64%,,
1908,3143,,,,,12,9,5.60%,,
1909,3143,,,,,13,9,6.11%,,
1910,3143,,,,,14,9,6.62%,,
1911,3143,,,,,15,9,7.13%,,
1912,3143,,,,,16,9,7.64%,,
1913,3143,,,,,17,9,8.15%,,
1914,3143,,,,,18,9,8.65%,,
1915,3143,,,,,19,9,9.16%,,
1916,3143,,,,,20,9,9.67%,,
1917,3143,,,,,21,9,10.18%,,
1918,3143,,,,,22,9,10.69%,,
1919,3143,,,,,23,9,11.20%,,
1920,3143,,,,,24,9,11.71%,,
1921,3152,,,,,1,9,0.00%,,
1922,3152,,,,,2,9,0.00%,,
1923,3152,,,,,3,9,0.10%,,
1924,3152,,,,,4,9,0.25%,,
1925,3152,,,,,5,9,0.40%,,
1926,3152,,,,,6,9,0.70%,,
1927,3152,,,,,7,9,1.00%,,
1928,3152,,,,,8,9,1.30%,,
1929,3152,,,,,9,9,1.75%,,
1930,3152,,,,,10,9,2.20%,,
1931,3152,,,,,11,9,2.65%,,
1932,3152,,,,,12,9,3.25%,,
1933,3152,,,,,13,9,3.55%,,
1934,3152,,,,,14,9,3.84%,,
1935,3152,,,,,15,9,4.14%,,
1936,3152,,,,,16,9,4.43%,,
1937,3152,,,,,17,9,4.73%,,
1938,3152,,,,,18,9,5.02%,,
1939,3152,,,,,19,9,5.32%,,
1940,3152,,,,,20,9,5.61%,,
1941,3152,,,,,21,9,5.91%,,
1942,3152,,,,,22,9,6.20%,,
1943,3152,,,,,23,9,6.50%,,
1944,3152,,,,,24,9,6.80%,,
1945,3161,,,,,1,13,0.00%,,
1946,3161,,,,,2,13,0.00%,,
1947,3161,,,,,3,13,0.10%,,
1948,3161,,,,,4,13,0.25%,,
1949,3161,,,,,5,13,0.40%,,
1950,3161,,,,,6,13,0.70%,,
1951,3161,,,,,7,13,1.00%,,
1952,3161,,,,,8,13,1.30%,,
1953,3161,,,,,9,13,1.75%,,
1954,3161,,,,,10,13,2.20%,,
1955,3161,,,,,11,13,2.65%,,
1956,3161,,,,,12,13,3.25%,,
1957,3161,,,,,13,13,3.55%,,
1958,3161,,,,,14,13,3.84%,,
1959,3161,,,,,15,13,4.14%,,
1960,3161,,,,,16,13,4.43%,,
1961,3161,,,,,17,13,4.73%,,
1962,3161,,,,,18,13,5.02%,,
1963,3161,,,,,19,13,5.32%,,
1964,3161,,,,,20,13,5.61%,,
1965,3161,,,,,21,13,5.91%,,
1966,3161,,,,,22,13,6.20%,,
1967,3161,,,,,23,13,6.50%,,
1968,3161,,,,,24,13,6.80%,,
1969,3171,,,,,1,10,0.00%,,
1970,3171,,,,,2,10,0.00%,,
1971,3171,,,,,3,10,0.00%,,
1972,3171,,,,,4,10,0.16%,,
1973,3171,,,,,5,10,0.48%,,
1974,3171,,,,,6,10,0.80%,,
1975,3171,,,,,7,10,1.44%,,
1976,3171,,,,,8,10,2.08%,,
1977,3171,,,,,9,10,2.72%,,
1978,3171,,,,,10,10,3.68%,,
1979,3171,,,,,11,10,4.64%,,
1980,3171,,,,,12,10,5.60%,,
1981,3171,,,,,13,10,6.11%,,
1982,3171,,,,,14,10,6.62%,,
1983,3171,,,,,15,10,7.13%,,
1984,3171,,,,,16,10,7.64%,,
1985,3171,,,,,17,10,8.15%,,
1986,3171,,,,,18,10,8.65%,,
1987,3171,,,,,19,10,9.16%,,
1988,3171,,,,,20,10,9.67%,,
1989,3171,,,,,21,10,10.18%,,
1990,3171,,,,,22,10,10.69%,,
1991,3171,,,,,23,10,11.20%,,
1992,3171,,,,,24,10,11.71%,,
1993,3172,,,,,1,7,0.00%,,
1994,3172,,,,,2,7,0.00%,,
1995,3172,,,,,3,7,0.00%,,
1996,3172,,,,,4,7,0.16%,,
1997,3172,,,,,5,7,0.48%,,
1998,3172,,,,,6,7,0.80%,,
1999,3172,,,,,7,7,1.44%,,
2000,3172,,,,,8,7,2.08%,,
2001,3172,,,,,9,7,2.72%,,
2002,3172,,,,,10,7,3.68%,,
2003,3172,,,,,11,7,4.64%,,
2004,3172,,,,,12,7,5.60%,,
2005,3172,,,,,13,7,6.11%,,
2006,3172,,,,,14,7,6.62%,,
2007,3172,,,,,15,7,7.13%,,
2008,3172,,,,,16,7,7.64%,,
2009,3172,,,,,17,7,8.15%,,
2010,3172,,,,,18,7,8.65%,,
2011,3172,,,,,19,7,9.16%,,
2012,3172,,,,,20,7,9.67%,,
2013,3172,,,,,21,7,10.18%,,
2014,3172,,,,,22,7,10.69%,,
2015,3172,,,,,23,7,11.20%,,
2016,3172,,,,,24,7,11.71%,,
2017,3181,,,,,1,7,0.00%,,
2018,3181,,,,,2,7,0.00%,,
2019,3181,,,,,3,7,0.10%,,
2020,3181,,,,,4,7,0.25%,,
2021,3181,,,,,5,7,0.40%,,
2022,3181,,,,,6,7,0.70%,,
2023,3181,,,,,7,7,1.00%,,
2024,3181,,,,,8,7,1.30%,,
2025,3181,,,,,9,7,1.75%,,
2026,3181,,,,,10,7,2.20%,,
2027,3181,,,,,11,7,2.65%,,
2028,3181,,,,,12,7,3.25%,,
2029,3181,,,,,13,7,3.55%,,
2030,3181,,,,,14,7,3.84%,,
2031,3181,,,,,15,7,4.14%,,
2032,3181,,,,,16,7,4.43%,,
2033,3181,,,,,17,7,4.73%,,
2034,3181,,,,,18,7,5.02%,,
2035,3181,,,,,19,7,5.32%,,
2036,3181,,,,,20,7,5.61%,,
2037,3181,,,,,21,7,5.91%,,
2038,3181,,,,,22,7,6.20%,,
2039,3181,,,,,23,7,6.50%,,
2040,3181,,,,,24,7,6.80%,,
2041,3211,,,,,1,10,0.00%,,
2042,3211,,,,,2,10,0.00%,,
2043,3211,,,,,3,10,0.00%,,
2044,3211,,,,,4,10,0.16%,,
2045,3211,,,,,5,10,0.48%,,
2046,3211,,,,,6,10,0.80%,,
2047,3211,,,,,7,10,1.44%,,
2048,3211,,,,,8,10,2.08%,,
2049,3211,,,,,9,10,2.72%,,
2050,3211,,,,,10,10,3.68%,,
2051,3211,,,,,11,10,4.64%,,
2052,3211,,,,,12,10,5.60%,,
2053,3211,,,,,13,10,6.11%,,
2054,3211,,,,,14,10,6.62%,,
2055,3211,,,,,15,10,7.13%,,
2056,3211,,,,,16,10,7.64%,,
2057,3211,,,,,17,10,8.15%,,
2058,3211,,,,,18,10,8.65%,,
2059,3211,,,,,19,10,9.16%,,
2060,3211,,,,,20,10,9.67%,,
2061,3211,,,,,21,10,10.18%,,
2062,3211,,,,,22,10,10.69%,,
2063,3211,,,,,23,10,11.20%,,
2064,3211,,,,,24,10,11.71%,,
2065,3221,,,,,1,7,0.00%,,
2066,3221,,,,,2,7,0.00%,,
2067,3221,,,,,3,7,0.00%,,
2068,3221,,,,,4,7,0.16%,,
2069,3221,,,,,5,7,0.48%,,
2070,3221,,,,,6,7,0.80%,,
2071,3221,,,,,7,7,1.44%,,
2072,3221,,,,,8,7,2.08%,,
2073,3221,,,,,9,7,2.72%,,
2074,3221,,,,,10,7,3.68%,,
2075,3221,,,,,11,7,4.64%,,
2076,3221,,,,,12,7,5.60%,,
2077,3221,,,,,13,7,6.11%,,
2078,3221,,,,,14,7,6.62%,,
2079,3221,,,,,15,7,7.13%,,
2080,3221,,,,,16,7,7.64%,,
2081,3221,,,,,17,7,8.15%,,
2082,3221,,,,,18,7,8.65%,,
2083,3221,,,,,19,7,9.16%,,
2084,3221,,,,,20,7,9.67%,,
2085,3221,,,,,21,7,10.18%,,
2086,3221,,,,,22,7,10.69%,,
2087,3221,,,,,23,7,11.20%,,
2088,3221,,,,,24,7,11.71%,,
2089,3251,,,,,1,8,0.00%,,
2090,3251,,,,,2,8,0.00%,,
2091,3251,,,,,3,8,0.10%,,
2092,3251,,,,,4,8,0.25%,,
2093,3251,,,,,5,8,0.40%,,
2094,3251,,,,,6,8,0.70%,,
2095,3251,,,,,7,8,1.00%,,
2096,3251,,,,,8,8,1.30%,,
2097,3251,,,,,9,8,1.75%,,
2098,3251,,,,,10,8,2.20%,,
2099,3251,,,,,11,8,2.65%,,
2100,3251,,,,,12,8,3.25%,,
2101,3251,,,,,13,8,3.55%,,
2102,3251,,,,,14,8,3.84%,,
2103,3251,,,,,15,8,4.14%,,
2104,3251,,,,,16,8,4.43%,,
2105,3251,,,,,17,8,4.73%,,
2106,3251,,,,,18,8,5.02%,,
2107,3251,,,,,19,8,5.32%,,
2108,3251,,,,,20,8,5.61%,,
2109,3251,,,,,21,8,5.91%,,
2110,3251,,,,,22,8,6.20%,,
2111,3251,,,,,23,8,6.50%,,
2112,3251,,,,,24,8,6.80%,,
2113,3283,,,,,1,8,0.00%,,
2114,3283,,,,,2,8,0.08%,,
2115,3283,,,,,3,8,0.16%,,
2116,3283,,,,,4,8,0.24%,,
2117,3283,,,,,5,8,0.40%,,
2118,3283,,,,,6,8,0.56%,,
2119,3283,,,,,7,8,0.80%,,
2120,3283,,,,,8,8,1.04%,,
2121,3283,,,,,9,8,1.36%,,
2122,3283,,,,,10,8,1.68%,,
2123,3283,,,,,11,8,2.00%,,
2124,3283,,,,,12,8,2.40%,,
2125,3283,,,,,13,8,2.62%,,
2126,3283,,,,,14,8,2.84%,,
2127,3283,,,,,15,8,3.05%,,
2128,3283,,,,,16,8,3.27%,,
2129,3283,,,,,17,8,3.49%,,
2130,3283,,,,,18,8,3.71%,,
2131,3283,,,,,19,8,3.93%,,
2132,3283,,,,,20,8,4.15%,,
2133,3283,,,,,21,8,4.36%,,
2134,3283,,,,,22,8,4.58%,,
2135,3283,,,,,23,8,4.80%,,
2136,3283,,,,,24,8,5.02%,,
2137,3293,,,,,1,7,0.00%,,
2138,3293,,,,,2,7,0.08%,,
2139,3293,,,,,3,7,0.16%,,
2140,3293,,,,,4,7,0.24%,,
2141,3293,,,,,5,7,0.40%,,
2142,3293,,,,,6,7,0.56%,,
2143,3293,,,,,7,7,0.80%,,
2144,3293,,,,,8,7,1.04%,,
2145,3293,,,,,9,7,1.36%,,
2146,3293,,,,,10,7,1.68%,,
2147,3293,,,,,11,7,2.00%,,
2148,3293,,,,,12,7,2.40%,,
2149,3293,,,,,13,7,2.62%,,
2150,3293,,,,,14,7,2.84%,,
2151,3293,,,,,15,7,3.05%,,
2152,3293,,,,,16,7,3.27%,,
2153,3293,,,,,17,7,3.49%,,
2154,3293,,,,,18,7,3.71%,,
2155,3293,,,,,19,7,3.93%,,
2156,3293,,,,,20,7,4.15%,,
2157,3293,,,,,21,7,4.36%,,
2158,3293,,,,,22,7,4.58%,,
2159,3293,,,,,23,7,4.80%,,
2160,3293,,,,,24,7,5.02%,,
2161,3303,,,,,1,1,0.00%,,
2162,3303,,,,,2,1,0.00%,,
2163,3303,,,,,3,1,0.00%,,
2164,3303,,,,,4,1,0.16%,,
2165,3303,,,,,5,1,0.48%,,
2166,3303,,,,,6,1,0.80%,,
2167,3303,,,,,7,1,1.44%,,
2168,3303,,,,,8,1,2.08%,,
2169,3303,,,,,9,1,2.72%,,
2170,3303,,,,,10,1,3.68%,,
2171,3303,,,,,11,1,4.64%,,
2172,3303,,,,,12,1,5.60%,,
2173,3303,,,,,13,1,6.11%,,
2174,3303,,,,,14,1,6.62%,,
2175,3303,,,,,15,1,7.13%,,
2176,3303,,,,,16,1,7.64%,,
2177,3303,,,,,17,1,8.15%,,
2178,3303,,,,,18,1,8.65%,,
2179,3303,,,,,19,1,9.16%,,
2180,3303,,,,,20,1,9.67%,,
2181,3303,,,,,21,1,10.18%,,
2182,3303,,,,,22,1,10.69%,,
2183,3303,,,,,23,1,11.20%,,
2184,3303,,,,,24,1,11.71%,,
2185,3342,,,,,1,7,0.00%,,
2186,3342,,,,,2,7,0.08%,,
2187,3342,,,,,3,7,0.16%,,
2188,3342,,,,,4,7,0.24%,,
2189,3342,,,,,5,7,0.40%,,
2190,3342,,,,,6,7,0.56%,,
2191,3342,,,,,7,7,0.80%,,
2192,3342,,,,,8,7,1.04%,,
2193,3342,,,,,9,7,1.36%,,
2194,3342,,,,,10,7,1.68%,,
2195,3342,,,,,11,7,2.00%,,
2196,3342,,,,,12,7,2.40%,,
2197,3342,,,,,13,7,2.62%,,
2198,3342,,,,,14,7,2.84%,,
2199,3342,,,,,15,7,3.05%,,
2200,3342,,,,,16,7,3.27%,,
2201,3342,,,,,17,7,3.49%,,
2202,3342,,,,,18,7,3.71%,,
2203,3342,,,,,19,7,3.93%,,
2204,3342,,,,,20,7,4.15%,,
2205,3342,,,,,21,7,4.36%,,
2206,3342,,,,,22,7,4.58%,,
2207,3342,,,,,23,7,4.80%,,
2208,3342,,,,,24,7,5.02%,,
2209,3353,,,,,1,9,0.00%,,
2210,3353,,,,,2,9,0.00%,,
2211,3353,,,,,3,9,0.00%,,
2212,3353,,,,,4,9,0.16%,,
2213,3353,,,,,5,9,0.48%,,
2214,3353,,,,,6,9,0.80%,,
2215,3353,,,,,7,9,1.44%,,
2216,3353,,,,,8,9,2.08%,,
2217,3353,,,,,9,9,2.72%,,
2218,3353,,,,,10,9,3.68%,,
2219,3353,,,,,11,9,4.64%,,
2220,3353,,,,,12,9,5.60%,,
2221,3353,,,,,13,9,6.11%,,
2222,3353,,,,,14,9,6.62%,,
2223,3353,,,,,15,9,7.13%,,
2224,3353,,,,,16,9,7.64%,,
2225,3353,,,,,17,9,8.15%,,
2226,3353,,,,,18,9,8.65%,,
2227,3353,,,,,19,9,9.16%,,
2228,3353,,,,,20,9,9.67%,,
2229,3353,,,,,21,9,10.18%,,
2230,3353,,,,,22,9,10.69%,,
2231,3353,,,,,23,9,11.20%,,
2232,3353,,,,,24,9,11.71%,,
2233,3432,,,,,1,9,0.00%,,
2234,3432,,,,,2,9,0.04%,,
2235,3432,,,,,3,9,0.06%,,
2236,3432,,,,,4,9,0.08%,,
2237,3432,,,,,5,9,0.12%,,
2238,3432,,,,,6,9,0.18%,,
2239,3432,,,,,7,9,0.24%,,
2240,3432,,,,,8,9,0.32%,,
2241,3432,,,,,9,9,0.40%,,
2242,3432,,,,,10,9,0.50%,,
2243,3432,,,,,11,9,0.60%,,
2244,3432,,,,,12,9,0.72%,,
2245,3432,,,,,13,9,0.79%,,
2246,3432,,,,,14,9,0.85%,,
2247,3432,,,,,15,9,0.92%,,
2248,3432,,,,,16,9,0.98%,,
2249,3432,,,,,17,9,1.05%,,
2250,3432,,,,,18,9,1.11%,,
2251,3432,,,,,19,9,1.18%,,
2252,3432,,,,,20,9,1.24%,,
2253,3432,,,,,21,9,1.31%,,
2254,3432,,,,,22,9,1.37%,,
2255,3432,,,,,23,9,1.44%,,
2256,3432,,,,,24,9,1.51%,,
2257,3472,,,,,1,7,0.00%,,
2258,3472,,,,,2,7,0.08%,,
2259,3472,,,,,3,7,0.16%,,
2260,3472,,,,,4,7,0.24%,,
2261,3472,,,,,5,7,0.40%,,
2262,3472,,,,,6,7,0.56%,,
2263,3472,,,,,7,7,0.80%,,
2264,3472,,,,,8,7,1.04%,,
2265,3472,,,,,9,7,1.36%,,
2266,3472,,,,,10,7,1.68%,,
2267,3472,,,,,11,7,2.00%,,
2268,3472,,,,,12,7,2.40%,,
2269,3472,,,,,13,7,2.62%,,
2270,3472,,,,,14,7,2.84%,,
2271,3472,,,,,15,7,3.05%,,
2272,3472,,,,,16,7,3.27%,,
2273,3472,,,,,17,7,3.49%,,
2274,3472,,,,,18,7,3.71%,,
2275,3472,,,,,19,7,3.93%,,
2276,3472,,,,,20,7,4.15%,,
2277,3472,,,,,21,7,4.36%,,
2278,3472,,,,,22,7,4.58%,,
2279,3472,,,,,23,7,4.80%,,
2280,3472,,,,,24,7,5.02%,,
2281,3511,,,,,1,8,0.00%,,
2282,3511,,,,,2,8,0.08%,,
2283,3511,,,,,3,8,0.16%,,
2284,3511,,,,,4,8,0.24%,,
2285,3511,,,,,5,8,0.40%,,
2286,3511,,,,,6,8,0.56%,,
2287,3511,,,,,7,8,0.80%,,
2288,3511,,,,,8,8,1.04%,,
2289,3511,,,,,9,8,1.36%,,
2290,3511,,,,,10,8,1.68%,,
2291,3511,,,,,11,8,2.00%,,
2292,3511,,,,,12,8,2.40%,,
2293,3511,,,,,13,8,2.62%,,
2294,3511,,,,,14,8,2.84%,,
2295,3511,,,,,15,8,3.05%,,
2296,3511,,,,,16,8,3.27%,,
2297,3511,,,,,17,8,3.49%,,
2298,3511,,,,,18,8,3.71%,,
2299,3511,,,,,19,8,3.93%,,
2300,3511,,,,,20,8,4.15%,,
2301,3511,,,,,21,8,4.36%,,
2302,3511,,,,,22,8,4.58%,,
2303,3511,,,,,23,8,4.80%,,
2304,3511,,,,,24,8,5.02%,,
2305,3543,,,,,1,9,0.00%,,
2306,3543,,,,,2,9,0.00%,,
2307,3543,,,,,3,9,0.10%,,
2308,3543,,,,,4,9,0.25%,,
2309,3543,,,,,5,9,0.40%,,
2310,3543,,,,,6,9,0.70%,,
2311,3543,,,,,7,9,1.00%,,
2312,3543,,,,,8,9,1.30%,,
2313,3543,,,,,9,9,1.75%,,
2314,3543,,,,,10,9,2.20%,,
2315,3543,,,,,11,9,2.65%,,
2316,3543,,,,,12,9,3.25%,,
2317,3543,,,,,13,9,3.55%,,
2318,3543,,,,,14,9,3.84%,,
2319,3543,,,,,15,9,4.14%,,
2320,3543,,,,,16,9,4.43%,,
2321,3543,,,,,17,9,4.73%,,
2322,3543,,,,,18,9,5.02%,,
2323,3543,,,,,19,9,5.32%,,
2324,3543,,,,,20,9,5.61%,,
2325,3543,,,,,21,9,5.91%,,
2326,3543,,,,,22,9,6.20%,,
2327,3543,,,,,23,9,6.50%,,
2328,3543,,,,,24,9,6.80%,,
2329,3592,,,,,1,9,0.00%,,
2330,3592,,,,,2,9,0.00%,,
2331,3592,,,,,3,9,0.10%,,
2332,3592,,,,,4,9,0.25%,,
2333,3592,,,,,5,9,0.40%,,
2334,3592,,,,,6,9,0.70%,,
2335,3592,,,,,7,9,1.00%,,
2336,3592,,,,,8,9,1.30%,,
2337,3592,,,,,9,9,1.75%,,
2338,3592,,,,,10,9,2.20%,,
2339,3592,,,,,11,9,2.65%,,
2340,3592,,,,,12,9,3.25%,,
2341,3592,,,,,13,9,3.55%,,
2342,3592,,,,,14,9,3.84%,,
2343,3592,,,,,15,9,4.14%,,
2344,3592,,,,,16,9,4.43%,,
2345,3592,,,,,17,9,4.73%,,
2346,3592,,,,,18,9,5.02%,,
2347,3592,,,,,19,9,5.32%,,
2348,3592,,,,,20,9,5.61%,,
2349,3592,,,,,21,9,5.91%,,
2350,3592,,,,,22,9,6.20%,,
2351,3592,,,,,23,9,6.50%,,
2352,3592,,,,,24,9,6.80%,,
2353,3601,,,,,1,8,0.00%,,
2354,3601,,,,,2,8,0.00%,,
2355,3601,,,,,3,8,0.00%,,
2356,3601,,,,,4,8,0.16%,,
2357,3601,,,,,5,8,0.48%,,
2358,3601,,,,,6,8,0.80%,,
2359,3601,,,,,7,8,1.44%,,
2360,3601,,,,,8,8,2.08%,,
2361,3601,,,,,9,8,2.72%,,
2362,3601,,,,,10,8,3.68%,,
2363,3601,,,,,11,8,4.64%,,
2364,3601,,,,,12,8,5.60%,,
2365,3601,,,,,13,8,6.11%,,
2366,3601,,,,,14,8,6.62%,,
2367,3601,,,,,15,8,7.13%,,
2368,3601,,,,,16,8,7.64%,,
2369,3601,,,,,17,8,8.15%,,
2370,3601,,,,,18,8,8.65%,,
2371,3601,,,,,19,8,9.16%,,
2372,3601,,,,,20,8,9.67%,,
2373,3601,,,,,21,8,10.18%,,
2374,3601,,,,,22,8,10.69%,,
2375,3601,,,,,23,8,11.20%,,
2376,3601,,,,,24,8,11.71%,,
2377,3663,,,,,1,7,0.00%,,
2378,3663,,,,,2,7,0.00%,,
2379,3663,,,,,3,7,0.10%,,
2380,3663,,,,,4,7,0.25%,,
2381,3663,,,,,5,7,0.40%,,
2382,3663,,,,,6,7,0.70%,,
2383,3663,,,,,7,7,1.00%,,
2384,3663,,,,,8,7,1.30%,,
2385,3663,,,,,9,7,1.75%,,
2386,3663,,,,,10,7,2.20%,,
2387,3663,,,,,11,7,2.65%,,
2388,3663,,,,,12,7,3.25%,,
2389,3663,,,,,13,7,3.55%,,
2390,3663,,,,,14,7,3.84%,,
2391,3663,,,,,15,7,4.14%,,
2392,3663,,,,,16,7,4.43%,,
2393,3663,,,,,17,7,4.73%,,
2394,3663,,,,,18,7,5.02%,,
2395,3663,,,,,19,7,5.32%,,
2396,3663,,,,,20,7,5.61%,,
2397,3663,,,,,21,7,5.91%,,
2398,3663,,,,,22,7,6.20%,,
2399,3663,,,,,23,7,6.50%,,
2400,3663,,,,,24,7,6.80%,,
2401,3673,,,,,1,1,0.00%,,
2402,3673,,,,,2,1,0.00%,,
2403,3673,,,,,3,1,0.00%,,
2404,3673,,,,,4,1,0.16%,,
2405,3673,,,,,5,1,0.48%,,
2406,3673,,,,,6,1,0.80%,,
2407,3673,,,,,7,1,1.44%,,
2408,3673,,,,,8,1,2.08%,,
2409,3673,,,,,9,1,2.72%,,
2410,3673,,,,,10,1,3.68%,,
2411,3673,,,,,11,1,4.64%,,
2412,3673,,,,,12,1,5.60%,,
2413,3673,,,,,13,1,6.11%,,
2414,3673,,,,,14,1,6.62%,,
2415,3673,,,,,15,1,7.13%,,
2416,3673,,,,,16,1,7.64%,,
2417,3673,,,,,17,1,8.15%,,
2418,3673,,,,,18,1,8.65%,,
2419,3673,,,,,19,1,9.16%,,
2420,3673,,,,,20,1,9.67%,,
2421,3673,,,,,21,1,10.18%,,
2422,3673,,,,,22,1,10.69%,,
2423,3673,,,,,23,1,11.20%,,
2424,3673,,,,,24,1,11.71%,,
2425,3683,,,,,1,7,0.00%,,
2426,3683,,,,,2,7,0.08%,,
2427,3683,,,,,3,7,0.16%,,
2428,3683,,,,,4,7,0.24%,,
2429,3683,,,,,5,7,0.40%,,
2430,3683,,,,,6,7,0.56%,,
2431,3683,,,,,7,7,0.80%,,
2432,3683,,,,,8,7,1.04%,,
2433,3683,,,,,9,7,1.36%,,
2434,3683,,,,,10,7,1.68%,,
2435,3683,,,,,11,7,2.00%,,
2436,3683,,,,,12,7,2.40%,,
2437,3683,,,,,13,7,2.62%,,
2438,3683,,,,,14,7,2.84%,,
2439,3683,,,,,15,7,3.05%,,
2440,3683,,,,,16,7,3.27%,,
2441,3683,,,,,17,7,3.49%,,
2442,3683,,,,,18,7,3.71%,,
2443,3683,,,,,19,7,3.93%,,
2444,3683,,,,,20,7,4.15%,,
2445,3683,,,,,21,7,4.36%,,
2446,3683,,,,,22,7,4.58%,,
2447,3683,,,,,23,7,4.80%,,
2448,3683,,,,,24,7,5.02%,,
2449,3772,,,,,1,10,0.00%,,
2450,3772,,,,,2,10,0.04%,,
2451,3772,,,,,3,10,0.06%,,
2452,3772,,,,,4,10,0.08%,,
2453,3772,,,,,5,10,0.12%,,
2454,3772,,,,,6,10,0.18%,,
2455,3772,,,,,7,10,0.24%,,
2456,3772,,,,,8,10,0.32%,,
2457,3772,,,,,9,10,0.40%,,
2458,3772,,,,,10,10,0.50%,,
2459,3772,,,,,11,10,0.60%,,
2460,3772,,,,,12,10,0.72%,,
2461,3772,,,,,13,10,0.79%,,
2462,3772,,,,,14,10,0.85%,,
2463,3772,,,,,15,10,0.92%,,
2464,3772,,,,,16,10,0.98%,,
2465,3772,,,,,17,10,1.05%,,
2466,3772,,,,,18,10,1.11%,,
2467,3772,,,,,19,10,1.18%,,
2468,3772,,,,,20,10,1.24%,,
2469,3772,,,,,21,10,1.31%,,
2470,3772,,,,,22,10,1.37%,,
2471,3772,,,,,23,10,1.44%,,
2472,3772,,,,,24,10,1.51%,,
2473,4023,,,,,1,7,0.00%,,
2474,4023,,,,,2,7,0.00%,,
2475,4023,,,,,3,7,0.00%,,
2476,4023,,,,,4,7,0.16%,,
2477,4023,,,,,5,7,0.48%,,
2478,4023,,,,,6,7,0.80%,,
2479,4023,,,,,7,7,1.44%,,
2480,4023,,,,,8,7,2.08%,,
2481,4023,,,,,9,7,2.72%,,
2482,4023,,,,,10,7,3.68%,,
2483,4023,,,,,11,7,4.64%,,
2484,4023,,,,,12,7,5.60%,,
2485,4023,,,,,13,7,6.11%,,
2486,4023,,,,,14,7,6.62%,,
2487,4023,,,,,15,7,7.13%,,
2488,4023,,,,,16,7,7.64%,,
2489,4023,,,,,17,7,8.15%,,
2490,4023,,,,,18,7,8.65%,,
2491,4023,,,,,19,7,9.16%,,
2492,4023,,,,,20,7,9.67%,,
2493,4023,,,,,21,7,10.18%,,
2494,4023,,,,,22,7,10.69%,,
2495,4023,,,,,23,7,11.20%,,
2496,4023,,,,,24,7,11.71%,,
2497,4024,,,,,1,7,0.00%,,
2498,4024,,,,,2,7,0.00%,,
2499,4024,,,,,3,7,0.00%,,
2500,4024,,,,,4,7,0.16%,,
2501,4024,,,,,5,7,0.48%,,
2502,4024,,,,,6,7,0.80%,,
2503,4024,,,,,7,7,1.44%,,
2504,4024,,,,,8,7,2.08%,,
2505,4024,,,,,9,7,2.72%,,
2506,4024,,,,,10,7,3.68%,,
2507,4024,,,,,11,7,4.64%,,
2508,4024,,,,,12,7,5.60%,,
2509,4024,,,,,13,7,6.11%,,
2510,4024,,,,,14,7,6.62%,,
2511,4024,,,,,15,7,7.13%,,
2512,4024,,,,,16,7,7.64%,,
2513,4024,,,,,17,7,8.15%,,
2514,4024,,,,,18,7,8.65%,,
2515,4024,,,,,19,7,9.16%,,
2516,4024,,,,,20,7,9.67%,,
2517,4024,,,,,21,7,10.18%,,
2518,4024,,,,,22,7,10.69%,,
2519,4024,,,,,23,7,11.20%,,
2520,4024,,,,,24,7,11.71%,,
2521,4121,,,,,1,7,0.00%,,
2522,4121,,,,,2,7,0.00%,,
2523,4121,,,,,3,7,0.00%,,
2524,4121,,,,,4,7,0.16%,,
2525,4121,,,,,5,7,0.48%,,
2526,4121,,,,,6,7,0.80%,,
2527,4121,,,,,7,7,1.44%,,
2528,4121,,,,,8,7,2.08%,,
2529,4121,,,,,9,7,2.72%,,
2530,4121,,,,,10,7,3.68%,,
2531,4121,,,,,11,7,4.64%,,
2532,4121,,,,,12,7,5.60%,,
2533,4121,,,,,13,7,6.11%,,
2534,4121,,,,,14,7,6.62%,,
2535,4121,,,,,15,7,7.13%,,
2536,4121,,,,,16,7,7.64%,,
2537,4121,,,,,17,7,8.15%,,
2538,4121,,,,,18,7,8.65%,,
2539,4121,,,,,19,7,9.16%,,
2540,4121,,,,,20,7,9.67%,,
2541,4121,,,,,21,7,10.18%,,
2542,4121,,,,,22,7,10.69%,,
2543,4121,,,,,23,7,11.20%,,
2544,4121,,,,,24,7,11.71%,,
2545,4161,,,,,1,7,0.00%,,
2546,4161,,,,,2,7,0.00%,,
2547,4161,,,,,3,7,0.00%,,
2548,4161,,,,,4,7,0.16%,,
2549,4161,,,,,5,7,0.48%,,
2550,4161,,,,,6,7,0.80%,,
2551,4161,,,,,7,7,1.44%,,
2552,4161,,,,,8,7,2.08%,,
2553,4161,,,,,9,7,2.72%,,
2554,4161,,,,,10,7,3.68%,,
2555,4161,,,,,11,7,4.64%,,
2556,4161,,,,,12,7,5.60%,,
2557,4161,,,,,13,7,6.11%,,
2558,4161,,,,,14,7,6.62%,,
2559,4161,,,,,15,7,7.13%,,
2560,4161,,,,,16,7,7.64%,,
2561,4161,,,,,17,7,8.15%,,
2562,4161,,,,,18,7,8.65%,,
2563,4161,,,,,19,7,9.16%,,
2564,4161,,,,,20,7,9.67%,,
2565,4161,,,,,21,7,10.18%,,
2566,4161,,,,,22,7,10.69%,,
2567,4161,,,,,23,7,11.20%,,
2568,4161,,,,,24,7,11.71%,,
2569,7001,,,,,1,10,0.00%,,
2570,7001,,,,,2,10,0.00%,,
2571,7001,,,,,3,10,0.00%,,
2572,7001,,,,,4,10,0.16%,,
2573,7001,,,,,5,10,0.48%,,
2574,7001,,,,,6,10,0.80%,,
2575,7001,,,,,7,10,1.44%,,
2576,7001,,,,,8,10,2.08%,,
2577,7001,,,,,9,10,2.72%,,
2578,7001,,,,,10,10,3.68%,,
2579,7001,,,,,11,10,4.64%,,
2580,7001,,,,,12,10,5.60%,,
2581,7001,,,,,13,10,6.11%,,
2582,7001,,,,,14,10,6.62%,,
2583,7001,,,,,15,10,7.13%,,
2584,7001,,,,,16,10,7.64%,,
2585,7001,,,,,17,10,8.15%,,
2586,7001,,,,,18,10,8.65%,,
2587,7001,,,,,19,10,9.16%,,
2588,7001,,,,,20,10,9.67%,,
2589,7001,,,,,21,10,10.18%,,
2590,7001,,,,,22,10,10.69%,,
2591,7001,,,,,23,10,11.20%,,
2592,7001,,,,,24,10,11.71%,,
2593,7011,,,,,1,8,0.00%,,
2594,7011,,,,,2,8,0.00%,,
2595,7011,,,,,3,8,0.00%,,
2596,7011,,,,,4,8,0.16%,,
2597,7011,,,,,5,8,0.48%,,
2598,7011,,,,,6,8,0.80%,,
2599,7011,,,,,7,8,1.44%,,
2600,7011,,,,,8,8,2.08%,,
2601,7011,,,,,9,8,2.72%,,
2602,7011,,,,,10,8,3.68%,,
2603,7011,,,,,11,8,4.64%,,
2604,7011,,,,,12,8,5.60%,,
2605,7011,,,,,13,8,6.11%,,
2606,7011,,,,,14,8,6.62%,,
2607,7011,,,,,15,8,7.13%,,
2608,7011,,,,,16,8,7.64%,,
2609,7011,,,,,17,8,8.15%,,
2610,7011,,,,,18,8,8.65%,,
2611,7011,,,,,19,8,9.16%,,
2612,7011,,,,,20,8,9.67%,,
2613,7011,,,,,21,8,10.18%,,
2614,7011,,,,,22,8,10.69%,,
2615,7011,,,,,23,8,11.20%,,
2616,7011,,,,,24,8,11.71%,,
2617,7031,,,,,1,7,0.00%,,
2618,7031,,,,,2,7,0.00%,,
2619,7031,,,,,3,7,0.00%,,
2620,7031,,,,,4,7,0.16%,,
2621,7031,,,,,5,7,0.48%,,
2622,7031,,,,,6,7,0.80%,,
2623,7031,,,,,7,7,1.44%,,
2624,7031,,,,,8,7,2.08%,,
2625,7031,,,,,9,7,2.72%,,
2626,7031,,,,,10,7,3.68%,,
2627,7031,,,,,11,7,4.64%,,
2628,7031,,,,,12,7,5.60%,,
2629,7031,,,,,13,7,6.11%,,
2630,7031,,,,,14,7,6.62%,,
2631,7031,,,,,15,7,7.13%,,
2632,7031,,,,,16,7,7.64%,,
2633,7031,,,,,17,7,8.15%,,
2634,7031,,,,,18,7,8.65%,,
2635,7031,,,,,19,7,9.16%,,
2636,7031,,,,,20,7,9.67%,,
2637,7031,,,,,21,7,10.18%,,
2638,7031,,,,,22,7,10.69%,,
2639,7031,,,,,23,7,11.20%,,
2640,7031,,,,,24,7,11.71%,,
2641,7051,,,,,1,13,0.00%,,
2642,7051,,,,,2,13,0.00%,,
2643,7051,,,,,3,13,0.00%,,
2644,7051,,,,,4,13,0.16%,,
2645,7051,,,,,5,13,0.48%,,
2646,7051,,,,,6,13,0.80%,,
2647,7051,,,,,7,13,1.44%,,
2648,7051,,,,,8,13,2.08%,,
2649,7051,,,,,9,13,2.72%,,
2650,7051,,,,,10,13,3.68%,,
2651,7051,,,,,11,13,4.64%,,
2652,7051,,,,,12,13,5.60%,,
2653,7051,,,,,13,13,6.11%,,
2654,7051,,,,,14,13,6.62%,,
2655,7051,,,,,15,13,7.13%,,
2656,7051,,,,,16,13,7.64%,,
2657,7051,,,,,17,13,8.15%,,
2658,7051,,,,,18,13,8.65%,,
2659,7051,,,,,19,13,9.16%,,
2660,7051,,,,,20,13,9.67%,,
2661,7051,,,,,21,13,10.18%,,
2662,7051,,,,,22,13,10.69%,,
2663,7051,,,,,23,13,11.20%,,
2664,7051,,,,,24,13,11.71%,,
2665,8001,,,,,1,1,0.00%,,
2666,8001,,,,,2,1,0.00%,,
2667,8001,,,,,3,1,0.00%,,
2668,8001,,,,,4,1,0.16%,,
2669,8001,,,,,5,1,0.48%,,
2670,8001,,,,,6,1,0.80%,,
2671,8001,,,,,7,1,1.44%,,
2672,8001,,,,,8,1,2.08%,,
2673,8001,,,,,9,1,2.72%,,
2674,8001,,,,,10,1,3.68%,,
2675,8001,,,,,11,1,4.64%,,
2676,8001,,,,,12,1,5.60%,,
2677,8001,,,,,13,1,6.11%,,
2678,8001,,,,,14,1,6.62%,,
2679,8001,,,,,15,1,7.13%,,
2680,8001,,,,,16,1,7.64%,,
2681,8001,,,,,17,1,8.15%,,
2682,8001,,,,,18,1,8.65%,,
2683,8001,,,,,19,1,9.16%,,
2684,8001,,,,,20,1,9.67%,,
2685,8001,,,,,21,1,10.18%,,
2686,8001,,,,,22,1,10.69%,,
2687,8001,,,,,23,1,11.20%,,
2688,8001,,,,,24,1,11.71%,,
2689,8002,,,,,1,1,0.00%,,
2690,8002,,,,,2,1,0.00%,,
2691,8002,,,,,3,1,0.00%,,
2692,8002,,,,,4,1,0.16%,,
2693,8002,,,,,5,1,0.48%,,
2694,8002,,,,,6,1,0.80%,,
2695,8002,,,,,7,1,1.44%,,
2696,8002,,,,,8,1,2.08%,,
2697,8002,,,,,9,1,2.72%,,
2698,8002,,,,,10,1,3.68%,,
2699,8002,,,,,11,1,4.64%,,
2700,8002,,,,,12,1,5.60%,,
2701,8002,,,,,13,1,6.11%,,
2702,8002,,,,,14,1,6.62%,,
2703,8002,,,,,15,1,7.13%,,
2704,8002,,,,,16,1,7.64%,,
2705,8002,,,,,17,1,8.15%,,
2706,8002,,,,,18,1,8.65%,,
2707,8002,,,,,19,1,9.16%,,
2708,8002,,,,,20,1,9.67%,,
2709,8002,,,,,21,1,10.18%,,
2710,8002,,,,,22,1,10.69%,,
2711,8002,,,,,23,1,11.20%,,
2712,8002,,,,,24,1,11.71%,,
2713,8003,,,,,1,1,0.00%,,
2714,8003,,,,,2,1,0.00%,,
2715,8003,,,,,3,1,0.00%,,
2716,8003,,,,,4,1,0.16%,,
2717,8003,,,,,5,1,0.48%,,
2718,8003,,,,,6,1,0.80%,,
2719,8003,,,,,7,1,1.44%,,
2720,8003,,,,,8,1,2.08%,,
2721,8003,,,,,9,1,2.72%,,
2722,8003,,,,,10,1,3.68%,,
2723,8003,,,,,11,1,4.64%,,
2724,8003,,,,,12,1,5.60%,,
2725,8003,,,,,13,1,6.11%,,
2726,8003,,,,,14,1,6.62%,,
2727,8003,,,,,15,1,7.13%,,
2728,8003,,,,,16,1,7.64%,,
2729,8003,,,,,17,1,8.15%,,
2730,8003,,,,,18,1,8.65%,,
2731,8003,,,,,19,1,9.16%,,
2732,8003,,,,,20,1,9.67%,,
2733,8003,,,,,21,1,10.18%,,
2734,8003,,,,,22,1,10.69%,,
2735,8003,,,,,23,1,11.20%,,
2736,8003,,,,,24,1,11.71%,,
2737,8004,,,,,1,7,0.00%,,
2738,8004,,,,,2,7,0.00%,,
2739,8004,,,,,3,7,0.00%,,
2740,8004,,,,,4,7,0.16%,,
2741,8004,,,,,5,7,0.48%,,
2742,8004,,,,,6,7,0.80%,,
2743,8004,,,,,7,7,1.44%,,
2744,8004,,,,,8,7,2.08%,,
2745,8004,,,,,9,7,2.72%,,
2746,8004,,,,,10,7,3.68%,,
2747,8004,,,,,11,7,4.64%,,
2748,8004,,,,,12,7,5.60%,,
2749,8004,,,,,13,7,6.11%,,
2750,8004,,,,,14,7,6.62%,,
2751,8004,,,,,15,7,7.13%,,
2752,8004,,,,,16,7,7.64%,,
2753,8004,,,,,17,7,8.15%,,
2754,8004,,,,,18,7,8.65%,,
2755,8004,,,,,19,7,9.16%,,
2756,8004,,,,,20,7,9.67%,,
2757,8004,,,,,21,7,10.18%,,
2758,8004,,,,,22,7,10.69%,,
2759,8004,,,,,23,7,11.20%,,
2760,8004,,,,,24,7,11.71%,,
2761,8005,,,,,1,1,0.00%,,
2762,8005,,,,,2,1,0.00%,,
2763,8005,,,,,3,1,0.00%,,
2764,8005,,,,,4,1,0.16%,,
2765,8005,,,,,5,1,0.48%,,
2766,8005,,,,,6,1,0.80%,,
2767,8005,,,,,7,1,1.44%,,
2768,8005,,,,,8,1,2.08%,,
2769,8005,,,,,9,1,2.72%,,
2770,8005,,,,,10,1,3.68%,,
2771,8005,,,,,11,1,4.64%,,
2772,8005,,,,,12,1,5.60%,,
2773,8005,,,,,13,1,6.11%,,
2774,8005,,,,,14,1,6.62%,,
2775,8005,,,,,15,1,7.13%,,
2776,8005,,,,,16,1,7.64%,,
2777,8005,,,,,17,1,8.15%,,
2778,8005,,,,,18,1,8.65%,,
2779,8005,,,,,19,1,9.16%,,
2780,8005,,,,,20,1,9.67%,,
2781,8005,,,,,21,1,10.18%,,
2782,8005,,,,,22,1,10.69%,,
2783,8005,,,,,23,1,11.20%,,
2784,8005,,,,,24,1,11.71%,,
2785,8006,,,,,1,1,0.00%,,
2786,8006,,,,,2,1,0.00%,,
2787,8006,,,,,3,1,0.00%,,
2788,8006,,,,,4,1,0.16%,,
2789,8006,,,,,5,1,0.48%,,
2790,8006,,,,,6,1,0.80%,,
2791,8006,,,,,7,1,1.44%,,
2792,8006,,,,,8,1,2.08%,,
2793,8006,,,,,9,1,2.72%,,
2794,8006,,,,,10,1,3.68%,,
2795,8006,,,,,11,1,4.64%,,
2796,8006,,,,,12,1,5.60%,,
2797,8006,,,,,13,1,6.11%,,
2798,8006,,,,,14,1,6.62%,,
2799,8006,,,,,15,1,7.13%,,
2800,8006,,,,,16,1,7.64%,,
2801,8006,,,,,17,1,8.15%,,
2802,8006,,,,,18,1,8.65%,,
2803,8006,,,,,19,1,9.16%,,
2804,8006,,,,,20,1,9.67%,,
2805,8006,,,,,21,1,10.18%,,
2806,8006,,,,,22,1,10.69%,,
2807,8006,,,,,23,1,11.20%,,
2808,8006,,,,,24,1,11.71%,,
2809,8007,,,,,1,7,0.00%,,
2810,8007,,,,,2,7,0.00%,,
2811,8007,,,,,3,7,0.00%,,
2812,8007,,,,,4,7,0.16%,,
2813,8007,,,,,5,7,0.48%,,
2814,8007,,,,,6,7,0.80%,,
2815,8007,,,,,7,7,1.44%,,
2816,8007,,,,,8,7,2.08%,,
2817,8007,,,,,9,7,2.72%,,
2818,8007,,,,,10,7,3.68%,,
2819,8007,,,,,11,7,4.64%,,
2820,8007,,,,,12,7,5.60%,,
2821,8007,,,,,13,7,6.11%,,
2822,8007,,,,,14,7,6.62%,,
2823,8007,,,,,15,7,7.13%,,
2824,8007,,,,,16,7,7.64%,,
2825,8007,,,,,17,7,8.15%,,
2826,8007,,,,,18,7,8.65%,,
2827,8007,,,,,19,7,9.16%,,
2828,8007,,,,,20,7,9.67%,,
2829,8007,,,,,21,7,10.18%,,
2830,8007,,,,,22,7,10.69%,,
2831,8007,,,,,23,7,11.20%,,
2832,8007,,,,,24,7,11.71%,,
2833,8008,,,,,1,8,0.00%,,
2834,8008,,,,,2,8,0.00%,,
2835,8008,,,,,3,8,0.00%,,
2836,8008,,,,,4,8,0.16%,,
2837,8008,,,,,5,8,0.48%,,
2838,8008,,,,,6,8,0.80%,,
2839,8008,,,,,7,8,1.44%,,
2840,8008,,,,,8,8,2.08%,,
2841,8008,,,,,9,8,2.72%,,
2842,8008,,,,,10,8,3.68%,,
2843,8008,,,,,11,8,4.64%,,
2844,8008,,,,,12,8,5.60%,,
2845,8008,,,,,13,8,6.11%,,
2846,8008,,,,,14,8,6.62%,,
2847,8008,,,,,15,8,7.13%,,
2848,8008,,,,,16,8,7.64%,,
2849,8008,,,,,17,8,8.15%,,
2850,8008,,,,,18,8,8.65%,,
2851,8008,,,,,19,8,9.16%,,
2852,8008,,,,,20,8,9.67%,,
2853,8008,,,,,21,8,10.18%,,
2854,8008,,,,,22,8,10.69%,,
2855,8008,,,,,23,8,11.20%,,
2856,8008,,,,,24,8,11.71%,,
2857,8009,,,,,1,7,0.00%,,
2858,8009,,,,,2,7,0.00%,,
2859,8009,,,,,3,7,0.00%,,
2860,8009,,,,,4,7,0.16%,,
2861,8009,,,,,5,7,0.48%,,
2862,8009,,,,,6,7,0.80%,,
2863,8009,,,,,7,7,1.44%,,
2864,8009,,,,,8,7,2.08%,,
2865,8009,,,,,9,7,2.72%,,
2866,8009,,,,,10,7,3.68%,,
2867,8009,,,,,11,7,4.64%,,
2868,8009,,,,,12,7,5.60%,,
2869,8009,,,,,13,7,6.11%,,
2870,8009,,,,,14,7,6.62%,,
2871,8009,,,,,15,7,7.13%,,
2872,8009,,,,,16,7,7.64%,,
2873,8009,,,,,17,7,8.15%,,
2874,8009,,,,,18,7,8.65%,,
2875,8009,,,,,19,7,9.16%,,
2876,8009,,,,,20,7,9.67%,,
2877,8009,,,,,21,7,10.18%,,
2878,8009,,,,,22,7,10.69%,,
2879,8009,,,,,23,7,11.20%,,
2880,8009,,,,,24,7,11.71%,,
2881,8010,,,,,1,8,0.00%,,
2882,8010,,,,,2,8,0.00%,,
2883,8010,,,,,3,8,0.00%,,
2884,8010,,,,,4,8,0.16%,,
2885,8010,,,,,5,8,0.48%,,
2886,8010,,,,,6,8,0.80%,,
2887,8010,,,,,7,8,1.44%,,
2888,8010,,,,,8,8,2.08%,,
2889,8010,,,,,9,8,2.72%,,
2890,8010,,,,,10,8,3.68%,,
2891,8010,,,,,11,8,4.64%,,
2892,8010,,,,,12,8,5.60%,,
2893,8010,,,,,13,8,6.11%,,
2894,8010,,,,,14,8,6.62%,,
2895,8010,,,,,15,8,7.13%,,
2896,8010,,,,,16,8,7.64%,,
2897,8010,,,,,17,8,8.15%,,
2898,8010,,,,,18,8,8.65%,,
2899,8010,,,,,19,8,9.16%,,
2900,8010,,,,,20,8,9.67%,,
2901,8010,,,,,21,8,10.18%,,
2902,8010,,,,,22,8,10.69%,,
2903,8010,,,,,23,8,11.20%,,
2904,8010,,,,,24,8,11.71%,,
2905,8012,,,,,1,11,0.00%,,
2906,8012,,,,,2,11,0.00%,,
2907,8012,,,,,3,11,0.00%,,
2908,8012,,,,,4,11,0.16%,,
2909,8012,,,,,5,11,0.48%,,
2910,8012,,,,,6,11,0.80%,,
2911,8012,,,,,7,11,1.44%,,
2912,8012,,,,,8,11,2.08%,,
2913,8012,,,,,9,11,2.72%,,
2914,8012,,,,,10,11,3.68%,,
2915,8012,,,,,11,11,4.64%,,
2916,8012,,,,,12,11,5.60%,,
2917,8012,,,,,13,11,6.11%,,
2918,8012,,,,,14,11,6.62%,,
2919,8012,,,,,15,11,7.13%,,
2920,8012,,,,,16,11,7.64%,,
2921,8012,,,,,17,11,8.15%,,
2922,8012,,,,,18,11,8.65%,,
2923,8012,,,,,19,11,9.16%,,
2924,8012,,,,,20,11,9.67%,,
2925,8012,,,,,21,11,10.18%,,
2926,8012,,,,,22,11,10.69%,,
2927,8012,,,,,23,11,11.20%,,
2928,8012,,,,,24,11,11.71%,,
2929,8013,,,,,1,10,0.00%,,
2930,8013,,,,,2,10,0.00%,,
2931,8013,,,,,3,10,0.00%,,
2932,8013,,,,,4,10,0.16%,,
2933,8013,,,,,5,10,0.48%,,
2934,8013,,,,,6,10,0.80%,,
2935,8013,,,,,7,10,1.44%,,
2936,8013,,,,,8,10,2.08%,,
2937,8013,,,,,9,10,2.72%,,
2938,8013,,,,,10,10,3.68%,,
2939,8013,,,,,11,10,4.64%,,
2940,8013,,,,,12,10,5.60%,,
2941,8013,,,,,13,10,6.11%,,
2942,8013,,,,,14,10,6.62%,,
2943,8013,,,,,15,10,7.13%,,
2944,8013,,,,,16,10,7.64%,,
2945,8013,,,,,17,10,8.15%,,
2946,8013,,,,,18,10,8.65%,,
2947,8013,,,,,19,10,9.16%,,
2948,8013,,,,,20,10,9.67%,,
2949,8013,,,,,21,10,10.18%,,
2950,8013,,,,,22,10,10.69%,,
2951,8013,,,,,23,10,11.20%,,
2952,8013,,,,,24,10,11.71%,,
2953,8101,,,,,1,7,0.00%,,
2954,8101,,,,,2,7,0.00%,,
2955,8101,,,,,3,7,0.00%,,
2956,8101,,,,,4,7,0.16%,,
2957,8101,,,,,5,7,0.48%,,
2958,8101,,,,,6,7,0.80%,,
2959,8101,,,,,7,7,1.44%,,
2960,8101,,,,,8,7,2.08%,,
2961,8101,,,,,9,7,2.72%,,
2962,8101,,,,,10,7,3.68%,,
2963,8101,,,,,11,7,4.64%,,
2964,8101,,,,,12,7,5.60%,,
2965,8101,,,,,13,7,6.11%,,
2966,8101,,,,,14,7,6.62%,,
2967,8101,,,,,15,7,7.13%,,
2968,8101,,,,,16,7,7.64%,,
2969,8101,,,,,17,7,8.15%,,
2970,8101,,,,,18,7,8.65%,,
2971,8101,,,,,19,7,9.16%,,
2972,8101,,,,,20,7,9.67%,,
2973,8101,,,,,21,7,10.18%,,
2974,8101,,,,,22,7,10.69%,,
2975,8101,,,,,23,7,11.20%,,
2976,8101,,,,,24,7,11.71%,,
2977,8102,,,,,1,7,0.00%,,
2978,8102,,,,,2,7,0.00%,,
2979,8102,,,,,3,7,0.00%,,
2980,8102,,,,,4,7,0.16%,,
2981,8102,,,,,5,7,0.48%,,
2982,8102,,,,,6,7,0.80%,,
2983,8102,,,,,7,7,1.44%,,
2984,8102,,,,,8,7,2.08%,,
2985,8102,,,,,9,7,2.72%,,
2986,8102,,,,,10,7,3.68%,,
2987,8102,,,,,11,7,4.64%,,
2988,8102,,,,,12,7,5.60%,,
2989,8102,,,,,13,7,6.11%,,
2990,8102,,,,,14,7,6.62%,,
2991,8102,,,,,15,7,7.13%,,
2992,8102,,,,,16,7,7.64%,,
2993,8102,,,,,17,7,8.15%,,
2994,8102,,,,,18,7,8.65%,,
2995,8102,,,,,19,7,9.16%,,
2996,8102,,,,,20,7,9.67%,,
2997,8102,,,,,21,7,10.18%,,
2998,8102,,,,,22,7,10.69%,,
2999,8102,,,,,23,7,11.20%,,
3000,8102,,,,,24,7,11.71%,,
3001,8103,,,,,1,9,0.00%,,
3002,8103,,,,,2,9,0.00%,,
3003,8103,,,,,3,9,0.00%,,
3004,8103,,,,,4,9,0.16%,,
3005,8103,,,,,5,9,0.48%,,
3006,8103,,,,,6,9,0.80%,,
3007,8103,,,,,7,9,1.44%,,
3008,8103,,,,,8,9,2.08%,,
3009,8103,,,,,9,9,2.72%,,
3010,8103,,,,,10,9,3.68%,,
3011,8103,,,,,11,9,4.64%,,
3012,8103,,,,,12,9,5.60%,,
3013,8103,,,,,13,9,6.11%,,
3014,8103,,,,,14,9,6.62%,,
3015,8103,,,,,15,9,7.13%,,
3016,8103,,,,,16,9,7.64%,,
3017,8103,,,,,17,9,8.15%,,
3018,8103,,,,,18,9,8.65%,,
3019,8103,,,,,19,9,9.16%,,
3020,8103,,,,,20,9,9.67%,,
3021,8103,,,,,21,9,10.18%,,
3022,8103,,,,,22,9,10.69%,,
3023,8103,,,,,23,9,11.20%,,
3024,8103,,,,,24,9,11.71%,,
3025,8104,,,,,1,9,0.00%,,
3026,8104,,,,,2,9,0.00%,,
3027,8104,,,,,3,9,0.00%,,
3028,8104,,,,,4,9,0.16%,,
3029,8104,,,,,5,9,0.48%,,
3030,8104,,,,,6,9,0.80%,,
3031,8104,,,,,7,9,1.44%,,
3032,8104,,,,,8,9,2.08%,,
3033,8104,,,,,9,9,2.72%,,
3034,8104,,,,,10,9,3.68%,,
3035,8104,,,,,11,9,4.64%,,
3036,8104,,,,,12,9,5.60%,,
3037,8104,,,,,13,9,6.11%,,
3038,8104,,,,,14,9,6.62%,,
3039,8104,,,,,15,9,7.13%,,
3040,8104,,,,,16,9,7.64%,,
3041,8104,,,,,17,9,8.15%,,
3042,8104,,,,,18,9,8.65%,,
3043,8104,,,,,19,9,9.16%,,
3044,8104,,,,,20,9,9.67%,,
3045,8104,,,,,21,9,10.18%,,
3046,8104,,,,,22,9,10.69%,,
3047,8104,,,,,23,9,11.20%,,
3048,8104,,,,,24,9,11.71%,,
3049,8105,,,,,1,13,0.00%,,
3050,8105,,,,,2,13,0.00%,,
3051,8105,,,,,3,13,0.00%,,
3052,8105,,,,,4,13,0.16%,,
3053,8105,,,,,5,13,0.48%,,
3054,8105,,,,,6,13,0.80%,,
3055,8105,,,,,7,13,1.44%,,
3056,8105,,,,,8,13,2.08%,,
3057,8105,,,,,9,13,2.72%,,
3058,8105,,,,,10,13,3.68%,,
3059,8105,,,,,11,13,4.64%,,
3060,8105,,,,,12,13,5.60%,,
3061,8105,,,,,13,13,6.11%,,
3062,8105,,,,,14,13,6.62%,,
3063,8105,,,,,15,13,7.13%,,
3064,8105,,,,,16,13,7.64%,,
3065,8105,,,,,17,13,8.15%,,
3066,8105,,,,,18,13,8.65%,,
3067,8105,,,,,19,13,9.16%,,
3068,8105,,,,,20,13,9.67%,,
3069,8105,,,,,21,13,10.18%,,
3070,8105,,,,,22,13,10.69%,,
3071,8105,,,,,23,13,11.20%,,
3072,8105,,,,,24,13,11.71%,,
3073,8106,,,,,1,10,0.00%,,
3074,8106,,,,,2,10,0.00%,,
3075,8106,,,,,3,10,0.00%,,
3076,8106,,,,,4,10,0.16%,,
3077,8106,,,,,5,10,0.48%,,
3078,8106,,,,,6,10,0.80%,,
3079,8106,,,,,7,10,1.44%,,
3080,8106,,,,,8,10,2.08%,,
3081,8106,,,,,9,10,2.72%,,
3082,8106,,,,,10,10,3.68%,,
3083,8106,,,,,11,10,4.64%,,
3084,8106,,,,,12,10,5.60%,,
3085,8106,,,,,13,10,6.11%,,
3086,8106,,,,,14,10,6.62%,,
3087,8106,,,,,15,10,7.13%,,
3088,8106,,,,,16,10,7.64%,,
3089,8106,,,,,17,10,8.15%,,
3090,8106,,,,,18,10,8.65%,,
3091,8106,,,,,19,10,9.16%,,
3092,8106,,,,,20,10,9.67%,,
3093,8106,,,,,21,10,10.18%,,
3094,8106,,,,,22,10,10.69%,,
3095,8106,,,,,23,10,11.20%,,
3096,8106,,,,,24,10,11.71%,,
3097,8107,,,,,1,7,0.00%,,
3098,8107,,,,,2,7,0.00%,,
3099,8107,,,,,3,7,0.00%,,
3100,8107,,,,,4,7,0.16%,,
3101,8107,,,,,5,7,0.48%,,
3102,8107,,,,,6,7,0.80%,,
3103,8107,,,,,7,7,1.44%,,
3104,8107,,,,,8,7,2.08%,,
3105,8107,,,,,9,7,2.72%,,
3106,8107,,,,,10,7,3.68%,,
3107,8107,,,,,11,7,4.64%,,
3108,8107,,,,,12,7,5.60%,,
3109,8107,,,,,13,7,6.11%,,
3110,8107,,,,,14,7,6.62%,,
3111,8107,,,,,15,7,7.13%,,
3112,8107,,,,,16,7,7.64%,,
3113,8107,,,,,17,7,8.15%,,
3114,8107,,,,,18,7,8.65%,,
3115,8107,,,,,19,7,9.16%,,
3116,8107,,,,,20,7,9.67%,,
3117,8107,,,,,21,7,10.18%,,
3118,8107,,,,,22,7,10.69%,,
3119,8107,,,,,23,7,11.20%,,
3120,8107,,,,,24,7,11.71%,,
3121,8200,,,,,1,8,0.00%,,
3122,8200,,,,,2,8,0.00%,,
3123,8200,,,,,3,8,0.00%,,
3124,8200,,,,,4,8,0.16%,,
3125,8200,,,,,5,8,0.48%,,
3126,8200,,,,,6,8,0.80%,,
3127,8200,,,,,7,8,1.44%,,
3128,8200,,,,,8,8,2.08%,,
3129,8200,,,,,9,8,2.72%,,
3130,8200,,,,,10,8,3.68%,,
3131,8200,,,,,11,8,4.64%,,
3132,8200,,,,,12,8,5.60%,,
3133,8200,,,,,13,8,6.11%,,
3134,8200,,,,,14,8,6.62%,,
3135,8200,,,,,15,8,7.13%,,
3136,8200,,,,,16,8,7.64%,,
3137,8200,,,,,17,8,8.15%,,
3138,8200,,,,,18,8,8.65%,,
3139,8200,,,,,19,8,9.16%,,
3140,8200,,,,,20,8,9.67%,,
3141,8200,,,,,21,8,10.18%,,
3142,8200,,,,,22,8,10.69%,,
3143,8200,,,,,23,8,11.20%,,
3144,8200,,,,,24,8,11.71%,,
3145,8201,,,,,1,13,0.00%,,
3146,8201,,,,,2,13,0.00%,,
3147,8201,,,,,3,13,0.00%,,
3148,8201,,,,,4,13,0.16%,,
3149,8201,,,,,5,13,0.48%,,
3150,8201,,,,,6,13,0.80%,,
3151,8201,,,,,7,13,1.44%,,
3152,8201,,,,,8,13,2.08%,,
3153,8201,,,,,9,13,2.72%,,
3154,8201,,,,,10,13,3.68%,,
3155,8201,,,,,11,13,4.64%,,
3156,8201,,,,,12,13,5.60%,,
3157,8201,,,,,13,13,6.11%,,
3158,8201,,,,,14,13,6.62%,,
3159,8201,,,,,15,13,7.13%,,
3160,8201,,,,,16,13,7.64%,,
3161,8201,,,,,17,13,8.15%,,
3162,8201,,,,,18,13,8.65%,,
3163,8201,,,,,19,13,9.16%,,
3164,8201,,,,,20,13,9.67%,,
3165,8201,,,,,21,13,10.18%,,
3166,8201,,,,,22,13,10.69%,,
3167,8201,,,,,23,13,11.20%,,
3168,8201,,,,,24,13,11.71%,,
3169,8202,,,,,1,7,0.00%,,
3170,8202,,,,,2,7,0.00%,,
3171,8202,,,,,3,7,0.00%,,
3172,8202,,,,,4,7,0.16%,,
3173,8202,,,,,5,7,0.48%,,
3174,8202,,,,,6,7,0.80%,,
3175,8202,,,,,7,7,1.44%,,
3176,8202,,,,,8,7,2.08%,,
3177,8202,,,,,9,7,2.72%,,
3178,8202,,,,,10,7,3.68%,,
3179,8202,,,,,11,7,4.64%,,
3180,8202,,,,,12,7,5.60%,,
3181,8202,,,,,13,7,6.11%,,
3182,8202,,,,,14,7,6.62%,,
3183,8202,,,,,15,7,7.13%,,
3184,8202,,,,,16,7,7.64%,,
3185,8202,,,,,17,7,8.15%,,
3186,8202,,,,,18,7,8.65%,,
3187,8202,,,,,19,7,9.16%,,
3188,8202,,,,,20,7,9.67%,,
3189,8202,,,,,21,7,10.18%,,
3190,8202,,,,,22,7,10.69%,,
3191,8202,,,,,23,7,11.20%,,
3192,8202,,,,,24,7,11.71%,,
3193,8203,,,,,1,1,0.00%,,
3194,8203,,,,,2,1,0.00%,,
3195,8203,,,,,3,1,0.00%,,
3196,8203,,,,,4,1,0.16%,,
3197,8203,,,,,5,1,0.48%,,
3198,8203,,,,,6,1,0.80%,,
3199,8203,,,,,7,1,1.44%,,
3200,8203,,,,,8,1,2.08%,,
3201,8203,,,,,9,1,2.72%,,
3202,8203,,,,,10,1,3.68%,,
3203,8203,,,,,11,1,4.64%,,
3204,8203,,,,,12,1,5.60%,,
3205,8203,,,,,13,1,6.11%,,
3206,8203,,,,,14,1,6.62%,,
3207,8203,,,,,15,1,7.13%,,
3208,8203,,,,,16,1,7.64%,,
3209,8203,,,,,17,1,8.15%,,
3210,8203,,,,,18,1,8.65%,,
3211,8203,,,,,19,1,9.16%,,
3212,8203,,,,,20,1,9.67%,,
3213,8203,,,,,21,1,10.18%,,
3214,8203,,,,,22,1,10.69%,,
3215,8203,,,,,23,1,11.20%,,
3216,8203,,,,,24,1,11.71%,,
3217,8901,,,,,1,1,0.00%,,
3218,8901,,,,,2,1,0.00%,,
3219,8901,,,,,3,1,0.00%,,
3220,8901,,,,,4,1,0.16%,,
3221,8901,,,,,5,1,0.48%,,
3222,8901,,,,,6,1,0.80%,,
3223,8901,,,,,7,1,1.44%,,
3224,8901,,,,,8,1,2.08%,,
3225,8901,,,,,9,1,2.72%,,
3226,8901,,,,,10,1,3.68%,,
3227,8901,,,,,11,1,4.64%,,
3228,8901,,,,,12,1,5.60%,,
3229,8901,,,,,13,1,6.11%,,
3230,8901,,,,,14,1,6.62%,,
3231,8901,,,,,15,1,7.13%,,
3232,8901,,,,,16,1,7.64%,,
3233,8901,,,,,17,1,8.15%,,
3234,8901,,,,,18,1,8.65%,,
3235,8901,,,,,19,1,9.16%,,
3236,8901,,,,,20,1,9.67%,,
3237,8901,,,,,21,1,10.18%,,
3238,8901,,,,,22,1,10.69%,,
3239,8901,,,,,23,1,11.20%,,
3240,8901,,,,,24,1,11.71%,,
3241,8902,,,,,1,9,0.00%,,
3242,8902,,,,,2,9,0.00%,,
3243,8902,,,,,3,9,0.00%,,
3244,8902,,,,,4,9,0.16%,,
3245,8902,,,,,5,9,0.48%,,
3246,8902,,,,,6,9,0.80%,,
3247,8902,,,,,7,9,1.44%,,
3248,8902,,,,,8,9,2.08%,,
3249,8902,,,,,9,9,2.72%,,
3250,8902,,,,,10,9,3.68%,,
3251,8902,,,,,11,9,4.64%,,
3252,8902,,,,,12,9,5.60%,,
3253,8902,,,,,13,9,6.11%,,
3254,8902,,,,,14,9,6.62%,,
3255,8902,,,,,15,9,7.13%,,
3256,8902,,,,,16,9,7.64%,,
3257,8902,,,,,17,9,8.15%,,
3258,8902,,,,,18,9,8.65%,,
3259,8902,,,,,19,9,9.16%,,
3260,8902,,,,,20,9,9.67%,,
3261,8902,,,,,21,9,10.18%,,
3262,8902,,,,,22,9,10.69%,,
3263,8902,,,,,23,9,11.20%,,
3264,8902,,,,,24,9,11.71%,,
3265,8903,,,,,1,9,0.00%,,
3266,8903,,,,,2,9,0.00%,,
3267,8903,,,,,3,9,0.00%,,
3268,8903,,,,,4,9,0.16%,,
3269,8903,,,,,5,9,0.48%,,
3270,8903,,,,,6,9,0.80%,,
3271,8903,,,,,7,9,1.44%,,
3272,8903,,,,,8,9,2.08%,,
3273,8903,,,,,9,9,2.72%,,
3274,8903,,,,,10,9,3.68%,,
3275,8903,,,,,11,9,4.64%,,
3276,8903,,,,,12,9,5.60%,,
3277,8903,,,,,13,9,6.11%,,
3278,8903,,,,,14,9,6.62%,,
3279,8903,,,,,15,9,7.13%,,
3280,8903,,,,,16,9,7.64%,,
3281,8903,,,,,17,9,8.15%,,
3282,8903,,,,,18,9,8.65%,,
3283,8903,,,,,19,9,9.16%,,
3284,8903,,,,,20,9,9.67%,,
3285,8903,,,,,21,9,10.18%,,
3286,8903,,,,,22,9,10.69%,,
3287,8903,,,,,23,9,11.20%,,
3288,8903,,,,,24,9,11.71%,,
3289,2461,,,,,1,8,0.00%,,
3290,2461,,,,,2,8,0.00%,,
3291,2461,,,,,3,8,0.00%,,
3292,2461,,,,,4,8,0.16%,,
3293,2461,,,,,5,8,0.48%,,
3294,2461,,,,,6,8,0.80%,,
3295,2461,,,,,7,8,1.44%,,
3296,2461,,,,,8,8,2.08%,,
3297,2461,,,,,9,8,2.72%,,
3298,2461,,,,,10,8,3.68%,,
3299,2461,,,,,11,8,4.64%,,
3300,2461,,,,,12,8,5.60%,,
3301,2461,,,,,13,8,6.11%,,
3302,2461,,,,,14,8,6.62%,,
3303,2461,,,,,15,8,7.13%,,
3304,2461,,,,,16,8,7.64%,,
3305,2461,,,,,17,8,8.15%,,
3306,2461,,,,,18,8,8.65%,,
3307,2461,,,,,19,8,9.16%,,
3308,2461,,,,,20,8,9.67%,,
3309,2461,,,,,21,8,10.18%,,
3310,2461,,,,,22,8,10.69%,,
3311,2461,,,,,23,8,11.20%,,
3312,2461,,,,,24,8,11.71%,,
3313,1981,,,,,1,1,0.00%,,
3314,1981,,,,,2,1,0.00%,,
3315,1981,,,,,3,1,0.00%,,
3316,1981,,,,,4,1,0.16%,,
3317,1981,,,,,5,1,0.48%,,
3318,1981,,,,,6,1,0.80%,,
3319,1981,,,,,7,1,1.44%,,
3320,1981,,,,,8,1,2.08%,,
3321,1981,,,,,9,1,2.72%,,
3322,1981,,,,,10,1,3.68%,,
3323,1981,,,,,11,1,4.64%,,
3324,1981,,,,,12,1,5.60%,,
3325,1981,,,,,13,1,6.11%,,
3326,1981,,,,,14,1,6.62%,,
3327,1981,,,,,15,1,7.13%,,
3328,1981,,,,,16,1,7.64%,,
3329,1981,,,,,17,1,8.15%,,
3330,1981,,,,,18,1,8.65%,,
3331,1981,,,,,19,1,9.16%,,
3332,1981,,,,,20,1,9.67%,,
3333,1981,,,,,21,1,10.18%,,
3334,1981,,,,,22,1,10.69%,,
3335,1981,,,,,23,1,11.20%,,
3336,1981,,,,,24,1,11.71%,,
3337,1991,,,,,1,1,0.00%,,
3338,1991,,,,,2,1,0.00%,,
3339,1991,,,,,3,1,0.00%,,
3340,1991,,,,,4,1,0.16%,,
3341,1991,,,,,5,1,0.48%,,
3342,1991,,,,,6,1,0.80%,,
3343,1991,,,,,7,1,1.44%,,
3344,1991,,,,,8,1,2.08%,,
3345,1991,,,,,9,1,2.72%,,
3346,1991,,,,,10,1,3.68%,,
3347,1991,,,,,11,1,4.64%,,
3348,1991,,,,,12,1,5.60%,,
3349,1991,,,,,13,1,6.11%,,
3350,1991,,,,,14,1,6.62%,,
3351,1991,,,,,15,1,7.13%,,
3352,1991,,,,,16,1,7.64%,,
3353,1991,,,,,17,1,8.15%,,
3354,1991,,,,,18,1,8.65%,,
3355,1991,,,,,19,1,9.16%,,
3356,1991,,,,,20,1,9.67%,,
3357,1991,,,,,21,1,10.18%,,
3358,1991,,,,,22,1,10.69%,,
3359,1991,,,,,23,1,11.20%,,
3360,1991,,,,,24,1,11.71%,,
3361,9001,,,,,1,1,0.00%,,
3362,9001,,,,,2,1,0.06%,,
3363,9001,,,,,3,1,0.06%,,
3364,9001,,,,,4,1,0.06%,,
3365,9001,,,,,5,1,0.06%,,
3366,9001,,,,,6,1,0.06%,,
3367,9001,,,,,7,1,0.06%,,
3368,9001,,,,,8,1,0.06%,,
3369,9001,,,,,9,1,0.06%,,
3370,9001,,,,,10,1,0.06%,,
3371,9001,,,,,11,1,0.06%,,
3372,9001,,,,,12,1,0.06%,,
3373,9001,,,,,13,1,0.07%,,
3374,9001,,,,,14,1,0.07%,,
3375,9001,,,,,15,1,0.08%,,
3376,9001,,,,,16,1,0.08%,,
3377,9001,,,,,17,1,0.09%,,
3378,9001,,,,,18,1,0.09%,,
3379,9001,,,,,19,1,0.10%,,
3380,9001,,,,,20,1,0.10%,,
3381,9001,,,,,21,1,0.11%,,
3382,9001,,,,,22,1,0.11%,,
3383,9001,,,,,23,1,0.12%,,
3384,9001,,,,,24,1,0.13%,,
3385,9002,,,,,1,1,0.00%,,
3386,9002,,,,,2,1,0.12%,,
3387,9002,,,,,3,1,0.12%,,
3388,9002,,,,,4,1,0.12%,,
3389,9002,,,,,5,1,0.12%,,
3390,9002,,,,,6,1,0.12%,,
3391,9002,,,,,7,1,0.12%,,
3392,9002,,,,,8,1,0.12%,,
3393,9002,,,,,9,1,0.12%,,
3394,9002,,,,,10,1,0.12%,,
3395,9002,,,,,11,1,0.12%,,
3396,9002,,,,,12,1,0.12%,,
3397,9002,,,,,13,1,0.13%,,
3398,9002,,,,,14,1,0.14%,,
3399,9002,,,,,15,1,0.15%,,
3400,9002,,,,,16,1,0.16%,,
3401,9002,,,,,17,1,0.17%,,
3402,9002,,,,,18,1,0.19%,,
3403,9002,,,,,19,1,0.20%,,
3404,9002,,,,,20,1,0.21%,,
3405,9002,,,,,21,1,0.22%,,
3406,9002,,,,,22,1,0.23%,,
3407,9002,,,,,23,1,0.24%,,
3408,9002,,,,,24,1,0.25%,,
3409,9003,,,,,1,1,0.00%,,
3410,9003,,,,,2,1,0.16%,,
3411,9003,,,,,3,1,0.16%,,
3412,9003,,,,,4,1,0.16%,,
3413,9003,,,,,5,1,0.16%,,
3414,9003,,,,,6,1,0.16%,,
3415,9003,,,,,7,1,0.16%,,
3416,9003,,,,,8,1,0.16%,,
3417,9003,,,,,9,1,0.16%,,
3418,9003,,,,,10,1,0.16%,,
3419,9003,,,,,11,1,0.16%,,
3420,9003,,,,,12,1,0.16%,,
3421,9003,,,,,13,1,0.17%,,
3422,9003,,,,,14,1,0.19%,,
3423,9003,,,,,15,1,0.20%,,
3424,9003,,,,,16,1,0.22%,,
3425,9003,,,,,17,1,0.23%,,
3426,9003,,,,,18,1,0.25%,,
3427,9003,,,,,19,1,0.26%,,
3428,9003,,,,,20,1,0.28%,,
3429,9003,,,,,21,1,0.29%,,
3430,9003,,,,,22,1,0.31%,,
3431,9003,,,,,23,1,0.32%,,
3432,9003,,,,,24,1,0.33%,,
