VariableName,levelMax,card1,levelC1,star1,advance1,damageC1,specialDamageC1,defenceC1,specialDefenceC1,hpC1,card2,levelC2,star2,advance2,damageC2,specialDamageC2,defenceC2,specialDefenceC2,hpC2,card3,levelC3,star3,advance3,damageC3,specialDamageC3,defenceC3,specialDefenceC3,hpC3,card4,levelC4,star4,advance4,damageC4,specialDamageC4,defenceC4,specialDefenceC4,hpC4,card5,levelC5,star5,advance5,damageC5,specialDamageC5,defenceC5,specialDefenceC5,hpC5,card6,levelC6,star6,advance6,damageC6,specialDamageC6,defenceC6,specialDefenceC6,hpC6,card7,levelC7,star7,advance7,damageC7,specialDamageC7,defenceC7,specialDefenceC7,hpC7,card8,levelC8,star8,advance8,damageC8,specialDamageC8,defenceC8,specialDefenceC8,hpC8,card9,levelC9,star9,advance9,damageC9,specialDamageC9,defenceC9,specialDefenceC9,hpC9,card10,levelC10,star10,advance10,damageC10,specialDamageC10,defenceC10,specialDefenceC10,hpC10,card11,levelC11,star11,advance11,damageC11,specialDamageC11,defenceC11,specialDefenceC11,hpC11,card12,levelC12,star12,advance12,damageC12,specialDamageC12,defenceC12,specialDefenceC12,hpC12
Defaults,,,,,,,,,,,,,,,,,,,,,,,,,,,,,,,,,,,,,,,,,,,,,,,,,,,,,,,,,,,,,,,,,,,,,,,,,,,,,,,,,,,,,,,,,,,,,,,,,,,,,,,,,,,,,
ID,角色等级,卡牌id1,卡牌等级修正区间1,星级区间1,进阶区间1,物攻修正区间1,特攻修正区间1,物防修正区间1,特防修正区间1,血量修正区间1,卡牌id2,卡牌等级修正区间2,星级区间2,进阶区间2,物攻修正区间2,特攻修正区间2,物防修正区间2,特防修正区间2,血量修正区间2,卡牌id3,卡牌等级修正区间3,星级区间3,进阶区间3,物攻修正区间3,特攻修正区间3,物防修正区间3,特防修正区间3,血量修正区间3,卡牌id4,卡牌等级修正区间4,星级区间4,进阶区间4,物攻修正区间4,特攻修正区间4,物防修正区间4,特防修正区间4,血量修正区间4,卡牌id5,卡牌等级修正区间5,星级区间5,进阶区间5,物攻修正区间5,特攻修正区间5,物防修正区间5,特防修正区间5,血量修正区间5,卡牌id6,卡牌等级修正区间6,星级区间6,进阶区间6,物攻修正区间6,特攻修正区间6,物防修正区间6,特防修正区间6,血量修正区间6,卡牌id7,卡牌等级修正区间7,星级区间7,进阶区间7,物攻修正区间7,特攻修正区间7,物防修正区间7,特防修正区间7,血量修正区间7,卡牌id8,卡牌等级修正区间8,星级区间8,进阶区间8,物攻修正区间8,特攻修正区间8,物防修正区间8,特防修正区间8,血量修正区间8,卡牌id9,卡牌等级修正区间9,星级区间9,进阶区间9,物攻修正区间9,特攻修正区间9,物防修正区间9,特防修正区间9,血量修正区间9,卡牌id10,卡牌等级修正区间10,星级区间10,进阶区间10,物攻修正区间10,特攻修正区间10,物防修正区间10,特防修正区间10,血量修正区间10,卡牌id11,卡牌等级修正区间11,星级区间11,进阶区间11,物攻修正区间11,特攻修正区间11,物防修正区间11,特防修正区间11,血量修正区间11,卡牌id12,卡牌等级修正区间12,星级区间12,进阶区间12,物攻修正区间12,特攻修正区间12,物防修正区间12,特防修正区间12,血量修正区间12
1,51,44,<0.8;1>,<3;4>,<7;10>,<1.8;2.5>,<1.2;1.8>,<1.3;1.6>,<1;1.3>,<1.8;2.5>,692,<0.7;0.9>,<3;4>,<7;9>,<1.5;2.2>,<1.2;1.8>,<1.2;1.5>,<1;1.3>,<1.5;2.2>,3432,<0.7;0.9>,<3;4>,<7;9>,<1.5;2.2>,<1.2;1.8>,<1.2;1.5>,<1;1.3>,<1.5;2.2>,273,<0.7;0.9>,<3;4>,<7;9>,<1.5;2.2>,<1.2;1.8>,<1.2;1.5>,<1;1.3>,<1.5;2.2>,552,<0.7;0.9>,<3;4>,<7;9>,<1.5;2.2>,<1.2;1.8>,<1.2;1.5>,<1;1.3>,<1.5;2.2>,2073,<0.7;0.9>,<3;4>,<7;9>,<1.5;2.2>,<1.2;1.8>,<1.2;1.5>,<1;1.3>,<1.5;2.2>,2633,<0.6;0.8>,<3;4>,<6;8>,<1.2;2>,<1.2;1.8>,<1.2;1.5>,<1;1.3>,<1.2;2>,3293,<0.6;0.8>,<3;4>,<6;8>,<1.2;1.8>,<1.2;1.8>,<1;1.3>,<1;1.3>,<1.2;1.8>,3511,<0.6;0.8>,<3;4>,<6;8>,<1.2;1.8>,<1.2;1.8>,<1;1.3>,<1;1.3>,<1.2;1.8>,1221,<0.6;0.8>,<3;4>,<6;8>,<1.2;1.8>,<1.2;1.8>,<1;1.3>,<1;1.3>,<1.2;1.8>,1931,<0.6;0.8>,<3;4>,<6;8>,<1.2;1.8>,<1.2;1.8>,<1;1.3>,<1;1.3>,<1.2;1.8>,242,<0.6;0.8>,<3;4>,<6;8>,<1.2;1.8>,<1.2;1.8>,<1;1.3>,<1;1.3>,<1.2;1.8>
2,51,53,<0.8;1>,<3;4>,<7;10>,<1.8;2.5>,<1.2;1.8>,<1.3;1.6>,<1;1.3>,<1.8;2.5>,2683,<0.7;0.9>,<3;4>,<7;9>,<1.5;2.2>,<1.2;1.8>,<1.2;1.5>,<1;1.3>,<1.5;2.2>,3772,<0.7;0.9>,<3;4>,<7;9>,<1.5;2.2>,<1.2;1.8>,<1.2;1.5>,<1;1.3>,<1.5;2.2>,402,<0.7;0.9>,<3;4>,<7;9>,<1.5;2.2>,<1.2;1.8>,<1.2;1.5>,<1;1.3>,<1.5;2.2>,793,<0.7;0.9>,<3;4>,<7;9>,<1.5;2.2>,<1.2;1.8>,<1.2;1.5>,<1;1.3>,<1.5;2.2>,2593,<0.7;0.9>,<3;4>,<7;9>,<1.5;2.2>,<1.2;1.8>,<1.2;1.5>,<1;1.3>,<1.5;2.2>,2963,<0.6;0.8>,<3;4>,<6;8>,<1.2;2>,<1.2;1.8>,<1.2;1.5>,<1;1.3>,<1.2;2>,3342,<0.6;0.8>,<3;4>,<6;8>,<1.2;1.8>,<1.2;1.8>,<1;1.3>,<1;1.3>,<1.2;1.8>,3683,<0.6;0.8>,<3;4>,<6;8>,<1.2;1.8>,<1.2;1.8>,<1;1.3>,<1;1.3>,<1.2;1.8>,1903,<0.6;0.8>,<3;4>,<6;8>,<1.2;1.8>,<1.2;1.8>,<1;1.3>,<1;1.3>,<1.2;1.8>,3543,<0.6;0.8>,<3;4>,<6;8>,<1.2;1.8>,<1.2;1.8>,<1;1.3>,<1;1.3>,<1.2;1.8>,333,<0.6;0.8>,<3;4>,<6;8>,<1.2;1.8>,<1.2;1.8>,<1;1.3>,<1;1.3>,<1.2;1.8>
3,51,82,<0.8;1>,<3;4>,<7;10>,<1.8;2.5>,<1.2;1.8>,<1.3;1.6>,<1;1.3>,<1.8;2.5>,2843,<0.7;0.9>,<3;4>,<7;9>,<1.5;2.2>,<1.2;1.8>,<1.2;1.5>,<1;1.3>,<1.5;2.2>,13,<0.7;0.9>,<3;4>,<7;9>,<1.5;2.2>,<1.2;1.8>,<1.2;1.5>,<1;1.3>,<1.5;2.2>,493,<0.7;0.9>,<3;4>,<7;9>,<1.5;2.2>,<1.2;1.8>,<1.2;1.5>,<1;1.3>,<1.5;2.2>,2013,<0.7;0.9>,<3;4>,<7;9>,<1.5;2.2>,<1.2;1.8>,<1.2;1.5>,<1;1.3>,<1.5;2.2>,2612,<0.7;0.9>,<3;4>,<7;9>,<1.5;2.2>,<1.2;1.8>,<1.2;1.5>,<1;1.3>,<1.5;2.2>,3283,<0.6;0.8>,<3;4>,<6;8>,<1.2;2>,<1.2;1.8>,<1.2;1.5>,<1;1.3>,<1.2;2>,3472,<0.6;0.8>,<3;4>,<6;8>,<1.2;1.8>,<1.2;1.8>,<1;1.3>,<1;1.3>,<1.2;1.8>,731,<0.6;0.8>,<3;4>,<6;8>,<1.2;1.8>,<1.2;1.8>,<1;1.3>,<1;1.3>,<1.2;1.8>,1931,<0.6;0.8>,<3;4>,<6;8>,<1.2;1.8>,<1.2;1.8>,<1;1.3>,<1;1.3>,<1.2;1.8>,163,<0.6;0.8>,<3;4>,<6;8>,<1.2;1.8>,<1.2;1.8>,<1;1.3>,<1;1.3>,<1.2;1.8>,503,<0.6;0.8>,<3;4>,<6;8>,<1.2;1.8>,<1.2;1.8>,<1;1.3>,<1;1.3>,<1.2;1.8>
4,51,692,<0.8;1>,<3;4>,<7;10>,<1.8;2.5>,<1.2;1.8>,<1.3;1.6>,<1;1.3>,<1.8;2.5>,3432,<0.7;0.9>,<3;4>,<7;9>,<1.5;2.2>,<1.2;1.8>,<1.2;1.5>,<1;1.3>,<1.5;2.2>,273,<0.7;0.9>,<3;4>,<7;9>,<1.5;2.2>,<1.2;1.8>,<1.2;1.5>,<1;1.3>,<1.5;2.2>,552,<0.7;0.9>,<3;4>,<7;9>,<1.5;2.2>,<1.2;1.8>,<1.2;1.5>,<1;1.3>,<1.5;2.2>,2073,<0.7;0.9>,<3;4>,<7;9>,<1.5;2.2>,<1.2;1.8>,<1.2;1.5>,<1;1.3>,<1.5;2.2>,2633,<0.7;0.9>,<3;4>,<7;9>,<1.5;2.2>,<1.2;1.8>,<1.2;1.5>,<1;1.3>,<1.5;2.2>,3293,<0.6;0.8>,<3;4>,<6;8>,<1.2;2>,<1.2;1.8>,<1.2;1.5>,<1;1.3>,<1.2;2>,3511,<0.6;0.8>,<3;4>,<6;8>,<1.2;1.8>,<1.2;1.8>,<1;1.3>,<1;1.3>,<1.2;1.8>,1221,<0.6;0.8>,<3;4>,<6;8>,<1.2;1.8>,<1.2;1.8>,<1;1.3>,<1;1.3>,<1.2;1.8>,3543,<0.6;0.8>,<3;4>,<6;8>,<1.2;1.8>,<1.2;1.8>,<1;1.3>,<1;1.3>,<1.2;1.8>,242,<0.6;0.8>,<3;4>,<6;8>,<1.2;1.8>,<1.2;1.8>,<1;1.3>,<1;1.3>,<1.2;1.8>,593,<0.6;0.8>,<3;4>,<6;8>,<1.2;1.8>,<1.2;1.8>,<1;1.3>,<1;1.3>,<1.2;1.8>
5,51,2683,<0.8;1>,<3;4>,<7;10>,<1.8;2.5>,<1.2;1.8>,<1.3;1.6>,<1;1.3>,<1.8;2.5>,3772,<0.7;0.9>,<3;4>,<7;9>,<1.5;2.2>,<1.2;1.8>,<1.2;1.5>,<1;1.3>,<1.5;2.2>,402,<0.7;0.9>,<3;4>,<7;9>,<1.5;2.2>,<1.2;1.8>,<1.2;1.5>,<1;1.3>,<1.5;2.2>,793,<0.7;0.9>,<3;4>,<7;9>,<1.5;2.2>,<1.2;1.8>,<1.2;1.5>,<1;1.3>,<1.5;2.2>,2593,<0.7;0.9>,<3;4>,<7;9>,<1.5;2.2>,<1.2;1.8>,<1.2;1.5>,<1;1.3>,<1.5;2.2>,2963,<0.7;0.9>,<3;4>,<7;9>,<1.5;2.2>,<1.2;1.8>,<1.2;1.5>,<1;1.3>,<1.5;2.2>,3342,<0.6;0.8>,<3;4>,<6;8>,<1.2;2>,<1.2;1.8>,<1.2;1.5>,<1;1.3>,<1.2;2>,3683,<0.6;0.8>,<3;4>,<6;8>,<1.2;1.8>,<1.2;1.8>,<1;1.3>,<1;1.3>,<1.2;1.8>,1903,<0.6;0.8>,<3;4>,<6;8>,<1.2;1.8>,<1.2;1.8>,<1;1.3>,<1;1.3>,<1.2;1.8>,163,<0.6;0.8>,<3;4>,<6;8>,<1.2;1.8>,<1.2;1.8>,<1;1.3>,<1;1.3>,<1.2;1.8>,333,<0.6;0.8>,<3;4>,<6;8>,<1.2;1.8>,<1.2;1.8>,<1;1.3>,<1;1.3>,<1.2;1.8>,603,<0.6;0.8>,<3;4>,<6;8>,<1.2;1.8>,<1.2;1.8>,<1;1.3>,<1;1.3>,<1.2;1.8>
6,51,2843,<0.8;1>,<3;4>,<7;10>,<1.8;2.5>,<1.2;1.8>,<1.3;1.6>,<1;1.3>,<1.8;2.5>,13,<0.7;0.9>,<3;4>,<7;9>,<1.5;2.2>,<1.2;1.8>,<1.2;1.5>,<1;1.3>,<1.5;2.2>,493,<0.7;0.9>,<3;4>,<7;9>,<1.5;2.2>,<1.2;1.8>,<1.2;1.5>,<1;1.3>,<1.5;2.2>,2013,<0.7;0.9>,<3;4>,<7;9>,<1.5;2.2>,<1.2;1.8>,<1.2;1.5>,<1;1.3>,<1.5;2.2>,2612,<0.7;0.9>,<3;4>,<7;9>,<1.5;2.2>,<1.2;1.8>,<1.2;1.5>,<1;1.3>,<1.5;2.2>,3283,<0.7;0.9>,<3;4>,<7;9>,<1.5;2.2>,<1.2;1.8>,<1.2;1.5>,<1;1.3>,<1.5;2.2>,3472,<0.6;0.8>,<3;4>,<6;8>,<1.2;2>,<1.2;1.8>,<1.2;1.5>,<1;1.3>,<1.2;2>,731,<0.6;0.8>,<3;4>,<6;8>,<1.2;1.8>,<1.2;1.8>,<1;1.3>,<1;1.3>,<1.2;1.8>,1931,<0.6;0.8>,<3;4>,<6;8>,<1.2;1.8>,<1.2;1.8>,<1;1.3>,<1;1.3>,<1.2;1.8>,242,<0.6;0.8>,<3;4>,<6;8>,<1.2;1.8>,<1.2;1.8>,<1;1.3>,<1;1.3>,<1.2;1.8>,503,<0.6;0.8>,<3;4>,<6;8>,<1.2;1.8>,<1.2;1.8>,<1;1.3>,<1;1.3>,<1.2;1.8>,611,<0.6;0.8>,<3;4>,<6;8>,<1.2;1.8>,<1.2;1.8>,<1;1.3>,<1;1.3>,<1.2;1.8>
7,51,3432,<0.8;1>,<3;4>,<7;10>,<1.8;2.5>,<1.2;1.8>,<1.3;1.6>,<1;1.3>,<1.8;2.5>,273,<0.7;0.9>,<3;4>,<7;9>,<1.5;2.2>,<1.2;1.8>,<1.2;1.5>,<1;1.3>,<1.5;2.2>,552,<0.7;0.9>,<3;4>,<7;9>,<1.5;2.2>,<1.2;1.8>,<1.2;1.5>,<1;1.3>,<1.5;2.2>,2073,<0.7;0.9>,<3;4>,<7;9>,<1.5;2.2>,<1.2;1.8>,<1.2;1.5>,<1;1.3>,<1.5;2.2>,2633,<0.7;0.9>,<3;4>,<7;9>,<1.5;2.2>,<1.2;1.8>,<1.2;1.5>,<1;1.3>,<1.5;2.2>,3293,<0.7;0.9>,<3;4>,<7;9>,<1.5;2.2>,<1.2;1.8>,<1.2;1.5>,<1;1.3>,<1.5;2.2>,3511,<0.6;0.8>,<3;4>,<6;8>,<1.2;2>,<1.2;1.8>,<1.2;1.5>,<1;1.3>,<1.2;2>,1221,<0.6;0.8>,<3;4>,<6;8>,<1.2;1.8>,<1.2;1.8>,<1;1.3>,<1;1.3>,<1.2;1.8>,3543,<0.6;0.8>,<3;4>,<6;8>,<1.2;1.8>,<1.2;1.8>,<1;1.3>,<1;1.3>,<1.2;1.8>,333,<0.6;0.8>,<3;4>,<6;8>,<1.2;1.8>,<1.2;1.8>,<1;1.3>,<1;1.3>,<1.2;1.8>,593,<0.6;0.8>,<3;4>,<6;8>,<1.2;1.8>,<1.2;1.8>,<1;1.3>,<1;1.3>,<1.2;1.8>,631,<0.6;0.8>,<3;4>,<6;8>,<1.2;1.8>,<1.2;1.8>,<1;1.3>,<1;1.3>,<1.2;1.8>
8,51,3772,<0.8;1>,<3;4>,<7;10>,<1.8;2.5>,<1.2;1.8>,<1.3;1.6>,<1;1.3>,<1.8;2.5>,402,<0.7;0.9>,<3;4>,<7;9>,<1.5;2.2>,<1.2;1.8>,<1.2;1.5>,<1;1.3>,<1.5;2.2>,793,<0.7;0.9>,<3;4>,<7;9>,<1.5;2.2>,<1.2;1.8>,<1.2;1.5>,<1;1.3>,<1.5;2.2>,2593,<0.7;0.9>,<3;4>,<7;9>,<1.5;2.2>,<1.2;1.8>,<1.2;1.5>,<1;1.3>,<1.5;2.2>,2963,<0.7;0.9>,<3;4>,<7;9>,<1.5;2.2>,<1.2;1.8>,<1.2;1.5>,<1;1.3>,<1.5;2.2>,3342,<0.7;0.9>,<3;4>,<7;9>,<1.5;2.2>,<1.2;1.8>,<1.2;1.5>,<1;1.3>,<1.5;2.2>,3683,<0.6;0.8>,<3;4>,<6;8>,<1.2;2>,<1.2;1.8>,<1.2;1.5>,<1;1.3>,<1.2;2>,1903,<0.6;0.8>,<3;4>,<6;8>,<1.2;1.8>,<1.2;1.8>,<1;1.3>,<1;1.3>,<1.2;1.8>,163,<0.6;0.8>,<3;4>,<6;8>,<1.2;1.8>,<1.2;1.8>,<1;1.3>,<1;1.3>,<1.2;1.8>,503,<0.6;0.8>,<3;4>,<6;8>,<1.2;1.8>,<1.2;1.8>,<1;1.3>,<1;1.3>,<1.2;1.8>,603,<0.6;0.8>,<3;4>,<6;8>,<1.2;1.8>,<1.2;1.8>,<1;1.3>,<1;1.3>,<1.2;1.8>,641,<0.6;0.8>,<3;4>,<6;8>,<1.2;1.8>,<1.2;1.8>,<1;1.3>,<1;1.3>,<1.2;1.8>
9,51,13,<0.8;1>,<3;4>,<7;10>,<1.8;2.5>,<1.2;1.8>,<1.3;1.6>,<1;1.3>,<1.8;2.5>,493,<0.7;0.9>,<3;4>,<7;9>,<1.5;2.2>,<1.2;1.8>,<1.2;1.5>,<1;1.3>,<1.5;2.2>,2013,<0.7;0.9>,<3;4>,<7;9>,<1.5;2.2>,<1.2;1.8>,<1.2;1.5>,<1;1.3>,<1.5;2.2>,2612,<0.7;0.9>,<3;4>,<7;9>,<1.5;2.2>,<1.2;1.8>,<1.2;1.5>,<1;1.3>,<1.5;2.2>,3283,<0.7;0.9>,<3;4>,<7;9>,<1.5;2.2>,<1.2;1.8>,<1.2;1.5>,<1;1.3>,<1.5;2.2>,3472,<0.7;0.9>,<3;4>,<7;9>,<1.5;2.2>,<1.2;1.8>,<1.2;1.5>,<1;1.3>,<1.5;2.2>,731,<0.6;0.8>,<3;4>,<6;8>,<1.2;2>,<1.2;1.8>,<1.2;1.5>,<1;1.3>,<1.2;2>,1931,<0.6;0.8>,<3;4>,<6;8>,<1.2;1.8>,<1.2;1.8>,<1;1.3>,<1;1.3>,<1.2;1.8>,242,<0.6;0.8>,<3;4>,<6;8>,<1.2;1.8>,<1.2;1.8>,<1;1.3>,<1;1.3>,<1.2;1.8>,593,<0.6;0.8>,<3;4>,<6;8>,<1.2;1.8>,<1.2;1.8>,<1;1.3>,<1;1.3>,<1.2;1.8>,611,<0.6;0.8>,<3;4>,<6;8>,<1.2;1.8>,<1.2;1.8>,<1;1.3>,<1;1.3>,<1.2;1.8>,712,<0.6;0.8>,<3;4>,<6;8>,<1.2;1.8>,<1.2;1.8>,<1;1.3>,<1;1.3>,<1.2;1.8>
10,51,273,<0.8;1>,<3;4>,<7;10>,<1.8;2.5>,<1.2;1.8>,<1.3;1.6>,<1;1.3>,<1.8;2.5>,552,<0.7;0.9>,<3;4>,<7;9>,<1.5;2.2>,<1.2;1.8>,<1.2;1.5>,<1;1.3>,<1.5;2.2>,2073,<0.7;0.9>,<3;4>,<7;9>,<1.5;2.2>,<1.2;1.8>,<1.2;1.5>,<1;1.3>,<1.5;2.2>,2633,<0.7;0.9>,<3;4>,<7;9>,<1.5;2.2>,<1.2;1.8>,<1.2;1.5>,<1;1.3>,<1.5;2.2>,3293,<0.7;0.9>,<3;4>,<7;9>,<1.5;2.2>,<1.2;1.8>,<1.2;1.5>,<1;1.3>,<1.5;2.2>,3511,<0.7;0.9>,<3;4>,<7;9>,<1.5;2.2>,<1.2;1.8>,<1.2;1.5>,<1;1.3>,<1.5;2.2>,1221,<0.6;0.8>,<3;4>,<6;8>,<1.2;2>,<1.2;1.8>,<1.2;1.5>,<1;1.3>,<1.2;2>,3543,<0.6;0.8>,<3;4>,<6;8>,<1.2;1.8>,<1.2;1.8>,<1;1.3>,<1;1.3>,<1.2;1.8>,333,<0.6;0.8>,<3;4>,<6;8>,<1.2;1.8>,<1.2;1.8>,<1;1.3>,<1;1.3>,<1.2;1.8>,603,<0.6;0.8>,<3;4>,<6;8>,<1.2;1.8>,<1.2;1.8>,<1;1.3>,<1;1.3>,<1.2;1.8>,631,<0.6;0.8>,<3;4>,<6;8>,<1.2;1.8>,<1.2;1.8>,<1;1.3>,<1;1.3>,<1.2;1.8>,741,<0.6;0.8>,<3;4>,<6;8>,<1.2;1.8>,<1.2;1.8>,<1;1.3>,<1;1.3>,<1.2;1.8>
11,51,402,<0.8;1>,<3;4>,<7;10>,<1.8;2.5>,<1.2;1.8>,<1.3;1.6>,<1;1.3>,<1.8;2.5>,793,<0.7;0.9>,<3;4>,<7;9>,<1.5;2.2>,<1.2;1.8>,<1.2;1.5>,<1;1.3>,<1.5;2.2>,2593,<0.7;0.9>,<3;4>,<7;9>,<1.5;2.2>,<1.2;1.8>,<1.2;1.5>,<1;1.3>,<1.5;2.2>,2963,<0.7;0.9>,<3;4>,<7;9>,<1.5;2.2>,<1.2;1.8>,<1.2;1.5>,<1;1.3>,<1.5;2.2>,3342,<0.7;0.9>,<3;4>,<7;9>,<1.5;2.2>,<1.2;1.8>,<1.2;1.5>,<1;1.3>,<1.5;2.2>,3683,<0.7;0.9>,<3;4>,<7;9>,<1.5;2.2>,<1.2;1.8>,<1.2;1.5>,<1;1.3>,<1.5;2.2>,1903,<0.6;0.8>,<3;4>,<6;8>,<1.2;2>,<1.2;1.8>,<1.2;1.5>,<1;1.3>,<1.2;2>,163,<0.6;0.8>,<3;4>,<6;8>,<1.2;1.8>,<1.2;1.8>,<1;1.3>,<1;1.3>,<1.2;1.8>,503,<0.6;0.8>,<3;4>,<6;8>,<1.2;1.8>,<1.2;1.8>,<1;1.3>,<1;1.3>,<1.2;1.8>,611,<0.6;0.8>,<3;4>,<6;8>,<1.2;1.8>,<1.2;1.8>,<1;1.3>,<1;1.3>,<1.2;1.8>,641,<0.6;0.8>,<3;4>,<6;8>,<1.2;1.8>,<1.2;1.8>,<1;1.3>,<1;1.3>,<1.2;1.8>,863,<0.6;0.8>,<3;4>,<6;8>,<1.2;1.8>,<1.2;1.8>,<1;1.3>,<1;1.3>,<1.2;1.8>
12,51,493,<0.8;1>,<3;4>,<7;10>,<1.8;2.5>,<1.2;1.8>,<1.3;1.6>,<1;1.3>,<1.8;2.5>,2013,<0.7;0.9>,<3;4>,<7;9>,<1.5;2.2>,<1.2;1.8>,<1.2;1.5>,<1;1.3>,<1.5;2.2>,2612,<0.7;0.9>,<3;4>,<7;9>,<1.5;2.2>,<1.2;1.8>,<1.2;1.5>,<1;1.3>,<1.5;2.2>,3283,<0.7;0.9>,<3;4>,<7;9>,<1.5;2.2>,<1.2;1.8>,<1.2;1.5>,<1;1.3>,<1.5;2.2>,3472,<0.7;0.9>,<3;4>,<7;9>,<1.5;2.2>,<1.2;1.8>,<1.2;1.5>,<1;1.3>,<1.5;2.2>,731,<0.7;0.9>,<3;4>,<7;9>,<1.5;2.2>,<1.2;1.8>,<1.2;1.5>,<1;1.3>,<1.5;2.2>,1931,<0.6;0.8>,<3;4>,<6;8>,<1.2;2>,<1.2;1.8>,<1.2;1.5>,<1;1.3>,<1.2;2>,242,<0.6;0.8>,<3;4>,<6;8>,<1.2;1.8>,<1.2;1.8>,<1;1.3>,<1;1.3>,<1.2;1.8>,593,<0.6;0.8>,<3;4>,<6;8>,<1.2;1.8>,<1.2;1.8>,<1;1.3>,<1;1.3>,<1.2;1.8>,631,<0.6;0.8>,<3;4>,<6;8>,<1.2;1.8>,<1.2;1.8>,<1;1.3>,<1;1.3>,<1.2;1.8>,712,<0.6;0.8>,<3;4>,<6;8>,<1.2;1.8>,<1.2;1.8>,<1;1.3>,<1;1.3>,<1.2;1.8>,883,<0.6;0.8>,<3;4>,<6;8>,<1.2;1.8>,<1.2;1.8>,<1;1.3>,<1;1.3>,<1.2;1.8>
13,54,552,<0.8;1>,<3;4>,<7;10>,<1.8;2.5>,<1.2;1.8>,<1.3;1.6>,<1;1.3>,<1.8;2.5>,2073,<0.7;0.9>,<3;4>,<7;9>,<1.5;2.2>,<1.2;1.8>,<1.2;1.5>,<1;1.3>,<1.5;2.2>,2633,<0.7;0.9>,<3;4>,<7;9>,<1.5;2.2>,<1.2;1.8>,<1.2;1.5>,<1;1.3>,<1.5;2.2>,3293,<0.7;0.9>,<3;4>,<7;9>,<1.5;2.2>,<1.2;1.8>,<1.2;1.5>,<1;1.3>,<1.5;2.2>,3511,<0.7;0.9>,<3;4>,<7;9>,<1.5;2.2>,<1.2;1.8>,<1.2;1.5>,<1;1.3>,<1.5;2.2>,1221,<0.7;0.9>,<3;4>,<7;9>,<1.5;2.2>,<1.2;1.8>,<1.2;1.5>,<1;1.3>,<1.5;2.2>,3543,<0.6;0.8>,<3;4>,<6;8>,<1.2;2>,<1.2;1.8>,<1.2;1.5>,<1;1.3>,<1.2;2>,333,<0.6;0.8>,<3;4>,<6;8>,<1.2;1.8>,<1.2;1.8>,<1;1.3>,<1;1.3>,<1.2;1.8>,603,<0.6;0.8>,<3;4>,<6;8>,<1.2;1.8>,<1.2;1.8>,<1;1.3>,<1;1.3>,<1.2;1.8>,641,<0.6;0.8>,<3;4>,<6;8>,<1.2;1.8>,<1.2;1.8>,<1;1.3>,<1;1.3>,<1.2;1.8>,741,<0.6;0.8>,<3;4>,<6;8>,<1.2;1.8>,<1.2;1.8>,<1;1.3>,<1;1.3>,<1.2;1.8>,1082,<0.6;0.8>,<3;4>,<6;8>,<1.2;1.8>,<1.2;1.8>,<1;1.3>,<1;1.3>,<1.2;1.8>
14,54,793,<0.8;1>,<3;4>,<7;10>,<1.8;2.5>,<1.2;1.8>,<1.3;1.6>,<1;1.3>,<1.8;2.5>,2593,<0.7;0.9>,<3;4>,<7;9>,<1.5;2.2>,<1.2;1.8>,<1.2;1.5>,<1;1.3>,<1.5;2.2>,2963,<0.7;0.9>,<3;4>,<7;9>,<1.5;2.2>,<1.2;1.8>,<1.2;1.5>,<1;1.3>,<1.5;2.2>,3342,<0.7;0.9>,<3;4>,<7;9>,<1.5;2.2>,<1.2;1.8>,<1.2;1.5>,<1;1.3>,<1.5;2.2>,3683,<0.7;0.9>,<3;4>,<7;9>,<1.5;2.2>,<1.2;1.8>,<1.2;1.5>,<1;1.3>,<1.5;2.2>,1903,<0.7;0.9>,<3;4>,<7;9>,<1.5;2.2>,<1.2;1.8>,<1.2;1.5>,<1;1.3>,<1.5;2.2>,163,<0.6;0.8>,<3;4>,<6;8>,<1.2;2>,<1.2;1.8>,<1.2;1.5>,<1;1.3>,<1.2;2>,503,<0.6;0.8>,<3;4>,<6;8>,<1.2;1.8>,<1.2;1.8>,<1;1.3>,<1;1.3>,<1.2;1.8>,611,<0.6;0.8>,<3;4>,<6;8>,<1.2;1.8>,<1.2;1.8>,<1;1.3>,<1;1.3>,<1.2;1.8>,712,<0.6;0.8>,<3;4>,<6;8>,<1.2;1.8>,<1.2;1.8>,<1;1.3>,<1;1.3>,<1.2;1.8>,863,<0.6;0.8>,<3;4>,<6;8>,<1.2;1.8>,<1.2;1.8>,<1;1.3>,<1;1.3>,<1.2;1.8>,1293,<0.6;0.8>,<3;4>,<6;8>,<1.2;1.8>,<1.2;1.8>,<1;1.3>,<1;1.3>,<1.2;1.8>
15,54,2013,<0.8;1>,<3;4>,<7;10>,<1.8;2.5>,<1.2;1.8>,<1.3;1.6>,<1;1.3>,<1.8;2.5>,2612,<0.7;0.9>,<3;4>,<7;9>,<1.5;2.2>,<1.2;1.8>,<1.2;1.5>,<1;1.3>,<1.5;2.2>,3283,<0.7;0.9>,<3;4>,<7;9>,<1.5;2.2>,<1.2;1.8>,<1.2;1.5>,<1;1.3>,<1.5;2.2>,3472,<0.7;0.9>,<3;4>,<7;9>,<1.5;2.2>,<1.2;1.8>,<1.2;1.5>,<1;1.3>,<1.5;2.2>,731,<0.7;0.9>,<3;4>,<7;9>,<1.5;2.2>,<1.2;1.8>,<1.2;1.5>,<1;1.3>,<1.5;2.2>,1931,<0.7;0.9>,<3;4>,<7;9>,<1.5;2.2>,<1.2;1.8>,<1.2;1.5>,<1;1.3>,<1.5;2.2>,242,<0.6;0.8>,<3;4>,<6;8>,<1.2;2>,<1.2;1.8>,<1.2;1.5>,<1;1.3>,<1.2;2>,593,<0.6;0.8>,<3;4>,<6;8>,<1.2;1.8>,<1.2;1.8>,<1;1.3>,<1;1.3>,<1.2;1.8>,631,<0.6;0.8>,<3;4>,<6;8>,<1.2;1.8>,<1.2;1.8>,<1;1.3>,<1;1.3>,<1.2;1.8>,741,<0.6;0.8>,<3;4>,<6;8>,<1.2;1.8>,<1.2;1.8>,<1;1.3>,<1;1.3>,<1.2;1.8>,883,<0.6;0.8>,<3;4>,<6;8>,<1.2;1.8>,<1.2;1.8>,<1;1.3>,<1;1.3>,<1.2;1.8>,1612,<0.6;0.8>,<3;4>,<6;8>,<1.2;1.8>,<1.2;1.8>,<1;1.3>,<1;1.3>,<1.2;1.8>
16,54,2073,<0.8;1>,<3;4>,<7;10>,<1.8;2.5>,<1.2;1.8>,<1.3;1.6>,<1;1.3>,<1.8;2.5>,2633,<0.7;0.9>,<3;4>,<7;9>,<1.5;2.2>,<1.2;1.8>,<1.2;1.5>,<1;1.3>,<1.5;2.2>,3293,<0.7;0.9>,<3;4>,<7;9>,<1.5;2.2>,<1.2;1.8>,<1.2;1.5>,<1;1.3>,<1.5;2.2>,3511,<0.7;0.9>,<3;4>,<7;9>,<1.5;2.2>,<1.2;1.8>,<1.2;1.5>,<1;1.3>,<1.5;2.2>,1221,<0.7;0.9>,<3;4>,<7;9>,<1.5;2.2>,<1.2;1.8>,<1.2;1.5>,<1;1.3>,<1.5;2.2>,3543,<0.7;0.9>,<3;4>,<7;9>,<1.5;2.2>,<1.2;1.8>,<1.2;1.5>,<1;1.3>,<1.5;2.2>,333,<0.6;0.8>,<3;4>,<6;8>,<1.2;2>,<1.2;1.8>,<1.2;1.5>,<1;1.3>,<1.2;2>,603,<0.6;0.8>,<3;4>,<6;8>,<1.2;1.8>,<1.2;1.8>,<1;1.3>,<1;1.3>,<1.2;1.8>,641,<0.6;0.8>,<3;4>,<6;8>,<1.2;1.8>,<1.2;1.8>,<1;1.3>,<1;1.3>,<1.2;1.8>,863,<0.6;0.8>,<3;4>,<6;8>,<1.2;1.8>,<1.2;1.8>,<1;1.3>,<1;1.3>,<1.2;1.8>,1082,<0.6;0.8>,<3;4>,<6;8>,<1.2;1.8>,<1.2;1.8>,<1;1.3>,<1;1.3>,<1.2;1.8>,2033,<0.6;0.8>,<3;4>,<6;8>,<1.2;1.8>,<1.2;1.8>,<1;1.3>,<1;1.3>,<1.2;1.8>
17,54,2593,<0.8;1>,<3;4>,<7;10>,<1.8;2.5>,<1.2;1.8>,<1.3;1.6>,<1;1.3>,<1.8;2.5>,2963,<0.7;0.9>,<3;4>,<7;9>,<1.5;2.2>,<1.2;1.8>,<1.2;1.5>,<1;1.3>,<1.5;2.2>,3342,<0.7;0.9>,<3;4>,<7;9>,<1.5;2.2>,<1.2;1.8>,<1.2;1.5>,<1;1.3>,<1.5;2.2>,3683,<0.7;0.9>,<3;4>,<7;9>,<1.5;2.2>,<1.2;1.8>,<1.2;1.5>,<1;1.3>,<1.5;2.2>,1903,<0.7;0.9>,<3;4>,<7;9>,<1.5;2.2>,<1.2;1.8>,<1.2;1.5>,<1;1.3>,<1.5;2.2>,163,<0.7;0.9>,<3;4>,<7;9>,<1.5;2.2>,<1.2;1.8>,<1.2;1.5>,<1;1.3>,<1.5;2.2>,503,<0.6;0.8>,<3;4>,<6;8>,<1.2;2>,<1.2;1.8>,<1.2;1.5>,<1;1.3>,<1.2;2>,611,<0.6;0.8>,<3;4>,<6;8>,<1.2;1.8>,<1.2;1.8>,<1;1.3>,<1;1.3>,<1.2;1.8>,712,<0.6;0.8>,<3;4>,<6;8>,<1.2;1.8>,<1.2;1.8>,<1;1.3>,<1;1.3>,<1.2;1.8>,883,<0.6;0.8>,<3;4>,<6;8>,<1.2;1.8>,<1.2;1.8>,<1;1.3>,<1;1.3>,<1.2;1.8>,1293,<0.6;0.8>,<3;4>,<6;8>,<1.2;1.8>,<1.2;1.8>,<1;1.3>,<1;1.3>,<1.2;1.8>,972,<0.6;0.8>,<3;4>,<6;8>,<1.2;1.8>,<1.2;1.8>,<1;1.3>,<1;1.3>,<1.2;1.8>
18,54,2612,<0.8;1>,<3;4>,<7;10>,<1.8;2.5>,<1.2;1.8>,<1.3;1.6>,<1;1.3>,<1.8;2.5>,3283,<0.7;0.9>,<3;4>,<7;9>,<1.5;2.2>,<1.2;1.8>,<1.2;1.5>,<1;1.3>,<1.5;2.2>,3472,<0.7;0.9>,<3;4>,<7;9>,<1.5;2.2>,<1.2;1.8>,<1.2;1.5>,<1;1.3>,<1.5;2.2>,731,<0.7;0.9>,<3;4>,<7;9>,<1.5;2.2>,<1.2;1.8>,<1.2;1.5>,<1;1.3>,<1.5;2.2>,1931,<0.7;0.9>,<3;4>,<7;9>,<1.5;2.2>,<1.2;1.8>,<1.2;1.5>,<1;1.3>,<1.5;2.2>,242,<0.7;0.9>,<3;4>,<7;9>,<1.5;2.2>,<1.2;1.8>,<1.2;1.5>,<1;1.3>,<1.5;2.2>,593,<0.6;0.8>,<3;4>,<6;8>,<1.2;2>,<1.2;1.8>,<1.2;1.5>,<1;1.3>,<1.2;2>,631,<0.6;0.8>,<3;4>,<6;8>,<1.2;1.8>,<1.2;1.8>,<1;1.3>,<1;1.3>,<1.2;1.8>,741,<0.6;0.8>,<3;4>,<6;8>,<1.2;1.8>,<1.2;1.8>,<1;1.3>,<1;1.3>,<1.2;1.8>,1082,<0.6;0.8>,<3;4>,<6;8>,<1.2;1.8>,<1.2;1.8>,<1;1.3>,<1;1.3>,<1.2;1.8>,1612,<0.6;0.8>,<3;4>,<6;8>,<1.2;1.8>,<1.2;1.8>,<1;1.3>,<1;1.3>,<1.2;1.8>,1032,<0.6;0.8>,<3;4>,<6;8>,<1.2;1.8>,<1.2;1.8>,<1;1.3>,<1;1.3>,<1.2;1.8>
19,54,2633,<0.8;1>,<3;4>,<7;10>,<1.8;2.5>,<1.2;1.8>,<1.3;1.6>,<1;1.3>,<1.8;2.5>,3293,<0.7;0.9>,<3;4>,<7;9>,<1.5;2.2>,<1.2;1.8>,<1.2;1.5>,<1;1.3>,<1.5;2.2>,3511,<0.7;0.9>,<3;4>,<7;9>,<1.5;2.2>,<1.2;1.8>,<1.2;1.5>,<1;1.3>,<1.5;2.2>,1221,<0.7;0.9>,<3;4>,<7;9>,<1.5;2.2>,<1.2;1.8>,<1.2;1.5>,<1;1.3>,<1.5;2.2>,3543,<0.7;0.9>,<3;4>,<7;9>,<1.5;2.2>,<1.2;1.8>,<1.2;1.5>,<1;1.3>,<1.5;2.2>,333,<0.7;0.9>,<3;4>,<7;9>,<1.5;2.2>,<1.2;1.8>,<1.2;1.5>,<1;1.3>,<1.5;2.2>,603,<0.6;0.8>,<3;4>,<6;8>,<1.2;2>,<1.2;1.8>,<1.2;1.5>,<1;1.3>,<1.2;2>,641,<0.6;0.8>,<3;4>,<6;8>,<1.2;1.8>,<1.2;1.8>,<1;1.3>,<1;1.3>,<1.2;1.8>,863,<0.6;0.8>,<3;4>,<6;8>,<1.2;1.8>,<1.2;1.8>,<1;1.3>,<1;1.3>,<1.2;1.8>,1293,<0.6;0.8>,<3;4>,<6;8>,<1.2;1.8>,<1.2;1.8>,<1;1.3>,<1;1.3>,<1.2;1.8>,2033,<0.6;0.8>,<3;4>,<6;8>,<1.2;1.8>,<1.2;1.8>,<1;1.3>,<1;1.3>,<1.2;1.8>,1071,<0.6;0.8>,<3;4>,<6;8>,<1.2;1.8>,<1.2;1.8>,<1;1.3>,<1;1.3>,<1.2;1.8>
20,54,2963,<0.8;1>,<3;4>,<7;10>,<1.8;2.5>,<1.2;1.8>,<1.3;1.6>,<1;1.3>,<1.8;2.5>,3342,<0.7;0.9>,<3;4>,<7;9>,<1.5;2.2>,<1.2;1.8>,<1.2;1.5>,<1;1.3>,<1.5;2.2>,3683,<0.7;0.9>,<3;4>,<7;9>,<1.5;2.2>,<1.2;1.8>,<1.2;1.5>,<1;1.3>,<1.5;2.2>,1903,<0.7;0.9>,<3;4>,<7;9>,<1.5;2.2>,<1.2;1.8>,<1.2;1.5>,<1;1.3>,<1.5;2.2>,163,<0.7;0.9>,<3;4>,<7;9>,<1.5;2.2>,<1.2;1.8>,<1.2;1.5>,<1;1.3>,<1.5;2.2>,503,<0.7;0.9>,<3;4>,<7;9>,<1.5;2.2>,<1.2;1.8>,<1.2;1.5>,<1;1.3>,<1.5;2.2>,611,<0.6;0.8>,<3;4>,<6;8>,<1.2;2>,<1.2;1.8>,<1.2;1.5>,<1;1.3>,<1.2;2>,712,<0.6;0.8>,<3;4>,<6;8>,<1.2;1.8>,<1.2;1.8>,<1;1.3>,<1;1.3>,<1.2;1.8>,883,<0.6;0.8>,<3;4>,<6;8>,<1.2;1.8>,<1.2;1.8>,<1;1.3>,<1;1.3>,<1.2;1.8>,1612,<0.6;0.8>,<3;4>,<6;8>,<1.2;1.8>,<1.2;1.8>,<1;1.3>,<1;1.3>,<1.2;1.8>,972,<0.6;0.8>,<3;4>,<6;8>,<1.2;1.8>,<1.2;1.8>,<1;1.3>,<1;1.3>,<1.2;1.8>,1253,<0.6;0.8>,<3;4>,<6;8>,<1.2;1.8>,<1.2;1.8>,<1;1.3>,<1;1.3>,<1.2;1.8>
21,54,3283,<0.8;1>,<4;5>,<7;10>,<1.8;2.5>,<1.2;1.8>,<1.3;1.6>,<1;1.3>,<1.8;2.5>,3472,<0.7;0.9>,<4;5>,<7;9>,<1.5;2.2>,<1.2;1.8>,<1.2;1.5>,<1;1.3>,<1.5;2.2>,731,<0.7;0.9>,<4;5>,<7;9>,<1.5;2.2>,<1.2;1.8>,<1.2;1.5>,<1;1.3>,<1.5;2.2>,1931,<0.7;0.9>,<4;5>,<7;9>,<1.5;2.2>,<1.2;1.8>,<1.2;1.5>,<1;1.3>,<1.5;2.2>,242,<0.7;0.9>,<4;5>,<7;9>,<1.5;2.2>,<1.2;1.8>,<1.2;1.5>,<1;1.3>,<1.5;2.2>,593,<0.7;0.9>,<4;5>,<7;9>,<1.5;2.2>,<1.2;1.8>,<1.2;1.5>,<1;1.3>,<1.5;2.2>,631,<0.6;0.8>,<3;4>,<6;8>,<1.2;2>,<1.2;1.8>,<1.2;1.5>,<1;1.3>,<1.2;2>,741,<0.6;0.8>,<3;4>,<6;8>,<1.2;1.8>,<1.2;1.8>,<1;1.3>,<1;1.3>,<1.2;1.8>,1082,<0.6;0.8>,<3;4>,<6;8>,<1.2;1.8>,<1.2;1.8>,<1;1.3>,<1;1.3>,<1.2;1.8>,2033,<0.6;0.8>,<3;4>,<6;8>,<1.2;1.8>,<1.2;1.8>,<1;1.3>,<1;1.3>,<1.2;1.8>,1032,<0.6;0.8>,<3;4>,<6;8>,<1.2;1.8>,<1.2;1.8>,<1;1.3>,<1;1.3>,<1.2;1.8>,1303,<0.6;0.8>,<3;4>,<6;8>,<1.2;1.8>,<1.2;1.8>,<1;1.3>,<1;1.3>,<1.2;1.8>
22,54,3293,<0.8;1>,<4;5>,<7;10>,<1.8;2.5>,<1.2;1.8>,<1.3;1.6>,<1;1.3>,<1.8;2.5>,3511,<0.7;0.9>,<4;5>,<7;9>,<1.5;2.2>,<1.2;1.8>,<1.2;1.5>,<1;1.3>,<1.5;2.2>,1221,<0.7;0.9>,<4;5>,<7;9>,<1.5;2.2>,<1.2;1.8>,<1.2;1.5>,<1;1.3>,<1.5;2.2>,3543,<0.7;0.9>,<4;5>,<7;9>,<1.5;2.2>,<1.2;1.8>,<1.2;1.5>,<1;1.3>,<1.5;2.2>,333,<0.7;0.9>,<4;5>,<7;9>,<1.5;2.2>,<1.2;1.8>,<1.2;1.5>,<1;1.3>,<1.5;2.2>,603,<0.7;0.9>,<4;5>,<7;9>,<1.5;2.2>,<1.2;1.8>,<1.2;1.5>,<1;1.3>,<1.5;2.2>,641,<0.6;0.8>,<3;4>,<6;8>,<1.2;2>,<1.2;1.8>,<1.2;1.5>,<1;1.3>,<1.2;2>,863,<0.6;0.8>,<3;4>,<6;8>,<1.2;1.8>,<1.2;1.8>,<1;1.3>,<1;1.3>,<1.2;1.8>,1293,<0.6;0.8>,<3;4>,<6;8>,<1.2;1.8>,<1.2;1.8>,<1;1.3>,<1;1.3>,<1.2;1.8>,972,<0.6;0.8>,<3;4>,<6;8>,<1.2;1.8>,<1.2;1.8>,<1;1.3>,<1;1.3>,<1.2;1.8>,1071,<0.6;0.8>,<3;4>,<6;8>,<1.2;1.8>,<1.2;1.8>,<1;1.3>,<1;1.3>,<1.2;1.8>,1381,<0.6;0.8>,<3;4>,<6;8>,<1.2;1.8>,<1.2;1.8>,<1;1.3>,<1;1.3>,<1.2;1.8>
23,54,3342,<0.8;1>,<4;5>,<7;10>,<1.8;2.5>,<1.2;1.8>,<1.3;1.6>,<1;1.3>,<1.8;2.5>,3683,<0.7;0.9>,<4;5>,<7;9>,<1.5;2.2>,<1.2;1.8>,<1.2;1.5>,<1;1.3>,<1.5;2.2>,1903,<0.7;0.9>,<4;5>,<7;9>,<1.5;2.2>,<1.2;1.8>,<1.2;1.5>,<1;1.3>,<1.5;2.2>,163,<0.7;0.9>,<4;5>,<7;9>,<1.5;2.2>,<1.2;1.8>,<1.2;1.5>,<1;1.3>,<1.5;2.2>,503,<0.7;0.9>,<4;5>,<7;9>,<1.5;2.2>,<1.2;1.8>,<1.2;1.5>,<1;1.3>,<1.5;2.2>,611,<0.7;0.9>,<4;5>,<7;9>,<1.5;2.2>,<1.2;1.8>,<1.2;1.5>,<1;1.3>,<1.5;2.2>,712,<0.6;0.8>,<3;4>,<6;8>,<1.2;2>,<1.2;1.8>,<1.2;1.5>,<1;1.3>,<1.2;2>,883,<0.6;0.8>,<3;4>,<6;8>,<1.2;1.8>,<1.2;1.8>,<1;1.3>,<1;1.3>,<1.2;1.8>,1612,<0.6;0.8>,<3;4>,<6;8>,<1.2;1.8>,<1.2;1.8>,<1;1.3>,<1;1.3>,<1.2;1.8>,1032,<0.6;0.8>,<3;4>,<6;8>,<1.2;1.8>,<1.2;1.8>,<1;1.3>,<1;1.3>,<1.2;1.8>,1253,<0.6;0.8>,<3;4>,<6;8>,<1.2;1.8>,<1.2;1.8>,<1;1.3>,<1;1.3>,<1.2;1.8>,1772,<0.6;0.8>,<3;4>,<6;8>,<1.2;1.8>,<1.2;1.8>,<1;1.3>,<1;1.3>,<1.2;1.8>
24,54,3472,<0.8;1>,<4;5>,<7;10>,<1.8;2.5>,<1.2;1.8>,<1.3;1.6>,<1;1.3>,<1.8;2.5>,731,<0.7;0.9>,<4;5>,<7;9>,<1.5;2.2>,<1.2;1.8>,<1.2;1.5>,<1;1.3>,<1.5;2.2>,1931,<0.7;0.9>,<4;5>,<7;9>,<1.5;2.2>,<1.2;1.8>,<1.2;1.5>,<1;1.3>,<1.5;2.2>,242,<0.7;0.9>,<4;5>,<7;9>,<1.5;2.2>,<1.2;1.8>,<1.2;1.5>,<1;1.3>,<1.5;2.2>,593,<0.7;0.9>,<4;5>,<7;9>,<1.5;2.2>,<1.2;1.8>,<1.2;1.5>,<1;1.3>,<1.5;2.2>,631,<0.7;0.9>,<4;5>,<7;9>,<1.5;2.2>,<1.2;1.8>,<1.2;1.5>,<1;1.3>,<1.5;2.2>,741,<0.6;0.8>,<3;4>,<6;8>,<1.2;2>,<1.2;1.8>,<1.2;1.5>,<1;1.3>,<1.2;2>,1082,<0.6;0.8>,<3;4>,<6;8>,<1.2;1.8>,<1.2;1.8>,<1;1.3>,<1;1.3>,<1.2;1.8>,2033,<0.6;0.8>,<3;4>,<6;8>,<1.2;1.8>,<1.2;1.8>,<1;1.3>,<1;1.3>,<1.2;1.8>,1071,<0.6;0.8>,<3;4>,<6;8>,<1.2;1.8>,<1.2;1.8>,<1;1.3>,<1;1.3>,<1.2;1.8>,1303,<0.6;0.8>,<3;4>,<6;8>,<1.2;1.8>,<1.2;1.8>,<1;1.3>,<1;1.3>,<1.2;1.8>,1813,<0.6;0.8>,<3;4>,<6;8>,<1.2;1.8>,<1.2;1.8>,<1;1.3>,<1;1.3>,<1.2;1.8>
25,57,3511,<0.8;1>,<4;5>,<7;10>,<1.8;2.5>,<1.2;1.8>,<1.3;1.6>,<1;1.3>,<1.8;2.5>,1221,<0.7;0.9>,<4;5>,<7;9>,<1.5;2.2>,<1.2;1.8>,<1.2;1.5>,<1;1.3>,<1.5;2.2>,3543,<0.7;0.9>,<4;5>,<7;9>,<1.5;2.2>,<1.2;1.8>,<1.2;1.5>,<1;1.3>,<1.5;2.2>,333,<0.7;0.9>,<4;5>,<7;9>,<1.5;2.2>,<1.2;1.8>,<1.2;1.5>,<1;1.3>,<1.5;2.2>,603,<0.7;0.9>,<4;5>,<7;9>,<1.5;2.2>,<1.2;1.8>,<1.2;1.5>,<1;1.3>,<1.5;2.2>,641,<0.7;0.9>,<4;5>,<7;9>,<1.5;2.2>,<1.2;1.8>,<1.2;1.5>,<1;1.3>,<1.5;2.2>,863,<0.6;0.8>,<3;4>,<6;8>,<1.2;2>,<1.2;1.8>,<1.2;1.5>,<1;1.3>,<1.2;2>,1293,<0.6;0.8>,<3;4>,<6;8>,<1.2;1.8>,<1.2;1.8>,<1;1.3>,<1;1.3>,<1.2;1.8>,972,<0.6;0.8>,<3;4>,<6;8>,<1.2;1.8>,<1.2;1.8>,<1;1.3>,<1;1.3>,<1.2;1.8>,1253,<0.6;0.8>,<3;4>,<6;8>,<1.2;1.8>,<1.2;1.8>,<1;1.3>,<1;1.3>,<1.2;1.8>,1381,<0.6;0.8>,<3;4>,<6;8>,<1.2;1.8>,<1.2;1.8>,<1;1.3>,<1;1.3>,<1.2;1.8>,1841,<0.6;0.8>,<3;4>,<6;8>,<1.2;1.8>,<1.2;1.8>,<1;1.3>,<1;1.3>,<1.2;1.8>
26,57,3683,<0.8;1>,<4;5>,<7;10>,<1.8;2.5>,<1.2;1.8>,<1.3;1.6>,<1;1.3>,<1.8;2.5>,1903,<0.7;0.9>,<4;5>,<7;9>,<1.5;2.2>,<1.2;1.8>,<1.2;1.5>,<1;1.3>,<1.5;2.2>,163,<0.7;0.9>,<4;5>,<7;9>,<1.5;2.2>,<1.2;1.8>,<1.2;1.5>,<1;1.3>,<1.5;2.2>,503,<0.7;0.9>,<4;5>,<7;9>,<1.5;2.2>,<1.2;1.8>,<1.2;1.5>,<1;1.3>,<1.5;2.2>,611,<0.7;0.9>,<4;5>,<7;9>,<1.5;2.2>,<1.2;1.8>,<1.2;1.5>,<1;1.3>,<1.5;2.2>,712,<0.7;0.9>,<4;5>,<7;9>,<1.5;2.2>,<1.2;1.8>,<1.2;1.5>,<1;1.3>,<1.5;2.2>,883,<0.6;0.8>,<3;4>,<6;8>,<1.2;2>,<1.2;1.8>,<1.2;1.5>,<1;1.3>,<1.2;2>,1612,<0.6;0.8>,<3;4>,<6;8>,<1.2;1.8>,<1.2;1.8>,<1;1.3>,<1;1.3>,<1.2;1.8>,1032,<0.6;0.8>,<3;4>,<6;8>,<1.2;1.8>,<1.2;1.8>,<1;1.3>,<1;1.3>,<1.2;1.8>,1303,<0.6;0.8>,<3;4>,<6;8>,<1.2;1.8>,<1.2;1.8>,<1;1.3>,<1;1.3>,<1.2;1.8>,1772,<0.6;0.8>,<3;4>,<6;8>,<1.2;1.8>,<1.2;1.8>,<1;1.3>,<1;1.3>,<1.2;1.8>,1911,<0.6;0.8>,<3;4>,<6;8>,<1.2;1.8>,<1.2;1.8>,<1;1.3>,<1;1.3>,<1.2;1.8>
27,57,731,<0.8;1>,<4;5>,<7;10>,<1.8;2.5>,<1.2;1.8>,<1.3;1.6>,<1;1.3>,<1.8;2.5>,1931,<0.7;0.9>,<4;5>,<7;9>,<1.5;2.2>,<1.2;1.8>,<1.2;1.5>,<1;1.3>,<1.5;2.2>,242,<0.7;0.9>,<4;5>,<7;9>,<1.5;2.2>,<1.2;1.8>,<1.2;1.5>,<1;1.3>,<1.5;2.2>,593,<0.7;0.9>,<4;5>,<7;9>,<1.5;2.2>,<1.2;1.8>,<1.2;1.5>,<1;1.3>,<1.5;2.2>,631,<0.7;0.9>,<4;5>,<7;9>,<1.5;2.2>,<1.2;1.8>,<1.2;1.5>,<1;1.3>,<1.5;2.2>,741,<0.7;0.9>,<4;5>,<7;9>,<1.5;2.2>,<1.2;1.8>,<1.2;1.5>,<1;1.3>,<1.5;2.2>,1082,<0.6;0.8>,<3;4>,<6;8>,<1.2;2>,<1.2;1.8>,<1.2;1.5>,<1;1.3>,<1.2;2>,2033,<0.6;0.8>,<3;4>,<6;8>,<1.2;1.8>,<1.2;1.8>,<1;1.3>,<1;1.3>,<1.2;1.8>,1071,<0.6;0.8>,<3;4>,<6;8>,<1.2;1.8>,<1.2;1.8>,<1;1.3>,<1;1.3>,<1.2;1.8>,1381,<0.6;0.8>,<3;4>,<6;8>,<1.2;1.8>,<1.2;1.8>,<1;1.3>,<1;1.3>,<1.2;1.8>,1813,<0.6;0.8>,<3;4>,<6;8>,<1.2;1.8>,<1.2;1.8>,<1;1.3>,<1;1.3>,<1.2;1.8>,2023,<0.6;0.8>,<3;4>,<6;8>,<1.2;1.8>,<1.2;1.8>,<1;1.3>,<1;1.3>,<1.2;1.8>
28,57,1221,<0.8;1>,<4;5>,<7;10>,<1.8;2.5>,<1.2;1.8>,<1.3;1.6>,<1;1.3>,<1.8;2.5>,3543,<0.7;0.9>,<4;5>,<7;9>,<1.5;2.2>,<1.2;1.8>,<1.2;1.5>,<1;1.3>,<1.5;2.2>,333,<0.7;0.9>,<4;5>,<7;9>,<1.5;2.2>,<1.2;1.8>,<1.2;1.5>,<1;1.3>,<1.5;2.2>,603,<0.7;0.9>,<4;5>,<7;9>,<1.5;2.2>,<1.2;1.8>,<1.2;1.5>,<1;1.3>,<1.5;2.2>,641,<0.7;0.9>,<4;5>,<7;9>,<1.5;2.2>,<1.2;1.8>,<1.2;1.5>,<1;1.3>,<1.5;2.2>,863,<0.7;0.9>,<4;5>,<7;9>,<1.5;2.2>,<1.2;1.8>,<1.2;1.5>,<1;1.3>,<1.5;2.2>,1293,<0.6;0.8>,<3;4>,<6;8>,<1.2;2>,<1.2;1.8>,<1.2;1.5>,<1;1.3>,<1.2;2>,972,<0.6;0.8>,<3;4>,<6;8>,<1.2;1.8>,<1.2;1.8>,<1;1.3>,<1;1.3>,<1.2;1.8>,1253,<0.6;0.8>,<3;4>,<6;8>,<1.2;1.8>,<1.2;1.8>,<1;1.3>,<1;1.3>,<1.2;1.8>,1772,<0.6;0.8>,<3;4>,<6;8>,<1.2;1.8>,<1.2;1.8>,<1;1.3>,<1;1.3>,<1.2;1.8>,1841,<0.6;0.8>,<3;4>,<6;8>,<1.2;1.8>,<1.2;1.8>,<1;1.3>,<1;1.3>,<1.2;1.8>,2242,<0.6;0.8>,<3;4>,<6;8>,<1.2;1.8>,<1.2;1.8>,<1;1.3>,<1;1.3>,<1.2;1.8>
29,57,1903,<0.8;1>,<4;5>,<7;10>,<1.8;2.5>,<1.2;1.8>,<1.3;1.6>,<1;1.3>,<1.8;2.5>,163,<0.7;0.9>,<4;5>,<7;9>,<1.5;2.2>,<1.2;1.8>,<1.2;1.5>,<1;1.3>,<1.5;2.2>,503,<0.7;0.9>,<4;5>,<7;9>,<1.5;2.2>,<1.2;1.8>,<1.2;1.5>,<1;1.3>,<1.5;2.2>,611,<0.7;0.9>,<4;5>,<7;9>,<1.5;2.2>,<1.2;1.8>,<1.2;1.5>,<1;1.3>,<1.5;2.2>,712,<0.7;0.9>,<4;5>,<7;9>,<1.5;2.2>,<1.2;1.8>,<1.2;1.5>,<1;1.3>,<1.5;2.2>,883,<0.7;0.9>,<4;5>,<7;9>,<1.5;2.2>,<1.2;1.8>,<1.2;1.5>,<1;1.3>,<1.5;2.2>,1612,<0.6;0.8>,<3;4>,<6;8>,<1.2;2>,<1.2;1.8>,<1.2;1.5>,<1;1.3>,<1.2;2>,1032,<0.6;0.8>,<3;4>,<6;8>,<1.2;1.8>,<1.2;1.8>,<1;1.3>,<1;1.3>,<1.2;1.8>,1303,<0.6;0.8>,<3;4>,<6;8>,<1.2;1.8>,<1.2;1.8>,<1;1.3>,<1;1.3>,<1.2;1.8>,1813,<0.6;0.8>,<3;4>,<6;8>,<1.2;1.8>,<1.2;1.8>,<1;1.3>,<1;1.3>,<1.2;1.8>,1911,<0.6;0.8>,<3;4>,<6;8>,<1.2;1.8>,<1.2;1.8>,<1;1.3>,<1;1.3>,<1.2;1.8>,2723,<0.6;0.8>,<3;4>,<6;8>,<1.2;1.8>,<1.2;1.8>,<1;1.3>,<1;1.3>,<1.2;1.8>
30,57,1931,<0.8;1>,<4;5>,<7;10>,<1.8;2.5>,<1.2;1.8>,<1.3;1.6>,<1;1.3>,<1.8;2.5>,242,<0.7;0.9>,<4;5>,<7;9>,<1.5;2.2>,<1.2;1.8>,<1.2;1.5>,<1;1.3>,<1.5;2.2>,593,<0.7;0.9>,<4;5>,<7;9>,<1.5;2.2>,<1.2;1.8>,<1.2;1.5>,<1;1.3>,<1.5;2.2>,631,<0.7;0.9>,<4;5>,<7;9>,<1.5;2.2>,<1.2;1.8>,<1.2;1.5>,<1;1.3>,<1.5;2.2>,741,<0.7;0.9>,<4;5>,<7;9>,<1.5;2.2>,<1.2;1.8>,<1.2;1.5>,<1;1.3>,<1.5;2.2>,1082,<0.7;0.9>,<4;5>,<7;9>,<1.5;2.2>,<1.2;1.8>,<1.2;1.5>,<1;1.3>,<1.5;2.2>,2033,<0.6;0.8>,<3;4>,<6;8>,<1.2;2>,<1.2;1.8>,<1.2;1.5>,<1;1.3>,<1.2;2>,1071,<0.6;0.8>,<3;4>,<6;8>,<1.2;1.8>,<1.2;1.8>,<1;1.3>,<1;1.3>,<1.2;1.8>,1381,<0.6;0.8>,<3;4>,<6;8>,<1.2;1.8>,<1.2;1.8>,<1;1.3>,<1;1.3>,<1.2;1.8>,1841,<0.6;0.8>,<3;4>,<6;8>,<1.2;1.8>,<1.2;1.8>,<1;1.3>,<1;1.3>,<1.2;1.8>,2023,<0.6;0.8>,<3;4>,<6;8>,<1.2;1.8>,<1.2;1.8>,<1;1.3>,<1;1.3>,<1.2;1.8>,3003,<0.6;0.8>,<3;4>,<6;8>,<1.2;1.8>,<1.2;1.8>,<1;1.3>,<1;1.3>,<1.2;1.8>
31,57,3543,<0.8;1>,<4;5>,<7;10>,<1.8;2.5>,<1.2;1.8>,<1.3;1.6>,<1;1.3>,<1.8;2.5>,333,<0.7;0.9>,<4;5>,<7;9>,<1.5;2.2>,<1.2;1.8>,<1.2;1.5>,<1;1.3>,<1.5;2.2>,603,<0.7;0.9>,<4;5>,<7;9>,<1.5;2.2>,<1.2;1.8>,<1.2;1.5>,<1;1.3>,<1.5;2.2>,641,<0.7;0.9>,<4;5>,<7;9>,<1.5;2.2>,<1.2;1.8>,<1.2;1.5>,<1;1.3>,<1.5;2.2>,863,<0.7;0.9>,<4;5>,<7;9>,<1.5;2.2>,<1.2;1.8>,<1.2;1.5>,<1;1.3>,<1.5;2.2>,1293,<0.7;0.9>,<4;5>,<7;9>,<1.5;2.2>,<1.2;1.8>,<1.2;1.5>,<1;1.3>,<1.5;2.2>,972,<0.6;0.8>,<3;4>,<6;8>,<1.2;2>,<1.2;1.8>,<1.2;1.5>,<1;1.3>,<1.2;2>,1253,<0.6;0.8>,<3;4>,<6;8>,<1.2;1.8>,<1.2;1.8>,<1;1.3>,<1;1.3>,<1.2;1.8>,1772,<0.6;0.8>,<3;4>,<6;8>,<1.2;1.8>,<1.2;1.8>,<1;1.3>,<1;1.3>,<1.2;1.8>,1911,<0.6;0.8>,<3;4>,<6;8>,<1.2;1.8>,<1.2;1.8>,<1;1.3>,<1;1.3>,<1.2;1.8>,2242,<0.6;0.8>,<3;4>,<6;8>,<1.2;1.8>,<1.2;1.8>,<1;1.3>,<1;1.3>,<1.2;1.8>,3152,<0.6;0.8>,<3;4>,<6;8>,<1.2;1.8>,<1.2;1.8>,<1;1.3>,<1;1.3>,<1.2;1.8>
32,57,163,<0.8;1>,<4;5>,<7;10>,<1.8;2.5>,<1.2;1.8>,<1.3;1.6>,<1;1.3>,<1.8;2.5>,503,<0.7;0.9>,<4;5>,<7;9>,<1.5;2.2>,<1.2;1.8>,<1.2;1.5>,<1;1.3>,<1.5;2.2>,611,<0.7;0.9>,<4;5>,<7;9>,<1.5;2.2>,<1.2;1.8>,<1.2;1.5>,<1;1.3>,<1.5;2.2>,712,<0.7;0.9>,<4;5>,<7;9>,<1.5;2.2>,<1.2;1.8>,<1.2;1.5>,<1;1.3>,<1.5;2.2>,883,<0.7;0.9>,<4;5>,<7;9>,<1.5;2.2>,<1.2;1.8>,<1.2;1.5>,<1;1.3>,<1.5;2.2>,1612,<0.7;0.9>,<4;5>,<7;9>,<1.5;2.2>,<1.2;1.8>,<1.2;1.5>,<1;1.3>,<1.5;2.2>,1032,<0.6;0.8>,<3;4>,<6;8>,<1.2;2>,<1.2;1.8>,<1.2;1.5>,<1;1.3>,<1.2;2>,1303,<0.6;0.8>,<3;4>,<6;8>,<1.2;1.8>,<1.2;1.8>,<1;1.3>,<1;1.3>,<1.2;1.8>,1813,<0.6;0.8>,<3;4>,<6;8>,<1.2;1.8>,<1.2;1.8>,<1;1.3>,<1;1.3>,<1.2;1.8>,2023,<0.6;0.8>,<3;4>,<6;8>,<1.2;1.8>,<1.2;1.8>,<1;1.3>,<1;1.3>,<1.2;1.8>,2723,<0.6;0.8>,<3;4>,<6;8>,<1.2;1.8>,<1.2;1.8>,<1;1.3>,<1;1.3>,<1.2;1.8>,3161,<0.6;0.8>,<3;4>,<6;8>,<1.2;1.8>,<1.2;1.8>,<1;1.3>,<1;1.3>,<1.2;1.8>
33,57,242,<0.8;1>,<4;5>,<7;10>,<1.8;2.5>,<1.2;1.8>,<1.3;1.6>,<1;1.3>,<1.8;2.5>,593,<0.7;0.9>,<4;5>,<7;9>,<1.5;2.2>,<1.2;1.8>,<1.2;1.5>,<1;1.3>,<1.5;2.2>,631,<0.7;0.9>,<4;5>,<7;9>,<1.5;2.2>,<1.2;1.8>,<1.2;1.5>,<1;1.3>,<1.5;2.2>,741,<0.7;0.9>,<4;5>,<7;9>,<1.5;2.2>,<1.2;1.8>,<1.2;1.5>,<1;1.3>,<1.5;2.2>,1082,<0.7;0.9>,<4;5>,<7;9>,<1.5;2.2>,<1.2;1.8>,<1.2;1.5>,<1;1.3>,<1.5;2.2>,2033,<0.7;0.9>,<4;5>,<7;9>,<1.5;2.2>,<1.2;1.8>,<1.2;1.5>,<1;1.3>,<1.5;2.2>,1071,<0.6;0.8>,<3;4>,<6;8>,<1.2;2>,<1.2;1.8>,<1.2;1.5>,<1;1.3>,<1.2;2>,1381,<0.6;0.8>,<3;4>,<6;8>,<1.2;1.8>,<1.2;1.8>,<1;1.3>,<1;1.3>,<1.2;1.8>,1841,<0.6;0.8>,<3;4>,<6;8>,<1.2;1.8>,<1.2;1.8>,<1;1.3>,<1;1.3>,<1.2;1.8>,2242,<0.6;0.8>,<3;4>,<6;8>,<1.2;1.8>,<1.2;1.8>,<1;1.3>,<1;1.3>,<1.2;1.8>,3003,<0.6;0.8>,<3;4>,<6;8>,<1.2;1.8>,<1.2;1.8>,<1;1.3>,<1;1.3>,<1.2;1.8>,3181,<0.6;0.8>,<3;4>,<6;8>,<1.2;1.8>,<1.2;1.8>,<1;1.3>,<1;1.3>,<1.2;1.8>
34,57,333,<0.8;1>,<4;5>,<7;10>,<1.8;2.5>,<1.2;1.8>,<1.3;1.6>,<1;1.3>,<1.8;2.5>,603,<0.7;0.9>,<4;5>,<7;9>,<1.5;2.2>,<1.2;1.8>,<1.2;1.5>,<1;1.3>,<1.5;2.2>,641,<0.7;0.9>,<4;5>,<7;9>,<1.5;2.2>,<1.2;1.8>,<1.2;1.5>,<1;1.3>,<1.5;2.2>,863,<0.7;0.9>,<4;5>,<7;9>,<1.5;2.2>,<1.2;1.8>,<1.2;1.5>,<1;1.3>,<1.5;2.2>,1293,<0.7;0.9>,<4;5>,<7;9>,<1.5;2.2>,<1.2;1.8>,<1.2;1.5>,<1;1.3>,<1.5;2.2>,972,<0.7;0.9>,<4;5>,<7;9>,<1.5;2.2>,<1.2;1.8>,<1.2;1.5>,<1;1.3>,<1.5;2.2>,1253,<0.6;0.8>,<3;4>,<6;8>,<1.2;2>,<1.2;1.8>,<1.2;1.5>,<1;1.3>,<1.2;2>,1772,<0.6;0.8>,<3;4>,<6;8>,<1.2;1.8>,<1.2;1.8>,<1;1.3>,<1;1.3>,<1.2;1.8>,1911,<0.6;0.8>,<3;4>,<6;8>,<1.2;1.8>,<1.2;1.8>,<1;1.3>,<1;1.3>,<1.2;1.8>,2723,<0.6;0.8>,<3;4>,<6;8>,<1.2;1.8>,<1.2;1.8>,<1;1.3>,<1;1.3>,<1.2;1.8>,3152,<0.6;0.8>,<3;4>,<6;8>,<1.2;1.8>,<1.2;1.8>,<1;1.3>,<1;1.3>,<1.2;1.8>,3251,<0.6;0.8>,<3;4>,<6;8>,<1.2;1.8>,<1.2;1.8>,<1;1.3>,<1;1.3>,<1.2;1.8>
35,57,503,<0.8;1>,<4;5>,<7;10>,<1.8;2.5>,<1.2;1.8>,<1.3;1.6>,<1;1.3>,<1.8;2.5>,611,<0.7;0.9>,<4;5>,<7;9>,<1.5;2.2>,<1.2;1.8>,<1.2;1.5>,<1;1.3>,<1.5;2.2>,712,<0.7;0.9>,<4;5>,<7;9>,<1.5;2.2>,<1.2;1.8>,<1.2;1.5>,<1;1.3>,<1.5;2.2>,883,<0.7;0.9>,<4;5>,<7;9>,<1.5;2.2>,<1.2;1.8>,<1.2;1.5>,<1;1.3>,<1.5;2.2>,1612,<0.7;0.9>,<4;5>,<7;9>,<1.5;2.2>,<1.2;1.8>,<1.2;1.5>,<1;1.3>,<1.5;2.2>,1032,<0.7;0.9>,<4;5>,<7;9>,<1.5;2.2>,<1.2;1.8>,<1.2;1.5>,<1;1.3>,<1.5;2.2>,1303,<0.6;0.8>,<3;4>,<6;8>,<1.2;2>,<1.2;1.8>,<1.2;1.5>,<1;1.3>,<1.2;2>,1813,<0.6;0.8>,<3;4>,<6;8>,<1.2;1.8>,<1.2;1.8>,<1;1.3>,<1;1.3>,<1.2;1.8>,2023,<0.6;0.8>,<3;4>,<6;8>,<1.2;1.8>,<1.2;1.8>,<1;1.3>,<1;1.3>,<1.2;1.8>,3003,<0.6;0.8>,<3;4>,<6;8>,<1.2;1.8>,<1.2;1.8>,<1;1.3>,<1;1.3>,<1.2;1.8>,3161,<0.6;0.8>,<3;4>,<6;8>,<1.2;1.8>,<1.2;1.8>,<1;1.3>,<1;1.3>,<1.2;1.8>,3592,<0.6;0.8>,<3;4>,<6;8>,<1.2;1.8>,<1.2;1.8>,<1;1.3>,<1;1.3>,<1.2;1.8>
36,57,593,<0.8;1>,<4;5>,<7;10>,<1.8;2.5>,<1.2;1.8>,<1.3;1.6>,<1;1.3>,<1.8;2.5>,631,<0.7;0.9>,<4;5>,<7;9>,<1.5;2.2>,<1.2;1.8>,<1.2;1.5>,<1;1.3>,<1.5;2.2>,741,<0.7;0.9>,<4;5>,<7;9>,<1.5;2.2>,<1.2;1.8>,<1.2;1.5>,<1;1.3>,<1.5;2.2>,1082,<0.7;0.9>,<4;5>,<7;9>,<1.5;2.2>,<1.2;1.8>,<1.2;1.5>,<1;1.3>,<1.5;2.2>,2033,<0.7;0.9>,<4;5>,<7;9>,<1.5;2.2>,<1.2;1.8>,<1.2;1.5>,<1;1.3>,<1.5;2.2>,1071,<0.7;0.9>,<4;5>,<7;9>,<1.5;2.2>,<1.2;1.8>,<1.2;1.5>,<1;1.3>,<1.5;2.2>,1381,<0.6;0.8>,<3;4>,<6;8>,<1.2;2>,<1.2;1.8>,<1.2;1.5>,<1;1.3>,<1.2;2>,1841,<0.6;0.8>,<3;4>,<6;8>,<1.2;1.8>,<1.2;1.8>,<1;1.3>,<1;1.3>,<1.2;1.8>,2242,<0.6;0.8>,<3;4>,<6;8>,<1.2;1.8>,<1.2;1.8>,<1;1.3>,<1;1.3>,<1.2;1.8>,3152,<0.6;0.8>,<3;4>,<6;8>,<1.2;1.8>,<1.2;1.8>,<1;1.3>,<1;1.3>,<1.2;1.8>,3181,<0.6;0.8>,<3;4>,<6;8>,<1.2;1.8>,<1.2;1.8>,<1;1.3>,<1;1.3>,<1.2;1.8>,3663,<0.6;0.8>,<3;4>,<6;8>,<1.2;1.8>,<1.2;1.8>,<1;1.3>,<1;1.3>,<1.2;1.8>
37,60,603,<0.8;1>,<4;5>,<7;10>,<1.8;2.5>,<1.2;1.8>,<1.3;1.6>,<1;1.3>,<1.8;2.5>,641,<0.7;0.9>,<4;5>,<7;9>,<1.5;2.2>,<1.2;1.8>,<1.2;1.5>,<1;1.3>,<1.5;2.2>,863,<0.7;0.9>,<4;5>,<7;9>,<1.5;2.2>,<1.2;1.8>,<1.2;1.5>,<1;1.3>,<1.5;2.2>,1293,<0.7;0.9>,<4;5>,<7;9>,<1.5;2.2>,<1.2;1.8>,<1.2;1.5>,<1;1.3>,<1.5;2.2>,972,<0.7;0.9>,<4;5>,<7;9>,<1.5;2.2>,<1.2;1.8>,<1.2;1.5>,<1;1.3>,<1.5;2.2>,1253,<0.7;0.9>,<4;5>,<7;9>,<1.5;2.2>,<1.2;1.8>,<1.2;1.5>,<1;1.3>,<1.5;2.2>,1772,<0.6;0.8>,<3;4>,<6;8>,<1.2;2>,<1.2;1.8>,<1.2;1.5>,<1;1.3>,<1.2;2>,1911,<0.6;0.8>,<3;4>,<6;8>,<1.2;1.8>,<1.2;1.8>,<1;1.3>,<1;1.3>,<1.2;1.8>,2723,<0.6;0.8>,<3;4>,<6;8>,<1.2;1.8>,<1.2;1.8>,<1;1.3>,<1;1.3>,<1.2;1.8>,3161,<0.6;0.8>,<3;4>,<6;8>,<1.2;1.8>,<1.2;1.8>,<1;1.3>,<1;1.3>,<1.2;1.8>,3251,<0.6;0.8>,<3;4>,<6;8>,<1.2;1.8>,<1.2;1.8>,<1;1.3>,<1;1.3>,<1.2;1.8>,263,<0.6;0.8>,<3;4>,<6;8>,<1.2;1.8>,<1.2;1.8>,<1;1.3>,<1;1.3>,<1.2;1.8>
38,60,611,<0.8;1>,<4;5>,<7;10>,<1.8;2.5>,<1.2;1.8>,<1.3;1.6>,<1;1.3>,<1.8;2.5>,712,<0.7;0.9>,<4;5>,<7;9>,<1.5;2.2>,<1.2;1.8>,<1.2;1.5>,<1;1.3>,<1.5;2.2>,883,<0.7;0.9>,<4;5>,<7;9>,<1.5;2.2>,<1.2;1.8>,<1.2;1.5>,<1;1.3>,<1.5;2.2>,1612,<0.7;0.9>,<4;5>,<7;9>,<1.5;2.2>,<1.2;1.8>,<1.2;1.5>,<1;1.3>,<1.5;2.2>,1032,<0.7;0.9>,<4;5>,<7;9>,<1.5;2.2>,<1.2;1.8>,<1.2;1.5>,<1;1.3>,<1.5;2.2>,1303,<0.7;0.9>,<4;5>,<7;9>,<1.5;2.2>,<1.2;1.8>,<1.2;1.5>,<1;1.3>,<1.5;2.2>,1813,<0.6;0.8>,<3;4>,<6;8>,<1.2;2>,<1.2;1.8>,<1.2;1.5>,<1;1.3>,<1.2;2>,2023,<0.6;0.8>,<3;4>,<6;8>,<1.2;1.8>,<1.2;1.8>,<1;1.3>,<1;1.3>,<1.2;1.8>,3003,<0.6;0.8>,<3;4>,<6;8>,<1.2;1.8>,<1.2;1.8>,<1;1.3>,<1;1.3>,<1.2;1.8>,3181,<0.6;0.8>,<3;4>,<6;8>,<1.2;1.8>,<1.2;1.8>,<1;1.3>,<1;1.3>,<1.2;1.8>,3592,<0.6;0.8>,<3;4>,<6;8>,<1.2;1.8>,<1.2;1.8>,<1;1.3>,<1;1.3>,<1.2;1.8>,393,<0.6;0.8>,<3;4>,<6;8>,<1.2;1.8>,<1.2;1.8>,<1;1.3>,<1;1.3>,<1.2;1.8>
39,60,631,<0.8;1>,<4;5>,<7;10>,<1.8;2.5>,<1.2;1.8>,<1.3;1.6>,<1;1.3>,<1.8;2.5>,741,<0.7;0.9>,<4;5>,<7;9>,<1.5;2.2>,<1.2;1.8>,<1.2;1.5>,<1;1.3>,<1.5;2.2>,1082,<0.7;0.9>,<4;5>,<7;9>,<1.5;2.2>,<1.2;1.8>,<1.2;1.5>,<1;1.3>,<1.5;2.2>,2033,<0.7;0.9>,<4;5>,<7;9>,<1.5;2.2>,<1.2;1.8>,<1.2;1.5>,<1;1.3>,<1.5;2.2>,1071,<0.7;0.9>,<4;5>,<7;9>,<1.5;2.2>,<1.2;1.8>,<1.2;1.5>,<1;1.3>,<1.5;2.2>,1381,<0.7;0.9>,<4;5>,<7;9>,<1.5;2.2>,<1.2;1.8>,<1.2;1.5>,<1;1.3>,<1.5;2.2>,1841,<0.6;0.8>,<3;4>,<6;8>,<1.2;2>,<1.2;1.8>,<1.2;1.5>,<1;1.3>,<1.2;2>,2242,<0.6;0.8>,<3;4>,<6;8>,<1.2;1.8>,<1.2;1.8>,<1;1.3>,<1;1.3>,<1.2;1.8>,3152,<0.6;0.8>,<3;4>,<6;8>,<1.2;1.8>,<1.2;1.8>,<1;1.3>,<1;1.3>,<1.2;1.8>,3251,<0.6;0.8>,<3;4>,<6;8>,<1.2;1.8>,<1.2;1.8>,<1;1.3>,<1;1.3>,<1.2;1.8>,3663,<0.6;0.8>,<3;4>,<6;8>,<1.2;1.8>,<1.2;1.8>,<1;1.3>,<1;1.3>,<1.2;1.8>,572,<0.6;0.8>,<3;4>,<6;8>,<1.2;1.8>,<1.2;1.8>,<1;1.3>,<1;1.3>,<1.2;1.8>
40,60,641,<0.8;1>,<4;5>,<7;10>,<1.8;2.5>,<1.2;1.8>,<1.3;1.6>,<1;1.3>,<1.8;2.5>,863,<0.7;0.9>,<4;5>,<7;9>,<1.5;2.2>,<1.2;1.8>,<1.2;1.5>,<1;1.3>,<1.5;2.2>,1293,<0.7;0.9>,<4;5>,<7;9>,<1.5;2.2>,<1.2;1.8>,<1.2;1.5>,<1;1.3>,<1.5;2.2>,972,<0.7;0.9>,<4;5>,<7;9>,<1.5;2.2>,<1.2;1.8>,<1.2;1.5>,<1;1.3>,<1.5;2.2>,1253,<0.7;0.9>,<4;5>,<7;9>,<1.5;2.2>,<1.2;1.8>,<1.2;1.5>,<1;1.3>,<1.5;2.2>,1772,<0.7;0.9>,<4;5>,<7;9>,<1.5;2.2>,<1.2;1.8>,<1.2;1.5>,<1;1.3>,<1.5;2.2>,1911,<0.6;0.8>,<3;4>,<6;8>,<1.2;2>,<1.2;1.8>,<1.2;1.5>,<1;1.3>,<1.2;2>,2723,<0.6;0.8>,<3;4>,<6;8>,<1.2;1.8>,<1.2;1.8>,<1;1.3>,<1;1.3>,<1.2;1.8>,3161,<0.6;0.8>,<3;4>,<6;8>,<1.2;1.8>,<1.2;1.8>,<1;1.3>,<1;1.3>,<1.2;1.8>,3592,<0.6;0.8>,<3;4>,<6;8>,<1.2;1.8>,<1.2;1.8>,<1;1.3>,<1;1.3>,<1.2;1.8>,263,<0.6;0.8>,<3;4>,<6;8>,<1.2;1.8>,<1.2;1.8>,<1;1.3>,<1;1.3>,<1.2;1.8>,701,<0.6;0.8>,<3;4>,<6;8>,<1.2;1.8>,<1.2;1.8>,<1;1.3>,<1;1.3>,<1.2;1.8>
41,60,712,<0.8;1>,<4;5>,<8;11>,<1.8;2.5>,<1.2;1.8>,<1.3;1.6>,<1;1.3>,<1.8;2.5>,883,<0.7;0.9>,<4;5>,<7;9>,<1.5;2.2>,<1.2;1.8>,<1.2;1.5>,<1;1.3>,<1.5;2.2>,1612,<0.7;0.9>,<4;5>,<7;9>,<1.5;2.2>,<1.2;1.8>,<1.2;1.5>,<1;1.3>,<1.5;2.2>,1032,<0.7;0.9>,<4;5>,<7;9>,<1.5;2.2>,<1.2;1.8>,<1.2;1.5>,<1;1.3>,<1.5;2.2>,1303,<0.7;0.9>,<4;5>,<7;9>,<1.5;2.2>,<1.2;1.8>,<1.2;1.5>,<1;1.3>,<1.5;2.2>,1813,<0.7;0.9>,<4;5>,<7;9>,<1.5;2.2>,<1.2;1.8>,<1.2;1.5>,<1;1.3>,<1.5;2.2>,2023,<0.6;0.8>,<4;5>,<6;8>,<1.2;2>,<1.2;1.8>,<1.2;1.5>,<1;1.3>,<1.2;2>,3003,<0.6;0.8>,<4;5>,<6;8>,<1.2;1.8>,<1.2;1.8>,<1;1.3>,<1;1.3>,<1.2;1.8>,3181,<0.6;0.8>,<4;5>,<6;8>,<1.2;1.8>,<1.2;1.8>,<1;1.3>,<1;1.3>,<1.2;1.8>,3663,<0.6;0.8>,<4;5>,<6;8>,<1.2;1.8>,<1.2;1.8>,<1;1.3>,<1;1.3>,<1.2;1.8>,393,<0.6;0.8>,<4;5>,<6;8>,<1.2;1.8>,<1.2;1.8>,<1;1.3>,<1;1.3>,<1.2;1.8>,721,<0.6;0.8>,<4;5>,<6;8>,<1.2;1.8>,<1.2;1.8>,<1;1.3>,<1;1.3>,<1.2;1.8>
42,60,741,<0.8;1>,<4;5>,<8;11>,<1.8;2.5>,<1.2;1.8>,<1.3;1.6>,<1;1.3>,<1.8;2.5>,1082,<0.7;0.9>,<4;5>,<7;9>,<1.5;2.2>,<1.2;1.8>,<1.2;1.5>,<1;1.3>,<1.5;2.2>,2033,<0.7;0.9>,<4;5>,<7;9>,<1.5;2.2>,<1.2;1.8>,<1.2;1.5>,<1;1.3>,<1.5;2.2>,1071,<0.7;0.9>,<4;5>,<7;9>,<1.5;2.2>,<1.2;1.8>,<1.2;1.5>,<1;1.3>,<1.5;2.2>,1381,<0.7;0.9>,<4;5>,<7;9>,<1.5;2.2>,<1.2;1.8>,<1.2;1.5>,<1;1.3>,<1.5;2.2>,1841,<0.7;0.9>,<4;5>,<7;9>,<1.5;2.2>,<1.2;1.8>,<1.2;1.5>,<1;1.3>,<1.5;2.2>,2242,<0.6;0.8>,<4;5>,<6;8>,<1.2;2>,<1.2;1.8>,<1.2;1.5>,<1;1.3>,<1.2;2>,3152,<0.6;0.8>,<4;5>,<6;8>,<1.2;1.8>,<1.2;1.8>,<1;1.3>,<1;1.3>,<1.2;1.8>,3251,<0.6;0.8>,<4;5>,<6;8>,<1.2;1.8>,<1.2;1.8>,<1;1.3>,<1;1.3>,<1.2;1.8>,263,<0.6;0.8>,<4;5>,<6;8>,<1.2;1.8>,<1.2;1.8>,<1;1.3>,<1;1.3>,<1.2;1.8>,572,<0.6;0.8>,<4;5>,<6;8>,<1.2;1.8>,<1.2;1.8>,<1;1.3>,<1;1.3>,<1.2;1.8>,771,<0.6;0.8>,<4;5>,<6;8>,<1.2;1.8>,<1.2;1.8>,<1;1.3>,<1;1.3>,<1.2;1.8>
43,60,863,<0.8;1>,<4;5>,<8;11>,<1.8;2.5>,<1.2;1.8>,<1.3;1.6>,<1;1.3>,<1.8;2.5>,1293,<0.7;0.9>,<4;5>,<7;9>,<1.5;2.2>,<1.2;1.8>,<1.2;1.5>,<1;1.3>,<1.5;2.2>,972,<0.7;0.9>,<4;5>,<7;9>,<1.5;2.2>,<1.2;1.8>,<1.2;1.5>,<1;1.3>,<1.5;2.2>,1253,<0.7;0.9>,<4;5>,<7;9>,<1.5;2.2>,<1.2;1.8>,<1.2;1.5>,<1;1.3>,<1.5;2.2>,1772,<0.7;0.9>,<4;5>,<7;9>,<1.5;2.2>,<1.2;1.8>,<1.2;1.5>,<1;1.3>,<1.5;2.2>,1911,<0.7;0.9>,<4;5>,<7;9>,<1.5;2.2>,<1.2;1.8>,<1.2;1.5>,<1;1.3>,<1.5;2.2>,2723,<0.6;0.8>,<4;5>,<6;8>,<1.2;2>,<1.2;1.8>,<1.2;1.5>,<1;1.3>,<1.2;2>,3161,<0.6;0.8>,<4;5>,<6;8>,<1.2;1.8>,<1.2;1.8>,<1;1.3>,<1;1.3>,<1.2;1.8>,3592,<0.6;0.8>,<4;5>,<6;8>,<1.2;1.8>,<1.2;1.8>,<1;1.3>,<1;1.3>,<1.2;1.8>,393,<0.6;0.8>,<4;5>,<6;8>,<1.2;1.8>,<1.2;1.8>,<1;1.3>,<1;1.3>,<1.2;1.8>,701,<0.6;0.8>,<4;5>,<6;8>,<1.2;1.8>,<1.2;1.8>,<1;1.3>,<1;1.3>,<1.2;1.8>,1231,<0.6;0.8>,<4;5>,<6;8>,<1.2;1.8>,<1.2;1.8>,<1;1.3>,<1;1.3>,<1.2;1.8>
44,60,883,<0.8;1>,<4;5>,<8;11>,<1.8;2.5>,<1.2;1.8>,<1.3;1.6>,<1;1.3>,<1.8;2.5>,1612,<0.7;0.9>,<4;5>,<7;9>,<1.5;2.2>,<1.2;1.8>,<1.2;1.5>,<1;1.3>,<1.5;2.2>,1032,<0.7;0.9>,<4;5>,<7;9>,<1.5;2.2>,<1.2;1.8>,<1.2;1.5>,<1;1.3>,<1.5;2.2>,1303,<0.7;0.9>,<4;5>,<7;9>,<1.5;2.2>,<1.2;1.8>,<1.2;1.5>,<1;1.3>,<1.5;2.2>,1813,<0.7;0.9>,<4;5>,<7;9>,<1.5;2.2>,<1.2;1.8>,<1.2;1.5>,<1;1.3>,<1.5;2.2>,2023,<0.7;0.9>,<4;5>,<7;9>,<1.5;2.2>,<1.2;1.8>,<1.2;1.5>,<1;1.3>,<1.5;2.2>,3003,<0.6;0.8>,<4;5>,<6;8>,<1.2;2>,<1.2;1.8>,<1.2;1.5>,<1;1.3>,<1.2;2>,3181,<0.6;0.8>,<4;5>,<6;8>,<1.2;1.8>,<1.2;1.8>,<1;1.3>,<1;1.3>,<1.2;1.8>,3663,<0.6;0.8>,<4;5>,<6;8>,<1.2;1.8>,<1.2;1.8>,<1;1.3>,<1;1.3>,<1.2;1.8>,572,<0.6;0.8>,<4;5>,<6;8>,<1.2;1.8>,<1.2;1.8>,<1;1.3>,<1;1.3>,<1.2;1.8>,721,<0.6;0.8>,<4;5>,<6;8>,<1.2;1.8>,<1.2;1.8>,<1;1.3>,<1;1.3>,<1.2;1.8>,1241,<0.6;0.8>,<4;5>,<6;8>,<1.2;1.8>,<1.2;1.8>,<1;1.3>,<1;1.3>,<1.2;1.8>
45,60,1082,<0.8;1>,<4;5>,<8;11>,<1.8;2.5>,<1.2;1.8>,<1.3;1.6>,<1;1.3>,<1.8;2.5>,2033,<0.7;0.9>,<4;5>,<7;9>,<1.5;2.2>,<1.2;1.8>,<1.2;1.5>,<1;1.3>,<1.5;2.2>,1071,<0.7;0.9>,<4;5>,<7;9>,<1.5;2.2>,<1.2;1.8>,<1.2;1.5>,<1;1.3>,<1.5;2.2>,1381,<0.7;0.9>,<4;5>,<7;9>,<1.5;2.2>,<1.2;1.8>,<1.2;1.5>,<1;1.3>,<1.5;2.2>,1841,<0.7;0.9>,<4;5>,<7;9>,<1.5;2.2>,<1.2;1.8>,<1.2;1.5>,<1;1.3>,<1.5;2.2>,2242,<0.7;0.9>,<4;5>,<7;9>,<1.5;2.2>,<1.2;1.8>,<1.2;1.5>,<1;1.3>,<1.5;2.2>,3152,<0.6;0.8>,<4;5>,<6;8>,<1.2;2>,<1.2;1.8>,<1.2;1.5>,<1;1.3>,<1.2;2>,3251,<0.6;0.8>,<4;5>,<6;8>,<1.2;1.8>,<1.2;1.8>,<1;1.3>,<1;1.3>,<1.2;1.8>,263,<0.6;0.8>,<4;5>,<6;8>,<1.2;1.8>,<1.2;1.8>,<1;1.3>,<1;1.3>,<1.2;1.8>,701,<0.6;0.8>,<4;5>,<6;8>,<1.2;1.8>,<1.2;1.8>,<1;1.3>,<1;1.3>,<1.2;1.8>,771,<0.6;0.8>,<4;5>,<6;8>,<1.2;1.8>,<1.2;1.8>,<1;1.3>,<1;1.3>,<1.2;1.8>,1313,<0.6;0.8>,<4;5>,<6;8>,<1.2;1.8>,<1.2;1.8>,<1;1.3>,<1;1.3>,<1.2;1.8>
46,60,1293,<0.8;1>,<4;5>,<8;11>,<1.8;2.5>,<1.2;1.8>,<1.3;1.6>,<1;1.3>,<1.8;2.5>,972,<0.7;0.9>,<4;5>,<7;9>,<1.5;2.2>,<1.2;1.8>,<1.2;1.5>,<1;1.3>,<1.5;2.2>,1253,<0.7;0.9>,<4;5>,<7;9>,<1.5;2.2>,<1.2;1.8>,<1.2;1.5>,<1;1.3>,<1.5;2.2>,1772,<0.7;0.9>,<4;5>,<7;9>,<1.5;2.2>,<1.2;1.8>,<1.2;1.5>,<1;1.3>,<1.5;2.2>,1911,<0.7;0.9>,<4;5>,<7;9>,<1.5;2.2>,<1.2;1.8>,<1.2;1.5>,<1;1.3>,<1.5;2.2>,2723,<0.7;0.9>,<4;5>,<7;9>,<1.5;2.2>,<1.2;1.8>,<1.2;1.5>,<1;1.3>,<1.5;2.2>,3161,<0.6;0.8>,<4;5>,<6;8>,<1.2;2>,<1.2;1.8>,<1.2;1.5>,<1;1.3>,<1.2;2>,3592,<0.6;0.8>,<4;5>,<6;8>,<1.2;1.8>,<1.2;1.8>,<1;1.3>,<1;1.3>,<1.2;1.8>,393,<0.6;0.8>,<4;5>,<6;8>,<1.2;1.8>,<1.2;1.8>,<1;1.3>,<1;1.3>,<1.2;1.8>,721,<0.6;0.8>,<4;5>,<6;8>,<1.2;1.8>,<1.2;1.8>,<1;1.3>,<1;1.3>,<1.2;1.8>,1231,<0.6;0.8>,<4;5>,<6;8>,<1.2;1.8>,<1.2;1.8>,<1;1.3>,<1;1.3>,<1.2;1.8>,1393,<0.6;0.8>,<4;5>,<6;8>,<1.2;1.8>,<1.2;1.8>,<1;1.3>,<1;1.3>,<1.2;1.8>
47,60,1612,<0.8;1>,<4;5>,<8;11>,<1.8;2.5>,<1.2;1.8>,<1.3;1.6>,<1;1.3>,<1.8;2.5>,1032,<0.7;0.9>,<4;5>,<7;9>,<1.5;2.2>,<1.2;1.8>,<1.2;1.5>,<1;1.3>,<1.5;2.2>,1303,<0.7;0.9>,<4;5>,<7;9>,<1.5;2.2>,<1.2;1.8>,<1.2;1.5>,<1;1.3>,<1.5;2.2>,1813,<0.7;0.9>,<4;5>,<7;9>,<1.5;2.2>,<1.2;1.8>,<1.2;1.5>,<1;1.3>,<1.5;2.2>,2023,<0.7;0.9>,<4;5>,<7;9>,<1.5;2.2>,<1.2;1.8>,<1.2;1.5>,<1;1.3>,<1.5;2.2>,3003,<0.7;0.9>,<4;5>,<7;9>,<1.5;2.2>,<1.2;1.8>,<1.2;1.5>,<1;1.3>,<1.5;2.2>,3181,<0.6;0.8>,<4;5>,<6;8>,<1.2;2>,<1.2;1.8>,<1.2;1.5>,<1;1.3>,<1.2;2>,3663,<0.6;0.8>,<4;5>,<6;8>,<1.2;1.8>,<1.2;1.8>,<1;1.3>,<1;1.3>,<1.2;1.8>,572,<0.6;0.8>,<4;5>,<6;8>,<1.2;1.8>,<1.2;1.8>,<1;1.3>,<1;1.3>,<1.2;1.8>,771,<0.6;0.8>,<4;5>,<6;8>,<1.2;1.8>,<1.2;1.8>,<1;1.3>,<1;1.3>,<1.2;1.8>,1241,<0.6;0.8>,<4;5>,<6;8>,<1.2;1.8>,<1.2;1.8>,<1;1.3>,<1;1.3>,<1.2;1.8>,1423,<0.6;0.8>,<4;5>,<6;8>,<1.2;1.8>,<1.2;1.8>,<1;1.3>,<1;1.3>,<1.2;1.8>
48,60,2033,<0.8;1>,<4;5>,<8;11>,<1.8;2.5>,<1.2;1.8>,<1.3;1.6>,<1;1.3>,<1.8;2.5>,1071,<0.7;0.9>,<4;5>,<7;9>,<1.5;2.2>,<1.2;1.8>,<1.2;1.5>,<1;1.3>,<1.5;2.2>,1381,<0.7;0.9>,<4;5>,<7;9>,<1.5;2.2>,<1.2;1.8>,<1.2;1.5>,<1;1.3>,<1.5;2.2>,1841,<0.7;0.9>,<4;5>,<7;9>,<1.5;2.2>,<1.2;1.8>,<1.2;1.5>,<1;1.3>,<1.5;2.2>,2242,<0.7;0.9>,<4;5>,<7;9>,<1.5;2.2>,<1.2;1.8>,<1.2;1.5>,<1;1.3>,<1.5;2.2>,3152,<0.7;0.9>,<4;5>,<7;9>,<1.5;2.2>,<1.2;1.8>,<1.2;1.5>,<1;1.3>,<1.5;2.2>,3251,<0.6;0.8>,<4;5>,<6;8>,<1.2;2>,<1.2;1.8>,<1.2;1.5>,<1;1.3>,<1.2;2>,263,<0.6;0.8>,<4;5>,<6;8>,<1.2;1.8>,<1.2;1.8>,<1;1.3>,<1;1.3>,<1.2;1.8>,701,<0.6;0.8>,<4;5>,<6;8>,<1.2;1.8>,<1.2;1.8>,<1;1.3>,<1;1.3>,<1.2;1.8>,1231,<0.6;0.8>,<4;5>,<6;8>,<1.2;1.8>,<1.2;1.8>,<1;1.3>,<1;1.3>,<1.2;1.8>,1313,<0.6;0.8>,<4;5>,<6;8>,<1.2;1.8>,<1.2;1.8>,<1;1.3>,<1;1.3>,<1.2;1.8>,1503,<0.6;0.8>,<4;5>,<6;8>,<1.2;1.8>,<1.2;1.8>,<1;1.3>,<1;1.3>,<1.2;1.8>
49,63,972,<0.8;1>,<4;5>,<8;11>,<1.8;2.5>,<1.2;1.8>,<1.3;1.6>,<1;1.3>,<1.8;2.5>,1253,<0.7;0.9>,<4;5>,<7;9>,<1.5;2.2>,<1.2;1.8>,<1.2;1.5>,<1;1.3>,<1.5;2.2>,1772,<0.7;0.9>,<4;5>,<7;9>,<1.5;2.2>,<1.2;1.8>,<1.2;1.5>,<1;1.3>,<1.5;2.2>,1911,<0.7;0.9>,<4;5>,<7;9>,<1.5;2.2>,<1.2;1.8>,<1.2;1.5>,<1;1.3>,<1.5;2.2>,2723,<0.7;0.9>,<4;5>,<7;9>,<1.5;2.2>,<1.2;1.8>,<1.2;1.5>,<1;1.3>,<1.5;2.2>,3161,<0.7;0.9>,<4;5>,<7;9>,<1.5;2.2>,<1.2;1.8>,<1.2;1.5>,<1;1.3>,<1.5;2.2>,3592,<0.6;0.8>,<4;5>,<6;8>,<1.2;2>,<1.2;1.8>,<1.2;1.5>,<1;1.3>,<1.2;2>,393,<0.6;0.8>,<4;5>,<6;8>,<1.2;1.8>,<1.2;1.8>,<1;1.3>,<1;1.3>,<1.2;1.8>,721,<0.6;0.8>,<4;5>,<6;8>,<1.2;1.8>,<1.2;1.8>,<1;1.3>,<1;1.3>,<1.2;1.8>,1241,<0.6;0.8>,<4;5>,<6;8>,<1.2;1.8>,<1.2;1.8>,<1;1.3>,<1;1.3>,<1.2;1.8>,1393,<0.6;0.8>,<4;5>,<6;8>,<1.2;1.8>,<1.2;1.8>,<1;1.3>,<1;1.3>,<1.2;1.8>,1893,<0.6;0.8>,<4;5>,<6;8>,<1.2;1.8>,<1.2;1.8>,<1;1.3>,<1;1.3>,<1.2;1.8>
50,63,1032,<0.8;1>,<4;5>,<8;11>,<1.8;2.5>,<1.2;1.8>,<1.3;1.6>,<1;1.3>,<1.8;2.5>,1303,<0.7;0.9>,<4;5>,<7;9>,<1.5;2.2>,<1.2;1.8>,<1.2;1.5>,<1;1.3>,<1.5;2.2>,1813,<0.7;0.9>,<4;5>,<7;9>,<1.5;2.2>,<1.2;1.8>,<1.2;1.5>,<1;1.3>,<1.5;2.2>,2023,<0.7;0.9>,<4;5>,<7;9>,<1.5;2.2>,<1.2;1.8>,<1.2;1.5>,<1;1.3>,<1.5;2.2>,3003,<0.7;0.9>,<4;5>,<7;9>,<1.5;2.2>,<1.2;1.8>,<1.2;1.5>,<1;1.3>,<1.5;2.2>,3181,<0.7;0.9>,<4;5>,<7;9>,<1.5;2.2>,<1.2;1.8>,<1.2;1.5>,<1;1.3>,<1.5;2.2>,3663,<0.6;0.8>,<4;5>,<6;8>,<1.2;2>,<1.2;1.8>,<1.2;1.5>,<1;1.3>,<1.2;2>,572,<0.6;0.8>,<4;5>,<6;8>,<1.2;1.8>,<1.2;1.8>,<1;1.3>,<1;1.3>,<1.2;1.8>,771,<0.6;0.8>,<4;5>,<6;8>,<1.2;1.8>,<1.2;1.8>,<1;1.3>,<1;1.3>,<1.2;1.8>,1313,<0.6;0.8>,<4;5>,<6;8>,<1.2;1.8>,<1.2;1.8>,<1;1.3>,<1;1.3>,<1.2;1.8>,1423,<0.6;0.8>,<4;5>,<6;8>,<1.2;1.8>,<1.2;1.8>,<1;1.3>,<1;1.3>,<1.2;1.8>,1941,<0.6;0.8>,<4;5>,<6;8>,<1.2;1.8>,<1.2;1.8>,<1;1.3>,<1;1.3>,<1.2;1.8>
51,63,1071,<0.8;1>,<4;5>,<8;11>,<1.8;2.5>,<1.2;1.8>,<1.3;1.6>,<1;1.3>,<1.8;2.5>,1381,<0.7;0.9>,<4;5>,<7;9>,<1.5;2.2>,<1.2;1.8>,<1.2;1.5>,<1;1.3>,<1.5;2.2>,1841,<0.7;0.9>,<4;5>,<7;9>,<1.5;2.2>,<1.2;1.8>,<1.2;1.5>,<1;1.3>,<1.5;2.2>,2242,<0.7;0.9>,<4;5>,<7;9>,<1.5;2.2>,<1.2;1.8>,<1.2;1.5>,<1;1.3>,<1.5;2.2>,3152,<0.7;0.9>,<4;5>,<7;9>,<1.5;2.2>,<1.2;1.8>,<1.2;1.5>,<1;1.3>,<1.5;2.2>,3251,<0.7;0.9>,<4;5>,<7;9>,<1.5;2.2>,<1.2;1.8>,<1.2;1.5>,<1;1.3>,<1.5;2.2>,263,<0.6;0.8>,<4;5>,<6;8>,<1.2;2>,<1.2;1.8>,<1.2;1.5>,<1;1.3>,<1.2;2>,701,<0.6;0.8>,<4;5>,<6;8>,<1.2;1.8>,<1.2;1.8>,<1;1.3>,<1;1.3>,<1.2;1.8>,1231,<0.6;0.8>,<4;5>,<6;8>,<1.2;1.8>,<1.2;1.8>,<1;1.3>,<1;1.3>,<1.2;1.8>,1393,<0.6;0.8>,<4;5>,<6;8>,<1.2;1.8>,<1.2;1.8>,<1;1.3>,<1;1.3>,<1.2;1.8>,1503,<0.6;0.8>,<4;5>,<6;8>,<1.2;1.8>,<1.2;1.8>,<1;1.3>,<1;1.3>,<1.2;1.8>,1951,<0.6;0.8>,<4;5>,<6;8>,<1.2;1.8>,<1.2;1.8>,<1;1.3>,<1;1.3>,<1.2;1.8>
52,63,1253,<0.8;1>,<4;5>,<8;11>,<1.8;2.5>,<1.2;1.8>,<1.3;1.6>,<1;1.3>,<1.8;2.5>,1772,<0.7;0.9>,<4;5>,<7;9>,<1.5;2.2>,<1.2;1.8>,<1.2;1.5>,<1;1.3>,<1.5;2.2>,1911,<0.7;0.9>,<4;5>,<7;9>,<1.5;2.2>,<1.2;1.8>,<1.2;1.5>,<1;1.3>,<1.5;2.2>,2723,<0.7;0.9>,<4;5>,<7;9>,<1.5;2.2>,<1.2;1.8>,<1.2;1.5>,<1;1.3>,<1.5;2.2>,3161,<0.7;0.9>,<4;5>,<7;9>,<1.5;2.2>,<1.2;1.8>,<1.2;1.5>,<1;1.3>,<1.5;2.2>,3592,<0.7;0.9>,<4;5>,<7;9>,<1.5;2.2>,<1.2;1.8>,<1.2;1.5>,<1;1.3>,<1.5;2.2>,393,<0.6;0.8>,<4;5>,<6;8>,<1.2;2>,<1.2;1.8>,<1.2;1.5>,<1;1.3>,<1.2;2>,721,<0.6;0.8>,<4;5>,<6;8>,<1.2;1.8>,<1.2;1.8>,<1;1.3>,<1;1.3>,<1.2;1.8>,1241,<0.6;0.8>,<4;5>,<6;8>,<1.2;1.8>,<1.2;1.8>,<1;1.3>,<1;1.3>,<1.2;1.8>,1423,<0.6;0.8>,<4;5>,<6;8>,<1.2;1.8>,<1.2;1.8>,<1;1.3>,<1;1.3>,<1.2;1.8>,1893,<0.6;0.8>,<4;5>,<6;8>,<1.2;1.8>,<1.2;1.8>,<1;1.3>,<1;1.3>,<1.2;1.8>,2233,<0.6;0.8>,<4;5>,<6;8>,<1.2;1.8>,<1.2;1.8>,<1;1.3>,<1;1.3>,<1.2;1.8>
53,63,1303,<0.8;1>,<4;5>,<8;11>,<1.8;2.5>,<1.2;1.8>,<1.3;1.6>,<1;1.3>,<1.8;2.5>,1813,<0.7;0.9>,<4;5>,<7;9>,<1.5;2.2>,<1.2;1.8>,<1.2;1.5>,<1;1.3>,<1.5;2.2>,2023,<0.7;0.9>,<4;5>,<7;9>,<1.5;2.2>,<1.2;1.8>,<1.2;1.5>,<1;1.3>,<1.5;2.2>,3003,<0.7;0.9>,<4;5>,<7;9>,<1.5;2.2>,<1.2;1.8>,<1.2;1.5>,<1;1.3>,<1.5;2.2>,3181,<0.7;0.9>,<4;5>,<7;9>,<1.5;2.2>,<1.2;1.8>,<1.2;1.5>,<1;1.3>,<1.5;2.2>,3663,<0.7;0.9>,<4;5>,<7;9>,<1.5;2.2>,<1.2;1.8>,<1.2;1.5>,<1;1.3>,<1.5;2.2>,572,<0.6;0.8>,<4;5>,<6;8>,<1.2;2>,<1.2;1.8>,<1.2;1.5>,<1;1.3>,<1.2;2>,771,<0.6;0.8>,<4;5>,<6;8>,<1.2;1.8>,<1.2;1.8>,<1;1.3>,<1;1.3>,<1.2;1.8>,1313,<0.6;0.8>,<4;5>,<6;8>,<1.2;1.8>,<1.2;1.8>,<1;1.3>,<1;1.3>,<1.2;1.8>,1503,<0.6;0.8>,<4;5>,<6;8>,<1.2;1.8>,<1.2;1.8>,<1;1.3>,<1;1.3>,<1.2;1.8>,1941,<0.6;0.8>,<4;5>,<6;8>,<1.2;1.8>,<1.2;1.8>,<1;1.3>,<1;1.3>,<1.2;1.8>,2401,<0.6;0.8>,<4;5>,<6;8>,<1.2;1.8>,<1.2;1.8>,<1;1.3>,<1;1.3>,<1.2;1.8>
54,63,1381,<0.8;1>,<4;5>,<8;11>,<1.8;2.5>,<1.2;1.8>,<1.3;1.6>,<1;1.3>,<1.8;2.5>,1841,<0.7;0.9>,<4;5>,<7;9>,<1.5;2.2>,<1.2;1.8>,<1.2;1.5>,<1;1.3>,<1.5;2.2>,2242,<0.7;0.9>,<4;5>,<7;9>,<1.5;2.2>,<1.2;1.8>,<1.2;1.5>,<1;1.3>,<1.5;2.2>,3152,<0.7;0.9>,<4;5>,<7;9>,<1.5;2.2>,<1.2;1.8>,<1.2;1.5>,<1;1.3>,<1.5;2.2>,3251,<0.7;0.9>,<4;5>,<7;9>,<1.5;2.2>,<1.2;1.8>,<1.2;1.5>,<1;1.3>,<1.5;2.2>,263,<0.7;0.9>,<4;5>,<7;9>,<1.5;2.2>,<1.2;1.8>,<1.2;1.5>,<1;1.3>,<1.5;2.2>,701,<0.6;0.8>,<4;5>,<6;8>,<1.2;2>,<1.2;1.8>,<1.2;1.5>,<1;1.3>,<1.2;2>,1231,<0.6;0.8>,<4;5>,<6;8>,<1.2;1.8>,<1.2;1.8>,<1;1.3>,<1;1.3>,<1.2;1.8>,1393,<0.6;0.8>,<4;5>,<6;8>,<1.2;1.8>,<1.2;1.8>,<1;1.3>,<1;1.3>,<1.2;1.8>,1893,<0.6;0.8>,<4;5>,<6;8>,<1.2;1.8>,<1.2;1.8>,<1;1.3>,<1;1.3>,<1.2;1.8>,1951,<0.6;0.8>,<4;5>,<6;8>,<1.2;1.8>,<1.2;1.8>,<1;1.3>,<1;1.3>,<1.2;1.8>,2493,<0.6;0.8>,<4;5>,<6;8>,<1.2;1.8>,<1.2;1.8>,<1;1.3>,<1;1.3>,<1.2;1.8>
55,63,1772,<0.8;1>,<4;5>,<8;11>,<1.8;2.5>,<1.2;1.8>,<1.3;1.6>,<1;1.3>,<1.8;2.5>,1911,<0.7;0.9>,<4;5>,<7;9>,<1.5;2.2>,<1.2;1.8>,<1.2;1.5>,<1;1.3>,<1.5;2.2>,2723,<0.7;0.9>,<4;5>,<7;9>,<1.5;2.2>,<1.2;1.8>,<1.2;1.5>,<1;1.3>,<1.5;2.2>,3161,<0.7;0.9>,<4;5>,<7;9>,<1.5;2.2>,<1.2;1.8>,<1.2;1.5>,<1;1.3>,<1.5;2.2>,3592,<0.7;0.9>,<4;5>,<7;9>,<1.5;2.2>,<1.2;1.8>,<1.2;1.5>,<1;1.3>,<1.5;2.2>,393,<0.7;0.9>,<4;5>,<7;9>,<1.5;2.2>,<1.2;1.8>,<1.2;1.5>,<1;1.3>,<1.5;2.2>,721,<0.6;0.8>,<4;5>,<6;8>,<1.2;2>,<1.2;1.8>,<1.2;1.5>,<1;1.3>,<1.2;2>,1241,<0.6;0.8>,<4;5>,<6;8>,<1.2;1.8>,<1.2;1.8>,<1;1.3>,<1;1.3>,<1.2;1.8>,1423,<0.6;0.8>,<4;5>,<6;8>,<1.2;1.8>,<1.2;1.8>,<1;1.3>,<1;1.3>,<1.2;1.8>,1941,<0.6;0.8>,<4;5>,<6;8>,<1.2;1.8>,<1.2;1.8>,<1;1.3>,<1;1.3>,<1.2;1.8>,2233,<0.6;0.8>,<4;5>,<6;8>,<1.2;1.8>,<1.2;1.8>,<1;1.3>,<1;1.3>,<1.2;1.8>,3021,<0.6;0.8>,<4;5>,<6;8>,<1.2;1.8>,<1.2;1.8>,<1;1.3>,<1;1.3>,<1.2;1.8>
56,63,1813,<0.8;1>,<4;5>,<8;11>,<1.8;2.5>,<1.2;1.8>,<1.3;1.6>,<1;1.3>,<1.8;2.5>,2023,<0.7;0.9>,<4;5>,<7;9>,<1.5;2.2>,<1.2;1.8>,<1.2;1.5>,<1;1.3>,<1.5;2.2>,3003,<0.7;0.9>,<4;5>,<7;9>,<1.5;2.2>,<1.2;1.8>,<1.2;1.5>,<1;1.3>,<1.5;2.2>,3181,<0.7;0.9>,<4;5>,<7;9>,<1.5;2.2>,<1.2;1.8>,<1.2;1.5>,<1;1.3>,<1.5;2.2>,3663,<0.7;0.9>,<4;5>,<7;9>,<1.5;2.2>,<1.2;1.8>,<1.2;1.5>,<1;1.3>,<1.5;2.2>,572,<0.7;0.9>,<4;5>,<7;9>,<1.5;2.2>,<1.2;1.8>,<1.2;1.5>,<1;1.3>,<1.5;2.2>,771,<0.6;0.8>,<4;5>,<6;8>,<1.2;2>,<1.2;1.8>,<1.2;1.5>,<1;1.3>,<1.2;2>,1313,<0.6;0.8>,<4;5>,<6;8>,<1.2;1.8>,<1.2;1.8>,<1;1.3>,<1;1.3>,<1.2;1.8>,1503,<0.6;0.8>,<4;5>,<6;8>,<1.2;1.8>,<1.2;1.8>,<1;1.3>,<1;1.3>,<1.2;1.8>,1951,<0.6;0.8>,<4;5>,<6;8>,<1.2;1.8>,<1.2;1.8>,<1;1.3>,<1;1.3>,<1.2;1.8>,2401,<0.6;0.8>,<4;5>,<6;8>,<1.2;1.8>,<1.2;1.8>,<1;1.3>,<1;1.3>,<1.2;1.8>,3143,<0.6;0.8>,<4;5>,<6;8>,<1.2;1.8>,<1.2;1.8>,<1;1.3>,<1;1.3>,<1.2;1.8>
57,63,1841,<0.8;1>,<4;5>,<8;11>,<1.8;2.5>,<1.2;1.8>,<1.3;1.6>,<1;1.3>,<1.8;2.5>,2242,<0.7;0.9>,<4;5>,<7;9>,<1.5;2.2>,<1.2;1.8>,<1.2;1.5>,<1;1.3>,<1.5;2.2>,3152,<0.7;0.9>,<4;5>,<7;9>,<1.5;2.2>,<1.2;1.8>,<1.2;1.5>,<1;1.3>,<1.5;2.2>,3251,<0.7;0.9>,<4;5>,<7;9>,<1.5;2.2>,<1.2;1.8>,<1.2;1.5>,<1;1.3>,<1.5;2.2>,263,<0.7;0.9>,<4;5>,<7;9>,<1.5;2.2>,<1.2;1.8>,<1.2;1.5>,<1;1.3>,<1.5;2.2>,701,<0.7;0.9>,<4;5>,<7;9>,<1.5;2.2>,<1.2;1.8>,<1.2;1.5>,<1;1.3>,<1.5;2.2>,1231,<0.6;0.8>,<4;5>,<6;8>,<1.2;2>,<1.2;1.8>,<1.2;1.5>,<1;1.3>,<1.2;2>,1393,<0.6;0.8>,<4;5>,<6;8>,<1.2;1.8>,<1.2;1.8>,<1;1.3>,<1;1.3>,<1.2;1.8>,1893,<0.6;0.8>,<4;5>,<6;8>,<1.2;1.8>,<1.2;1.8>,<1;1.3>,<1;1.3>,<1.2;1.8>,2233,<0.6;0.8>,<4;5>,<6;8>,<1.2;1.8>,<1.2;1.8>,<1;1.3>,<1;1.3>,<1.2;1.8>,2493,<0.6;0.8>,<4;5>,<6;8>,<1.2;1.8>,<1.2;1.8>,<1;1.3>,<1;1.3>,<1.2;1.8>,3171,<0.6;0.8>,<4;5>,<6;8>,<1.2;1.8>,<1.2;1.8>,<1;1.3>,<1;1.3>,<1.2;1.8>
58,63,1911,<0.8;1>,<4;5>,<8;11>,<1.8;2.5>,<1.2;1.8>,<1.3;1.6>,<1;1.3>,<1.8;2.5>,2723,<0.7;0.9>,<4;5>,<7;9>,<1.5;2.2>,<1.2;1.8>,<1.2;1.5>,<1;1.3>,<1.5;2.2>,3161,<0.7;0.9>,<4;5>,<7;9>,<1.5;2.2>,<1.2;1.8>,<1.2;1.5>,<1;1.3>,<1.5;2.2>,3592,<0.7;0.9>,<4;5>,<7;9>,<1.5;2.2>,<1.2;1.8>,<1.2;1.5>,<1;1.3>,<1.5;2.2>,393,<0.7;0.9>,<4;5>,<7;9>,<1.5;2.2>,<1.2;1.8>,<1.2;1.5>,<1;1.3>,<1.5;2.2>,721,<0.7;0.9>,<4;5>,<7;9>,<1.5;2.2>,<1.2;1.8>,<1.2;1.5>,<1;1.3>,<1.5;2.2>,1241,<0.6;0.8>,<4;5>,<6;8>,<1.2;2>,<1.2;1.8>,<1.2;1.5>,<1;1.3>,<1.2;2>,1423,<0.6;0.8>,<4;5>,<6;8>,<1.2;1.8>,<1.2;1.8>,<1;1.3>,<1;1.3>,<1.2;1.8>,1941,<0.6;0.8>,<4;5>,<6;8>,<1.2;1.8>,<1.2;1.8>,<1;1.3>,<1;1.3>,<1.2;1.8>,2401,<0.6;0.8>,<4;5>,<6;8>,<1.2;1.8>,<1.2;1.8>,<1;1.3>,<1;1.3>,<1.2;1.8>,3021,<0.6;0.8>,<4;5>,<6;8>,<1.2;1.8>,<1.2;1.8>,<1;1.3>,<1;1.3>,<1.2;1.8>,3303,<0.6;0.8>,<4;5>,<6;8>,<1.2;1.8>,<1.2;1.8>,<1;1.3>,<1;1.3>,<1.2;1.8>
59,63,2023,<0.8;1>,<4;5>,<8;11>,<1.8;2.5>,<1.2;1.8>,<1.3;1.6>,<1;1.3>,<1.8;2.5>,3003,<0.7;0.9>,<4;5>,<7;9>,<1.5;2.2>,<1.2;1.8>,<1.2;1.5>,<1;1.3>,<1.5;2.2>,3181,<0.7;0.9>,<4;5>,<7;9>,<1.5;2.2>,<1.2;1.8>,<1.2;1.5>,<1;1.3>,<1.5;2.2>,3663,<0.7;0.9>,<4;5>,<7;9>,<1.5;2.2>,<1.2;1.8>,<1.2;1.5>,<1;1.3>,<1.5;2.2>,572,<0.7;0.9>,<4;5>,<7;9>,<1.5;2.2>,<1.2;1.8>,<1.2;1.5>,<1;1.3>,<1.5;2.2>,771,<0.7;0.9>,<4;5>,<7;9>,<1.5;2.2>,<1.2;1.8>,<1.2;1.5>,<1;1.3>,<1.5;2.2>,1313,<0.6;0.8>,<4;5>,<6;8>,<1.2;2>,<1.2;1.8>,<1.2;1.5>,<1;1.3>,<1.2;2>,1503,<0.6;0.8>,<4;5>,<6;8>,<1.2;1.8>,<1.2;1.8>,<1;1.3>,<1;1.3>,<1.2;1.8>,1951,<0.6;0.8>,<4;5>,<6;8>,<1.2;1.8>,<1.2;1.8>,<1;1.3>,<1;1.3>,<1.2;1.8>,2493,<0.6;0.8>,<4;5>,<6;8>,<1.2;1.8>,<1.2;1.8>,<1;1.3>,<1;1.3>,<1.2;1.8>,3143,<0.6;0.8>,<4;5>,<6;8>,<1.2;1.8>,<1.2;1.8>,<1;1.3>,<1;1.3>,<1.2;1.8>,3353,<0.6;0.8>,<4;5>,<6;8>,<1.2;1.8>,<1.2;1.8>,<1;1.3>,<1;1.3>,<1.2;1.8>
60,63,2242,<0.8;1>,<4;5>,<8;11>,<1.8;2.5>,<1.2;1.8>,<1.3;1.6>,<1;1.3>,<1.8;2.5>,3152,<0.7;0.9>,<4;5>,<7;9>,<1.5;2.2>,<1.2;1.8>,<1.2;1.5>,<1;1.3>,<1.5;2.2>,3251,<0.7;0.9>,<4;5>,<7;9>,<1.5;2.2>,<1.2;1.8>,<1.2;1.5>,<1;1.3>,<1.5;2.2>,263,<0.7;0.9>,<4;5>,<7;9>,<1.5;2.2>,<1.2;1.8>,<1.2;1.5>,<1;1.3>,<1.5;2.2>,701,<0.7;0.9>,<4;5>,<7;9>,<1.5;2.2>,<1.2;1.8>,<1.2;1.5>,<1;1.3>,<1.5;2.2>,1231,<0.7;0.9>,<4;5>,<7;9>,<1.5;2.2>,<1.2;1.8>,<1.2;1.5>,<1;1.3>,<1.5;2.2>,1393,<0.6;0.8>,<4;5>,<6;8>,<1.2;2>,<1.2;1.8>,<1.2;1.5>,<1;1.3>,<1.2;2>,1893,<0.6;0.8>,<4;5>,<6;8>,<1.2;1.8>,<1.2;1.8>,<1;1.3>,<1;1.3>,<1.2;1.8>,2233,<0.6;0.8>,<4;5>,<6;8>,<1.2;1.8>,<1.2;1.8>,<1;1.3>,<1;1.3>,<1.2;1.8>,3021,<0.6;0.8>,<4;5>,<6;8>,<1.2;1.8>,<1.2;1.8>,<1;1.3>,<1;1.3>,<1.2;1.8>,3171,<0.6;0.8>,<4;5>,<6;8>,<1.2;1.8>,<1.2;1.8>,<1;1.3>,<1;1.3>,<1.2;1.8>,3673,<0.6;0.8>,<4;5>,<6;8>,<1.2;1.8>,<1.2;1.8>,<1;1.3>,<1;1.3>,<1.2;1.8>
61,66,2723,<0.8;1>,<4;5>,<8;11>,<1.8;2.5>,<1.2;1.8>,<1.3;1.6>,<1;1.3>,<1.8;2.5>,3161,<0.7;0.9>,<4;5>,<7;10>,<1.5;2.2>,<1.2;1.8>,<1.2;1.5>,<1;1.3>,<1.5;2.2>,3592,<0.7;0.9>,<4;5>,<7;10>,<1.5;2.2>,<1.2;1.8>,<1.2;1.5>,<1;1.3>,<1.5;2.2>,393,<0.7;0.9>,<4;5>,<7;10>,<1.5;2.2>,<1.2;1.8>,<1.2;1.5>,<1;1.3>,<1.5;2.2>,721,<0.7;0.9>,<4;5>,<7;10>,<1.5;2.2>,<1.2;1.8>,<1.2;1.5>,<1;1.3>,<1.5;2.2>,1241,<0.7;0.9>,<4;5>,<7;10>,<1.5;2.2>,<1.2;1.8>,<1.2;1.5>,<1;1.3>,<1.5;2.2>,1423,<0.6;0.8>,<4;5>,<6;9>,<1.2;2>,<1.2;1.8>,<1.2;1.5>,<1;1.3>,<1.2;2>,1941,<0.6;0.8>,<4;5>,<6;9>,<1.2;1.8>,<1.2;1.8>,<1;1.3>,<1;1.3>,<1.2;1.8>,2401,<0.6;0.8>,<4;5>,<6;9>,<1.2;1.8>,<1.2;1.8>,<1;1.3>,<1;1.3>,<1.2;1.8>,3143,<0.6;0.8>,<4;5>,<6;9>,<1.2;1.8>,<1.2;1.8>,<1;1.3>,<1;1.3>,<1.2;1.8>,3303,<0.6;0.8>,<4;5>,<6;9>,<1.2;1.8>,<1.2;1.8>,<1;1.3>,<1;1.3>,<1.2;1.8>,7001,<0.6;0.8>,<4;5>,<6;9>,<1.2;1.8>,<1.2;1.8>,<1;1.3>,<1;1.3>,<1.2;1.8>
62,66,3003,<0.8;1>,<4;5>,<8;11>,<1.8;2.5>,<1.2;1.8>,<1.3;1.6>,<1;1.3>,<1.8;2.5>,3181,<0.7;0.9>,<4;5>,<7;10>,<1.5;2.2>,<1.2;1.8>,<1.2;1.5>,<1;1.3>,<1.5;2.2>,3663,<0.7;0.9>,<4;5>,<7;10>,<1.5;2.2>,<1.2;1.8>,<1.2;1.5>,<1;1.3>,<1.5;2.2>,572,<0.7;0.9>,<4;5>,<7;10>,<1.5;2.2>,<1.2;1.8>,<1.2;1.5>,<1;1.3>,<1.5;2.2>,771,<0.7;0.9>,<4;5>,<7;10>,<1.5;2.2>,<1.2;1.8>,<1.2;1.5>,<1;1.3>,<1.5;2.2>,1313,<0.7;0.9>,<4;5>,<7;10>,<1.5;2.2>,<1.2;1.8>,<1.2;1.5>,<1;1.3>,<1.5;2.2>,1503,<0.6;0.8>,<4;5>,<6;9>,<1.2;2>,<1.2;1.8>,<1.2;1.5>,<1;1.3>,<1.2;2>,1951,<0.6;0.8>,<4;5>,<6;9>,<1.2;1.8>,<1.2;1.8>,<1;1.3>,<1;1.3>,<1.2;1.8>,2493,<0.6;0.8>,<4;5>,<6;9>,<1.2;1.8>,<1.2;1.8>,<1;1.3>,<1;1.3>,<1.2;1.8>,3171,<0.6;0.8>,<4;5>,<6;9>,<1.2;1.8>,<1.2;1.8>,<1;1.3>,<1;1.3>,<1.2;1.8>,3353,<0.6;0.8>,<4;5>,<6;9>,<1.2;1.8>,<1.2;1.8>,<1;1.3>,<1;1.3>,<1.2;1.8>,44,<0.6;0.8>,<4;5>,<6;9>,<1.2;1.8>,<1.2;1.8>,<1;1.3>,<1;1.3>,<1.2;1.8>
63,66,3152,<0.8;1>,<4;5>,<8;11>,<1.8;2.5>,<1.2;1.8>,<1.3;1.6>,<1;1.3>,<1.8;2.5>,3251,<0.7;0.9>,<4;5>,<7;10>,<1.5;2.2>,<1.2;1.8>,<1.2;1.5>,<1;1.3>,<1.5;2.2>,263,<0.7;0.9>,<4;5>,<7;10>,<1.5;2.2>,<1.2;1.8>,<1.2;1.5>,<1;1.3>,<1.5;2.2>,701,<0.7;0.9>,<4;5>,<7;10>,<1.5;2.2>,<1.2;1.8>,<1.2;1.5>,<1;1.3>,<1.5;2.2>,1231,<0.7;0.9>,<4;5>,<7;10>,<1.5;2.2>,<1.2;1.8>,<1.2;1.5>,<1;1.3>,<1.5;2.2>,1393,<0.7;0.9>,<4;5>,<7;10>,<1.5;2.2>,<1.2;1.8>,<1.2;1.5>,<1;1.3>,<1.5;2.2>,1893,<0.6;0.8>,<4;5>,<6;9>,<1.2;2>,<1.2;1.8>,<1.2;1.5>,<1;1.3>,<1.2;2>,2233,<0.6;0.8>,<4;5>,<6;9>,<1.2;1.8>,<1.2;1.8>,<1;1.3>,<1;1.3>,<1.2;1.8>,3021,<0.6;0.8>,<4;5>,<6;9>,<1.2;1.8>,<1.2;1.8>,<1;1.3>,<1;1.3>,<1.2;1.8>,3303,<0.6;0.8>,<4;5>,<6;9>,<1.2;1.8>,<1.2;1.8>,<1;1.3>,<1;1.3>,<1.2;1.8>,3673,<0.6;0.8>,<4;5>,<6;9>,<1.2;1.8>,<1.2;1.8>,<1;1.3>,<1;1.3>,<1.2;1.8>,53,<0.6;0.8>,<4;5>,<6;9>,<1.2;1.8>,<1.2;1.8>,<1;1.3>,<1;1.3>,<1.2;1.8>
64,66,3161,<0.8;1>,<4;5>,<8;11>,<1.8;2.5>,<1.2;1.8>,<1.3;1.6>,<1;1.3>,<1.8;2.5>,3592,<0.7;0.9>,<4;5>,<7;10>,<1.5;2.2>,<1.2;1.8>,<1.2;1.5>,<1;1.3>,<1.5;2.2>,393,<0.7;0.9>,<4;5>,<7;10>,<1.5;2.2>,<1.2;1.8>,<1.2;1.5>,<1;1.3>,<1.5;2.2>,721,<0.7;0.9>,<4;5>,<7;10>,<1.5;2.2>,<1.2;1.8>,<1.2;1.5>,<1;1.3>,<1.5;2.2>,1241,<0.7;0.9>,<4;5>,<7;10>,<1.5;2.2>,<1.2;1.8>,<1.2;1.5>,<1;1.3>,<1.5;2.2>,1423,<0.7;0.9>,<4;5>,<7;10>,<1.5;2.2>,<1.2;1.8>,<1.2;1.5>,<1;1.3>,<1.5;2.2>,1941,<0.6;0.8>,<4;5>,<6;9>,<1.2;2>,<1.2;1.8>,<1.2;1.5>,<1;1.3>,<1.2;2>,2401,<0.6;0.8>,<4;5>,<6;9>,<1.2;1.8>,<1.2;1.8>,<1;1.3>,<1;1.3>,<1.2;1.8>,3143,<0.6;0.8>,<4;5>,<6;9>,<1.2;1.8>,<1.2;1.8>,<1;1.3>,<1;1.3>,<1.2;1.8>,3353,<0.6;0.8>,<4;5>,<6;9>,<1.2;1.8>,<1.2;1.8>,<1;1.3>,<1;1.3>,<1.2;1.8>,7001,<0.6;0.8>,<4;5>,<6;9>,<1.2;1.8>,<1.2;1.8>,<1;1.3>,<1;1.3>,<1.2;1.8>,82,<0.6;0.8>,<4;5>,<6;9>,<1.2;1.8>,<1.2;1.8>,<1;1.3>,<1;1.3>,<1.2;1.8>
65,66,3181,<0.8;1>,<4;5>,<8;11>,<1.8;2.5>,<1.2;1.8>,<1.3;1.6>,<1;1.3>,<1.8;2.5>,3663,<0.7;0.9>,<4;5>,<7;10>,<1.5;2.2>,<1.2;1.8>,<1.2;1.5>,<1;1.3>,<1.5;2.2>,572,<0.7;0.9>,<4;5>,<7;10>,<1.5;2.2>,<1.2;1.8>,<1.2;1.5>,<1;1.3>,<1.5;2.2>,771,<0.7;0.9>,<4;5>,<7;10>,<1.5;2.2>,<1.2;1.8>,<1.2;1.5>,<1;1.3>,<1.5;2.2>,1313,<0.7;0.9>,<4;5>,<7;10>,<1.5;2.2>,<1.2;1.8>,<1.2;1.5>,<1;1.3>,<1.5;2.2>,1503,<0.7;0.9>,<4;5>,<7;10>,<1.5;2.2>,<1.2;1.8>,<1.2;1.5>,<1;1.3>,<1.5;2.2>,1951,<0.6;0.8>,<4;5>,<6;9>,<1.2;2>,<1.2;1.8>,<1.2;1.5>,<1;1.3>,<1.2;2>,2493,<0.6;0.8>,<4;5>,<6;9>,<1.2;1.8>,<1.2;1.8>,<1;1.3>,<1;1.3>,<1.2;1.8>,3171,<0.6;0.8>,<4;5>,<6;9>,<1.2;1.8>,<1.2;1.8>,<1;1.3>,<1;1.3>,<1.2;1.8>,3673,<0.6;0.8>,<4;5>,<6;9>,<1.2;1.8>,<1.2;1.8>,<1;1.3>,<1;1.3>,<1.2;1.8>,44,<0.6;0.8>,<4;5>,<6;9>,<1.2;1.8>,<1.2;1.8>,<1;1.3>,<1;1.3>,<1.2;1.8>,692,<0.6;0.8>,<4;5>,<6;9>,<1.2;1.8>,<1.2;1.8>,<1;1.3>,<1;1.3>,<1.2;1.8>
66,66,3251,<0.8;1>,<4;5>,<8;11>,<1.8;2.5>,<1.2;1.8>,<1.3;1.6>,<1;1.3>,<1.8;2.5>,263,<0.7;0.9>,<4;5>,<7;10>,<1.5;2.2>,<1.2;1.8>,<1.2;1.5>,<1;1.3>,<1.5;2.2>,701,<0.7;0.9>,<4;5>,<7;10>,<1.5;2.2>,<1.2;1.8>,<1.2;1.5>,<1;1.3>,<1.5;2.2>,1231,<0.7;0.9>,<4;5>,<7;10>,<1.5;2.2>,<1.2;1.8>,<1.2;1.5>,<1;1.3>,<1.5;2.2>,1393,<0.7;0.9>,<4;5>,<7;10>,<1.5;2.2>,<1.2;1.8>,<1.2;1.5>,<1;1.3>,<1.5;2.2>,1893,<0.7;0.9>,<4;5>,<7;10>,<1.5;2.2>,<1.2;1.8>,<1.2;1.5>,<1;1.3>,<1.5;2.2>,2233,<0.6;0.8>,<4;5>,<6;9>,<1.2;2>,<1.2;1.8>,<1.2;1.5>,<1;1.3>,<1.2;2>,3021,<0.6;0.8>,<4;5>,<6;9>,<1.2;1.8>,<1.2;1.8>,<1;1.3>,<1;1.3>,<1.2;1.8>,3303,<0.6;0.8>,<4;5>,<6;9>,<1.2;1.8>,<1.2;1.8>,<1;1.3>,<1;1.3>,<1.2;1.8>,7001,<0.6;0.8>,<4;5>,<6;9>,<1.2;1.8>,<1.2;1.8>,<1;1.3>,<1;1.3>,<1.2;1.8>,53,<0.6;0.8>,<4;5>,<6;9>,<1.2;1.8>,<1.2;1.8>,<1;1.3>,<1;1.3>,<1.2;1.8>,2683,<0.6;0.8>,<4;5>,<6;9>,<1.2;1.8>,<1.2;1.8>,<1;1.3>,<1;1.3>,<1.2;1.8>
67,66,3592,<0.8;1>,<4;5>,<8;11>,<1.8;2.5>,<1.2;1.8>,<1.3;1.6>,<1;1.3>,<1.8;2.5>,393,<0.7;0.9>,<4;5>,<7;10>,<1.5;2.2>,<1.2;1.8>,<1.2;1.5>,<1;1.3>,<1.5;2.2>,721,<0.7;0.9>,<4;5>,<7;10>,<1.5;2.2>,<1.2;1.8>,<1.2;1.5>,<1;1.3>,<1.5;2.2>,1241,<0.7;0.9>,<4;5>,<7;10>,<1.5;2.2>,<1.2;1.8>,<1.2;1.5>,<1;1.3>,<1.5;2.2>,1423,<0.7;0.9>,<4;5>,<7;10>,<1.5;2.2>,<1.2;1.8>,<1.2;1.5>,<1;1.3>,<1.5;2.2>,1941,<0.7;0.9>,<4;5>,<7;10>,<1.5;2.2>,<1.2;1.8>,<1.2;1.5>,<1;1.3>,<1.5;2.2>,2401,<0.6;0.8>,<4;5>,<6;9>,<1.2;2>,<1.2;1.8>,<1.2;1.5>,<1;1.3>,<1.2;2>,3143,<0.6;0.8>,<4;5>,<6;9>,<1.2;1.8>,<1.2;1.8>,<1;1.3>,<1;1.3>,<1.2;1.8>,3353,<0.6;0.8>,<4;5>,<6;9>,<1.2;1.8>,<1.2;1.8>,<1;1.3>,<1;1.3>,<1.2;1.8>,1253,<0.6;0.8>,<4;5>,<6;9>,<1.2;1.8>,<1.2;1.8>,<1;1.3>,<1;1.3>,<1.2;1.8>,82,<0.6;0.8>,<4;5>,<6;9>,<1.2;1.8>,<1.2;1.8>,<1;1.3>,<1;1.3>,<1.2;1.8>,2843,<0.6;0.8>,<4;5>,<6;9>,<1.2;1.8>,<1.2;1.8>,<1;1.3>,<1;1.3>,<1.2;1.8>
68,66,3663,<0.8;1>,<4;5>,<8;11>,<1.8;2.5>,<1.2;1.8>,<1.3;1.6>,<1;1.3>,<1.8;2.5>,572,<0.7;0.9>,<4;5>,<7;10>,<1.5;2.2>,<1.2;1.8>,<1.2;1.5>,<1;1.3>,<1.5;2.2>,771,<0.7;0.9>,<4;5>,<7;10>,<1.5;2.2>,<1.2;1.8>,<1.2;1.5>,<1;1.3>,<1.5;2.2>,1313,<0.7;0.9>,<4;5>,<7;10>,<1.5;2.2>,<1.2;1.8>,<1.2;1.5>,<1;1.3>,<1.5;2.2>,1503,<0.7;0.9>,<4;5>,<7;10>,<1.5;2.2>,<1.2;1.8>,<1.2;1.5>,<1;1.3>,<1.5;2.2>,1951,<0.7;0.9>,<4;5>,<7;10>,<1.5;2.2>,<1.2;1.8>,<1.2;1.5>,<1;1.3>,<1.5;2.2>,2493,<0.6;0.8>,<4;5>,<6;9>,<1.2;2>,<1.2;1.8>,<1.2;1.5>,<1;1.3>,<1.2;2>,3171,<0.6;0.8>,<4;5>,<6;9>,<1.2;1.8>,<1.2;1.8>,<1;1.3>,<1;1.3>,<1.2;1.8>,3673,<0.6;0.8>,<4;5>,<6;9>,<1.2;1.8>,<1.2;1.8>,<1;1.3>,<1;1.3>,<1.2;1.8>,44,<0.6;0.8>,<4;5>,<6;9>,<1.2;1.8>,<1.2;1.8>,<1;1.3>,<1;1.3>,<1.2;1.8>,692,<0.6;0.8>,<4;5>,<6;9>,<1.2;1.8>,<1.2;1.8>,<1;1.3>,<1;1.3>,<1.2;1.8>,3432,<0.6;0.8>,<4;5>,<6;9>,<1.2;1.8>,<1.2;1.8>,<1;1.3>,<1;1.3>,<1.2;1.8>
69,66,263,<0.8;1>,<4;5>,<8;11>,<1.8;2.5>,<1.2;1.8>,<1.3;1.6>,<1;1.3>,<1.8;2.5>,701,<0.7;0.9>,<4;5>,<7;10>,<1.5;2.2>,<1.2;1.8>,<1.2;1.5>,<1;1.3>,<1.5;2.2>,1231,<0.7;0.9>,<4;5>,<7;10>,<1.5;2.2>,<1.2;1.8>,<1.2;1.5>,<1;1.3>,<1.5;2.2>,1393,<0.7;0.9>,<4;5>,<7;10>,<1.5;2.2>,<1.2;1.8>,<1.2;1.5>,<1;1.3>,<1.5;2.2>,1893,<0.7;0.9>,<4;5>,<7;10>,<1.5;2.2>,<1.2;1.8>,<1.2;1.5>,<1;1.3>,<1.5;2.2>,2233,<0.7;0.9>,<4;5>,<7;10>,<1.5;2.2>,<1.2;1.8>,<1.2;1.5>,<1;1.3>,<1.5;2.2>,3021,<0.6;0.8>,<4;5>,<6;9>,<1.2;2>,<1.2;1.8>,<1.2;1.5>,<1;1.3>,<1.2;2>,3303,<0.6;0.8>,<4;5>,<6;9>,<1.2;1.8>,<1.2;1.8>,<1;1.3>,<1;1.3>,<1.2;1.8>,7001,<0.6;0.8>,<4;5>,<6;9>,<1.2;1.8>,<1.2;1.8>,<1;1.3>,<1;1.3>,<1.2;1.8>,53,<0.6;0.8>,<4;5>,<6;9>,<1.2;1.8>,<1.2;1.8>,<1;1.3>,<1;1.3>,<1.2;1.8>,2683,<0.6;0.8>,<4;5>,<6;9>,<1.2;1.8>,<1.2;1.8>,<1;1.3>,<1;1.3>,<1.2;1.8>,3772,<0.6;0.8>,<4;5>,<6;9>,<1.2;1.8>,<1.2;1.8>,<1;1.3>,<1;1.3>,<1.2;1.8>
70,66,393,<0.8;1>,<4;5>,<8;11>,<1.8;2.5>,<1.2;1.8>,<1.3;1.6>,<1;1.3>,<1.8;2.5>,721,<0.7;0.9>,<4;5>,<7;10>,<1.5;2.2>,<1.2;1.8>,<1.2;1.5>,<1;1.3>,<1.5;2.2>,1241,<0.7;0.9>,<4;5>,<7;10>,<1.5;2.2>,<1.2;1.8>,<1.2;1.5>,<1;1.3>,<1.5;2.2>,1423,<0.7;0.9>,<4;5>,<7;10>,<1.5;2.2>,<1.2;1.8>,<1.2;1.5>,<1;1.3>,<1.5;2.2>,1941,<0.7;0.9>,<4;5>,<7;10>,<1.5;2.2>,<1.2;1.8>,<1.2;1.5>,<1;1.3>,<1.5;2.2>,2401,<0.7;0.9>,<4;5>,<7;10>,<1.5;2.2>,<1.2;1.8>,<1.2;1.5>,<1;1.3>,<1.5;2.2>,3143,<0.6;0.8>,<4;5>,<6;9>,<1.2;2>,<1.2;1.8>,<1.2;1.5>,<1;1.3>,<1.2;2>,3353,<0.6;0.8>,<4;5>,<6;9>,<1.2;1.8>,<1.2;1.8>,<1;1.3>,<1;1.3>,<1.2;1.8>,44,<0.6;0.8>,<4;5>,<6;9>,<1.2;1.8>,<1.2;1.8>,<1;1.3>,<1;1.3>,<1.2;1.8>,82,<0.6;0.8>,<4;5>,<6;9>,<1.2;1.8>,<1.2;1.8>,<1;1.3>,<1;1.3>,<1.2;1.8>,2843,<0.6;0.8>,<4;5>,<6;9>,<1.2;1.8>,<1.2;1.8>,<1;1.3>,<1;1.3>,<1.2;1.8>,13,<0.6;0.8>,<4;5>,<6;9>,<1.2;1.8>,<1.2;1.8>,<1;1.3>,<1;1.3>,<1.2;1.8>
71,66,572,<0.8;1>,<4;5>,<8;11>,<1.8;2.5>,<1.2;1.8>,<1.3;1.6>,<1;1.3>,<1.8;2.5>,771,<0.7;0.9>,<4;5>,<7;10>,<1.5;2.2>,<1.2;1.8>,<1.2;1.5>,<1;1.3>,<1.5;2.2>,1313,<0.7;0.9>,<4;5>,<7;10>,<1.5;2.2>,<1.2;1.8>,<1.2;1.5>,<1;1.3>,<1.5;2.2>,1503,<0.7;0.9>,<4;5>,<7;10>,<1.5;2.2>,<1.2;1.8>,<1.2;1.5>,<1;1.3>,<1.5;2.2>,1951,<0.7;0.9>,<4;5>,<7;10>,<1.5;2.2>,<1.2;1.8>,<1.2;1.5>,<1;1.3>,<1.5;2.2>,2493,<0.7;0.9>,<4;5>,<7;10>,<1.5;2.2>,<1.2;1.8>,<1.2;1.5>,<1;1.3>,<1.5;2.2>,3171,<0.6;0.8>,<4;5>,<6;9>,<1.2;2>,<1.2;1.8>,<1.2;1.5>,<1;1.3>,<1.2;2>,3673,<0.6;0.8>,<4;5>,<6;9>,<1.2;1.8>,<1.2;1.8>,<1;1.3>,<1;1.3>,<1.2;1.8>,53,<0.6;0.8>,<4;5>,<6;9>,<1.2;1.8>,<1.2;1.8>,<1;1.3>,<1;1.3>,<1.2;1.8>,692,<0.6;0.8>,<4;5>,<6;9>,<1.2;1.8>,<1.2;1.8>,<1;1.3>,<1;1.3>,<1.2;1.8>,3432,<0.6;0.8>,<4;5>,<6;9>,<1.2;1.8>,<1.2;1.8>,<1;1.3>,<1;1.3>,<1.2;1.8>,273,<0.6;0.8>,<4;5>,<6;9>,<1.2;1.8>,<1.2;1.8>,<1;1.3>,<1;1.3>,<1.2;1.8>
72,66,701,<0.8;1>,<4;5>,<8;11>,<1.8;2.5>,<1.2;1.8>,<1.3;1.6>,<1;1.3>,<1.8;2.5>,1231,<0.7;0.9>,<4;5>,<7;10>,<1.5;2.2>,<1.2;1.8>,<1.2;1.5>,<1;1.3>,<1.5;2.2>,1393,<0.7;0.9>,<4;5>,<7;10>,<1.5;2.2>,<1.2;1.8>,<1.2;1.5>,<1;1.3>,<1.5;2.2>,1893,<0.7;0.9>,<4;5>,<7;10>,<1.5;2.2>,<1.2;1.8>,<1.2;1.5>,<1;1.3>,<1.5;2.2>,2233,<0.7;0.9>,<4;5>,<7;10>,<1.5;2.2>,<1.2;1.8>,<1.2;1.5>,<1;1.3>,<1.5;2.2>,3021,<0.7;0.9>,<4;5>,<7;10>,<1.5;2.2>,<1.2;1.8>,<1.2;1.5>,<1;1.3>,<1.5;2.2>,3303,<0.6;0.8>,<4;5>,<6;9>,<1.2;2>,<1.2;1.8>,<1.2;1.5>,<1;1.3>,<1.2;2>,7001,<0.6;0.8>,<4;5>,<6;9>,<1.2;1.8>,<1.2;1.8>,<1;1.3>,<1;1.3>,<1.2;1.8>,82,<0.6;0.8>,<4;5>,<6;9>,<1.2;1.8>,<1.2;1.8>,<1;1.3>,<1;1.3>,<1.2;1.8>,2683,<0.6;0.8>,<4;5>,<6;9>,<1.2;1.8>,<1.2;1.8>,<1;1.3>,<1;1.3>,<1.2;1.8>,3772,<0.6;0.8>,<4;5>,<6;9>,<1.2;1.8>,<1.2;1.8>,<1;1.3>,<1;1.3>,<1.2;1.8>,402,<0.6;0.8>,<4;5>,<6;9>,<1.2;1.8>,<1.2;1.8>,<1;1.3>,<1;1.3>,<1.2;1.8>
73,69,721,<0.8;1>,<4;5>,<8;11>,<1.8;2.5>,<1.2;1.8>,<1.3;1.6>,<1;1.3>,<1.8;2.5>,1241,<0.7;0.9>,<4;5>,<7;10>,<1.5;2.2>,<1.2;1.8>,<1.2;1.5>,<1;1.3>,<1.5;2.2>,1423,<0.7;0.9>,<4;5>,<7;10>,<1.5;2.2>,<1.2;1.8>,<1.2;1.5>,<1;1.3>,<1.5;2.2>,1941,<0.7;0.9>,<4;5>,<7;10>,<1.5;2.2>,<1.2;1.8>,<1.2;1.5>,<1;1.3>,<1.5;2.2>,2401,<0.7;0.9>,<4;5>,<7;10>,<1.5;2.2>,<1.2;1.8>,<1.2;1.5>,<1;1.3>,<1.5;2.2>,3143,<0.7;0.9>,<4;5>,<7;10>,<1.5;2.2>,<1.2;1.8>,<1.2;1.5>,<1;1.3>,<1.5;2.2>,3353,<0.6;0.8>,<4;5>,<6;9>,<1.2;2>,<1.2;1.8>,<1.2;1.5>,<1;1.3>,<1.2;2>,44,<0.6;0.8>,<4;5>,<6;9>,<1.2;1.8>,<1.2;1.8>,<1;1.3>,<1;1.3>,<1.2;1.8>,692,<0.6;0.8>,<4;5>,<6;9>,<1.2;1.8>,<1.2;1.8>,<1;1.3>,<1;1.3>,<1.2;1.8>,2843,<0.6;0.8>,<4;5>,<6;9>,<1.2;1.8>,<1.2;1.8>,<1;1.3>,<1;1.3>,<1.2;1.8>,13,<0.6;0.8>,<4;5>,<6;9>,<1.2;1.8>,<1.2;1.8>,<1;1.3>,<1;1.3>,<1.2;1.8>,493,<0.6;0.8>,<4;5>,<6;9>,<1.2;1.8>,<1.2;1.8>,<1;1.3>,<1;1.3>,<1.2;1.8>
74,69,771,<0.8;1>,<4;5>,<8;11>,<1.8;2.5>,<1.2;1.8>,<1.3;1.6>,<1;1.3>,<1.8;2.5>,1313,<0.7;0.9>,<4;5>,<7;10>,<1.5;2.2>,<1.2;1.8>,<1.2;1.5>,<1;1.3>,<1.5;2.2>,1503,<0.7;0.9>,<4;5>,<7;10>,<1.5;2.2>,<1.2;1.8>,<1.2;1.5>,<1;1.3>,<1.5;2.2>,1951,<0.7;0.9>,<4;5>,<7;10>,<1.5;2.2>,<1.2;1.8>,<1.2;1.5>,<1;1.3>,<1.5;2.2>,2493,<0.7;0.9>,<4;5>,<7;10>,<1.5;2.2>,<1.2;1.8>,<1.2;1.5>,<1;1.3>,<1.5;2.2>,3171,<0.7;0.9>,<4;5>,<7;10>,<1.5;2.2>,<1.2;1.8>,<1.2;1.5>,<1;1.3>,<1.5;2.2>,3673,<0.6;0.8>,<4;5>,<6;9>,<1.2;2>,<1.2;1.8>,<1.2;1.5>,<1;1.3>,<1.2;2>,53,<0.6;0.8>,<4;5>,<6;9>,<1.2;1.8>,<1.2;1.8>,<1;1.3>,<1;1.3>,<1.2;1.8>,2683,<0.6;0.8>,<4;5>,<6;9>,<1.2;1.8>,<1.2;1.8>,<1;1.3>,<1;1.3>,<1.2;1.8>,3432,<0.6;0.8>,<4;5>,<6;9>,<1.2;1.8>,<1.2;1.8>,<1;1.3>,<1;1.3>,<1.2;1.8>,273,<0.6;0.8>,<4;5>,<6;9>,<1.2;1.8>,<1.2;1.8>,<1;1.3>,<1;1.3>,<1.2;1.8>,552,<0.6;0.8>,<4;5>,<6;9>,<1.2;1.8>,<1.2;1.8>,<1;1.3>,<1;1.3>,<1.2;1.8>
75,69,1231,<0.8;1>,<4;5>,<8;11>,<1.8;2.5>,<1.2;1.8>,<1.3;1.6>,<1;1.3>,<1.8;2.5>,1393,<0.7;0.9>,<4;5>,<7;10>,<1.5;2.2>,<1.2;1.8>,<1.2;1.5>,<1;1.3>,<1.5;2.2>,1893,<0.7;0.9>,<4;5>,<7;10>,<1.5;2.2>,<1.2;1.8>,<1.2;1.5>,<1;1.3>,<1.5;2.2>,2233,<0.7;0.9>,<4;5>,<7;10>,<1.5;2.2>,<1.2;1.8>,<1.2;1.5>,<1;1.3>,<1.5;2.2>,3021,<0.7;0.9>,<4;5>,<7;10>,<1.5;2.2>,<1.2;1.8>,<1.2;1.5>,<1;1.3>,<1.5;2.2>,3303,<0.7;0.9>,<4;5>,<7;10>,<1.5;2.2>,<1.2;1.8>,<1.2;1.5>,<1;1.3>,<1.5;2.2>,7001,<0.6;0.8>,<4;5>,<6;9>,<1.2;2>,<1.2;1.8>,<1.2;1.5>,<1;1.3>,<1.2;2>,82,<0.6;0.8>,<4;5>,<6;9>,<1.2;1.8>,<1.2;1.8>,<1;1.3>,<1;1.3>,<1.2;1.8>,2843,<0.6;0.8>,<4;5>,<6;9>,<1.2;1.8>,<1.2;1.8>,<1;1.3>,<1;1.3>,<1.2;1.8>,3772,<0.6;0.8>,<4;5>,<6;9>,<1.2;1.8>,<1.2;1.8>,<1;1.3>,<1;1.3>,<1.2;1.8>,402,<0.6;0.8>,<4;5>,<6;9>,<1.2;1.8>,<1.2;1.8>,<1;1.3>,<1;1.3>,<1.2;1.8>,793,<0.6;0.8>,<4;5>,<6;9>,<1.2;1.8>,<1.2;1.8>,<1;1.3>,<1;1.3>,<1.2;1.8>
76,69,1241,<0.8;1>,<4;5>,<8;11>,<1.8;2.5>,<1.2;1.8>,<1.3;1.6>,<1;1.3>,<1.8;2.5>,1423,<0.7;0.9>,<4;5>,<7;10>,<1.5;2.2>,<1.2;1.8>,<1.2;1.5>,<1;1.3>,<1.5;2.2>,1941,<0.7;0.9>,<4;5>,<7;10>,<1.5;2.2>,<1.2;1.8>,<1.2;1.5>,<1;1.3>,<1.5;2.2>,2401,<0.7;0.9>,<4;5>,<7;10>,<1.5;2.2>,<1.2;1.8>,<1.2;1.5>,<1;1.3>,<1.5;2.2>,3143,<0.7;0.9>,<4;5>,<7;10>,<1.5;2.2>,<1.2;1.8>,<1.2;1.5>,<1;1.3>,<1.5;2.2>,3353,<0.7;0.9>,<4;5>,<7;10>,<1.5;2.2>,<1.2;1.8>,<1.2;1.5>,<1;1.3>,<1.5;2.2>,44,<0.6;0.8>,<4;5>,<6;9>,<1.2;2>,<1.2;1.8>,<1.2;1.5>,<1;1.3>,<1.2;2>,692,<0.6;0.8>,<4;5>,<6;9>,<1.2;1.8>,<1.2;1.8>,<1;1.3>,<1;1.3>,<1.2;1.8>,3432,<0.6;0.8>,<4;5>,<6;9>,<1.2;1.8>,<1.2;1.8>,<1;1.3>,<1;1.3>,<1.2;1.8>,13,<0.6;0.8>,<4;5>,<6;9>,<1.2;1.8>,<1.2;1.8>,<1;1.3>,<1;1.3>,<1.2;1.8>,493,<0.6;0.8>,<4;5>,<6;9>,<1.2;1.8>,<1.2;1.8>,<1;1.3>,<1;1.3>,<1.2;1.8>,2013,<0.6;0.8>,<4;5>,<6;9>,<1.2;1.8>,<1.2;1.8>,<1;1.3>,<1;1.3>,<1.2;1.8>
77,69,1313,<0.8;1>,<4;5>,<8;11>,<1.8;2.5>,<1.2;1.8>,<1.3;1.6>,<1;1.3>,<1.8;2.5>,1503,<0.7;0.9>,<4;5>,<7;10>,<1.5;2.2>,<1.2;1.8>,<1.2;1.5>,<1;1.3>,<1.5;2.2>,1951,<0.7;0.9>,<4;5>,<7;10>,<1.5;2.2>,<1.2;1.8>,<1.2;1.5>,<1;1.3>,<1.5;2.2>,2493,<0.7;0.9>,<4;5>,<7;10>,<1.5;2.2>,<1.2;1.8>,<1.2;1.5>,<1;1.3>,<1.5;2.2>,3171,<0.7;0.9>,<4;5>,<7;10>,<1.5;2.2>,<1.2;1.8>,<1.2;1.5>,<1;1.3>,<1.5;2.2>,3673,<0.7;0.9>,<4;5>,<7;10>,<1.5;2.2>,<1.2;1.8>,<1.2;1.5>,<1;1.3>,<1.5;2.2>,53,<0.6;0.8>,<4;5>,<6;9>,<1.2;2>,<1.2;1.8>,<1.2;1.5>,<1;1.3>,<1.2;2>,2683,<0.6;0.8>,<4;5>,<6;9>,<1.2;1.8>,<1.2;1.8>,<1;1.3>,<1;1.3>,<1.2;1.8>,3772,<0.6;0.8>,<4;5>,<6;9>,<1.2;1.8>,<1.2;1.8>,<1;1.3>,<1;1.3>,<1.2;1.8>,273,<0.6;0.8>,<4;5>,<6;9>,<1.2;1.8>,<1.2;1.8>,<1;1.3>,<1;1.3>,<1.2;1.8>,552,<0.6;0.8>,<4;5>,<6;9>,<1.2;1.8>,<1.2;1.8>,<1;1.3>,<1;1.3>,<1.2;1.8>,2073,<0.6;0.8>,<4;5>,<6;9>,<1.2;1.8>,<1.2;1.8>,<1;1.3>,<1;1.3>,<1.2;1.8>
78,69,1393,<0.8;1>,<4;5>,<8;11>,<1.8;2.5>,<1.2;1.8>,<1.3;1.6>,<1;1.3>,<1.8;2.5>,1893,<0.7;0.9>,<4;5>,<7;10>,<1.5;2.2>,<1.2;1.8>,<1.2;1.5>,<1;1.3>,<1.5;2.2>,2233,<0.7;0.9>,<4;5>,<7;10>,<1.5;2.2>,<1.2;1.8>,<1.2;1.5>,<1;1.3>,<1.5;2.2>,3021,<0.7;0.9>,<4;5>,<7;10>,<1.5;2.2>,<1.2;1.8>,<1.2;1.5>,<1;1.3>,<1.5;2.2>,3303,<0.7;0.9>,<4;5>,<7;10>,<1.5;2.2>,<1.2;1.8>,<1.2;1.5>,<1;1.3>,<1.5;2.2>,7001,<0.7;0.9>,<4;5>,<7;10>,<1.5;2.2>,<1.2;1.8>,<1.2;1.5>,<1;1.3>,<1.5;2.2>,82,<0.6;0.8>,<4;5>,<6;9>,<1.2;2>,<1.2;1.8>,<1.2;1.5>,<1;1.3>,<1.2;2>,2843,<0.6;0.8>,<4;5>,<6;9>,<1.2;1.8>,<1.2;1.8>,<1;1.3>,<1;1.3>,<1.2;1.8>,13,<0.6;0.8>,<4;5>,<6;9>,<1.2;1.8>,<1.2;1.8>,<1;1.3>,<1;1.3>,<1.2;1.8>,402,<0.6;0.8>,<4;5>,<6;9>,<1.2;1.8>,<1.2;1.8>,<1;1.3>,<1;1.3>,<1.2;1.8>,793,<0.6;0.8>,<4;5>,<6;9>,<1.2;1.8>,<1.2;1.8>,<1;1.3>,<1;1.3>,<1.2;1.8>,2593,<0.6;0.8>,<4;5>,<6;9>,<1.2;1.8>,<1.2;1.8>,<1;1.3>,<1;1.3>,<1.2;1.8>
79,69,1423,<0.8;1>,<4;5>,<8;11>,<1.8;2.5>,<1.2;1.8>,<1.3;1.6>,<1;1.3>,<1.8;2.5>,1941,<0.7;0.9>,<4;5>,<7;10>,<1.5;2.2>,<1.2;1.8>,<1.2;1.5>,<1;1.3>,<1.5;2.2>,2401,<0.7;0.9>,<4;5>,<7;10>,<1.5;2.2>,<1.2;1.8>,<1.2;1.5>,<1;1.3>,<1.5;2.2>,3143,<0.7;0.9>,<4;5>,<7;10>,<1.5;2.2>,<1.2;1.8>,<1.2;1.5>,<1;1.3>,<1.5;2.2>,3353,<0.7;0.9>,<4;5>,<7;10>,<1.5;2.2>,<1.2;1.8>,<1.2;1.5>,<1;1.3>,<1.5;2.2>,44,<0.7;0.9>,<4;5>,<7;10>,<1.5;2.2>,<1.2;1.8>,<1.2;1.5>,<1;1.3>,<1.5;2.2>,692,<0.6;0.8>,<4;5>,<6;9>,<1.2;2>,<1.2;1.8>,<1.2;1.5>,<1;1.3>,<1.2;2>,3432,<0.6;0.8>,<4;5>,<6;9>,<1.2;1.8>,<1.2;1.8>,<1;1.3>,<1;1.3>,<1.2;1.8>,273,<0.6;0.8>,<4;5>,<6;9>,<1.2;1.8>,<1.2;1.8>,<1;1.3>,<1;1.3>,<1.2;1.8>,493,<0.6;0.8>,<4;5>,<6;9>,<1.2;1.8>,<1.2;1.8>,<1;1.3>,<1;1.3>,<1.2;1.8>,2013,<0.6;0.8>,<4;5>,<6;9>,<1.2;1.8>,<1.2;1.8>,<1;1.3>,<1;1.3>,<1.2;1.8>,2612,<0.6;0.8>,<4;5>,<6;9>,<1.2;1.8>,<1.2;1.8>,<1;1.3>,<1;1.3>,<1.2;1.8>
80,69,1503,<0.8;1>,<4;5>,<8;11>,<1.8;2.5>,<1.2;1.8>,<1.3;1.6>,<1;1.3>,<1.8;2.5>,1951,<0.7;0.9>,<4;5>,<7;10>,<1.5;2.2>,<1.2;1.8>,<1.2;1.5>,<1;1.3>,<1.5;2.2>,2493,<0.7;0.9>,<4;5>,<7;10>,<1.5;2.2>,<1.2;1.8>,<1.2;1.5>,<1;1.3>,<1.5;2.2>,3171,<0.7;0.9>,<4;5>,<7;10>,<1.5;2.2>,<1.2;1.8>,<1.2;1.5>,<1;1.3>,<1.5;2.2>,3673,<0.7;0.9>,<4;5>,<7;10>,<1.5;2.2>,<1.2;1.8>,<1.2;1.5>,<1;1.3>,<1.5;2.2>,53,<0.7;0.9>,<4;5>,<7;10>,<1.5;2.2>,<1.2;1.8>,<1.2;1.5>,<1;1.3>,<1.5;2.2>,2683,<0.6;0.8>,<4;5>,<6;9>,<1.2;2>,<1.2;1.8>,<1.2;1.5>,<1;1.3>,<1.2;2>,3772,<0.6;0.8>,<4;5>,<6;9>,<1.2;1.8>,<1.2;1.8>,<1;1.3>,<1;1.3>,<1.2;1.8>,402,<0.6;0.8>,<4;5>,<6;9>,<1.2;1.8>,<1.2;1.8>,<1;1.3>,<1;1.3>,<1.2;1.8>,552,<0.6;0.8>,<4;5>,<6;9>,<1.2;1.8>,<1.2;1.8>,<1;1.3>,<1;1.3>,<1.2;1.8>,2073,<0.6;0.8>,<4;5>,<6;9>,<1.2;1.8>,<1.2;1.8>,<1;1.3>,<1;1.3>,<1.2;1.8>,2633,<0.6;0.8>,<4;5>,<6;9>,<1.2;1.8>,<1.2;1.8>,<1;1.3>,<1;1.3>,<1.2;1.8>
81,69,1893,<0.8;1>,<4;5>,<8;11>,<1.8;2.5>,<1.2;1.8>,<1.3;1.6>,<1;1.3>,<1.8;2.5>,2233,<0.7;0.9>,<4;5>,<7;10>,<1.5;2.2>,<1.2;1.8>,<1.2;1.5>,<1;1.3>,<1.5;2.2>,3021,<0.7;0.9>,<4;5>,<7;10>,<1.5;2.2>,<1.2;1.8>,<1.2;1.5>,<1;1.3>,<1.5;2.2>,3303,<0.7;0.9>,<4;5>,<7;10>,<1.5;2.2>,<1.2;1.8>,<1.2;1.5>,<1;1.3>,<1.5;2.2>,7001,<0.7;0.9>,<4;5>,<7;10>,<1.5;2.2>,<1.2;1.8>,<1.2;1.5>,<1;1.3>,<1.5;2.2>,82,<0.7;0.9>,<4;5>,<7;10>,<1.5;2.2>,<1.2;1.8>,<1.2;1.5>,<1;1.3>,<1.5;2.2>,2843,<0.6;0.8>,<4;5>,<6;9>,<1.2;2>,<1.2;1.8>,<1.2;1.5>,<1;1.3>,<1.2;2>,13,<0.6;0.8>,<4;5>,<6;9>,<1.2;1.8>,<1.2;1.8>,<1;1.3>,<1;1.3>,<1.2;1.8>,493,<0.6;0.8>,<4;5>,<6;9>,<1.2;1.8>,<1.2;1.8>,<1;1.3>,<1;1.3>,<1.2;1.8>,793,<0.6;0.8>,<4;5>,<6;9>,<1.2;1.8>,<1.2;1.8>,<1;1.3>,<1;1.3>,<1.2;1.8>,2593,<0.6;0.8>,<4;5>,<6;9>,<1.2;1.8>,<1.2;1.8>,<1;1.3>,<1;1.3>,<1.2;1.8>,2963,<0.6;0.8>,<4;5>,<6;9>,<1.2;1.8>,<1.2;1.8>,<1;1.3>,<1;1.3>,<1.2;1.8>
82,69,1941,<0.8;1>,<4;5>,<8;11>,<1.8;2.5>,<1.2;1.8>,<1.3;1.6>,<1;1.3>,<1.8;2.5>,2401,<0.7;0.9>,<4;5>,<7;10>,<1.5;2.2>,<1.2;1.8>,<1.2;1.5>,<1;1.3>,<1.5;2.2>,3143,<0.7;0.9>,<4;5>,<7;10>,<1.5;2.2>,<1.2;1.8>,<1.2;1.5>,<1;1.3>,<1.5;2.2>,3353,<0.7;0.9>,<4;5>,<7;10>,<1.5;2.2>,<1.2;1.8>,<1.2;1.5>,<1;1.3>,<1.5;2.2>,44,<0.7;0.9>,<4;5>,<7;10>,<1.5;2.2>,<1.2;1.8>,<1.2;1.5>,<1;1.3>,<1.5;2.2>,692,<0.7;0.9>,<4;5>,<7;10>,<1.5;2.2>,<1.2;1.8>,<1.2;1.5>,<1;1.3>,<1.5;2.2>,3432,<0.6;0.8>,<4;5>,<6;9>,<1.2;2>,<1.2;1.8>,<1.2;1.5>,<1;1.3>,<1.2;2>,273,<0.6;0.8>,<4;5>,<6;9>,<1.2;1.8>,<1.2;1.8>,<1;1.3>,<1;1.3>,<1.2;1.8>,552,<0.6;0.8>,<4;5>,<6;9>,<1.2;1.8>,<1.2;1.8>,<1;1.3>,<1;1.3>,<1.2;1.8>,2013,<0.6;0.8>,<4;5>,<6;9>,<1.2;1.8>,<1.2;1.8>,<1;1.3>,<1;1.3>,<1.2;1.8>,2612,<0.6;0.8>,<4;5>,<6;9>,<1.2;1.8>,<1.2;1.8>,<1;1.3>,<1;1.3>,<1.2;1.8>,3283,<0.6;0.8>,<4;5>,<6;9>,<1.2;1.8>,<1.2;1.8>,<1;1.3>,<1;1.3>,<1.2;1.8>
83,69,1951,<0.8;1>,<4;5>,<8;11>,<1.8;2.5>,<1.2;1.8>,<1.3;1.6>,<1;1.3>,<1.8;2.5>,2493,<0.7;0.9>,<4;5>,<7;10>,<1.5;2.2>,<1.2;1.8>,<1.2;1.5>,<1;1.3>,<1.5;2.2>,3171,<0.7;0.9>,<4;5>,<7;10>,<1.5;2.2>,<1.2;1.8>,<1.2;1.5>,<1;1.3>,<1.5;2.2>,3673,<0.7;0.9>,<4;5>,<7;10>,<1.5;2.2>,<1.2;1.8>,<1.2;1.5>,<1;1.3>,<1.5;2.2>,53,<0.7;0.9>,<4;5>,<7;10>,<1.5;2.2>,<1.2;1.8>,<1.2;1.5>,<1;1.3>,<1.5;2.2>,2683,<0.7;0.9>,<4;5>,<7;10>,<1.5;2.2>,<1.2;1.8>,<1.2;1.5>,<1;1.3>,<1.5;2.2>,3772,<0.6;0.8>,<4;5>,<6;9>,<1.2;2>,<1.2;1.8>,<1.2;1.5>,<1;1.3>,<1.2;2>,402,<0.6;0.8>,<4;5>,<6;9>,<1.2;1.8>,<1.2;1.8>,<1;1.3>,<1;1.3>,<1.2;1.8>,793,<0.6;0.8>,<4;5>,<6;9>,<1.2;1.8>,<1.2;1.8>,<1;1.3>,<1;1.3>,<1.2;1.8>,2073,<0.6;0.8>,<4;5>,<6;9>,<1.2;1.8>,<1.2;1.8>,<1;1.3>,<1;1.3>,<1.2;1.8>,2633,<0.6;0.8>,<4;5>,<6;9>,<1.2;1.8>,<1.2;1.8>,<1;1.3>,<1;1.3>,<1.2;1.8>,3293,<0.6;0.8>,<4;5>,<6;9>,<1.2;1.8>,<1.2;1.8>,<1;1.3>,<1;1.3>,<1.2;1.8>
84,69,2233,<0.8;1>,<4;5>,<8;11>,<1.8;2.5>,<1.2;1.8>,<1.3;1.6>,<1;1.3>,<1.8;2.5>,3021,<0.7;0.9>,<4;5>,<7;10>,<1.5;2.2>,<1.2;1.8>,<1.2;1.5>,<1;1.3>,<1.5;2.2>,3303,<0.7;0.9>,<4;5>,<7;10>,<1.5;2.2>,<1.2;1.8>,<1.2;1.5>,<1;1.3>,<1.5;2.2>,7001,<0.7;0.9>,<4;5>,<7;10>,<1.5;2.2>,<1.2;1.8>,<1.2;1.5>,<1;1.3>,<1.5;2.2>,82,<0.7;0.9>,<4;5>,<7;10>,<1.5;2.2>,<1.2;1.8>,<1.2;1.5>,<1;1.3>,<1.5;2.2>,2843,<0.7;0.9>,<4;5>,<7;10>,<1.5;2.2>,<1.2;1.8>,<1.2;1.5>,<1;1.3>,<1.5;2.2>,13,<0.6;0.8>,<4;5>,<6;9>,<1.2;2>,<1.2;1.8>,<1.2;1.5>,<1;1.3>,<1.2;2>,493,<0.6;0.8>,<4;5>,<6;9>,<1.2;1.8>,<1.2;1.8>,<1;1.3>,<1;1.3>,<1.2;1.8>,2013,<0.6;0.8>,<4;5>,<6;9>,<1.2;1.8>,<1.2;1.8>,<1;1.3>,<1;1.3>,<1.2;1.8>,2593,<0.6;0.8>,<4;5>,<6;9>,<1.2;1.8>,<1.2;1.8>,<1;1.3>,<1;1.3>,<1.2;1.8>,2963,<0.6;0.8>,<4;5>,<6;9>,<1.2;1.8>,<1.2;1.8>,<1;1.3>,<1;1.3>,<1.2;1.8>,3342,<0.6;0.8>,<4;5>,<6;9>,<1.2;1.8>,<1.2;1.8>,<1;1.3>,<1;1.3>,<1.2;1.8>
85,72,2401,<0.8;1>,<4;5>,<8;11>,<1.8;2.5>,<1.2;1.8>,<1.3;1.6>,<1;1.3>,<1.8;2.5>,3143,<0.7;0.9>,<4;5>,<7;10>,<1.5;2.2>,<1.2;1.8>,<1.2;1.5>,<1;1.3>,<1.5;2.2>,3353,<0.7;0.9>,<4;5>,<7;10>,<1.5;2.2>,<1.2;1.8>,<1.2;1.5>,<1;1.3>,<1.5;2.2>,44,<0.7;0.9>,<4;5>,<7;10>,<1.5;2.2>,<1.2;1.8>,<1.2;1.5>,<1;1.3>,<1.5;2.2>,692,<0.7;0.9>,<4;5>,<7;10>,<1.5;2.2>,<1.2;1.8>,<1.2;1.5>,<1;1.3>,<1.5;2.2>,3432,<0.7;0.9>,<4;5>,<7;10>,<1.5;2.2>,<1.2;1.8>,<1.2;1.5>,<1;1.3>,<1.5;2.2>,273,<0.6;0.8>,<4;5>,<6;9>,<1.2;2>,<1.2;1.8>,<1.2;1.5>,<1;1.3>,<1.2;2>,552,<0.6;0.8>,<4;5>,<6;9>,<1.2;1.8>,<1.2;1.8>,<1;1.3>,<1;1.3>,<1.2;1.8>,2073,<0.6;0.8>,<4;5>,<6;9>,<1.2;1.8>,<1.2;1.8>,<1;1.3>,<1;1.3>,<1.2;1.8>,2612,<0.6;0.8>,<4;5>,<6;9>,<1.2;1.8>,<1.2;1.8>,<1;1.3>,<1;1.3>,<1.2;1.8>,3283,<0.6;0.8>,<4;5>,<6;9>,<1.2;1.8>,<1.2;1.8>,<1;1.3>,<1;1.3>,<1.2;1.8>,3472,<0.6;0.8>,<4;5>,<6;9>,<1.2;1.8>,<1.2;1.8>,<1;1.3>,<1;1.3>,<1.2;1.8>
86,72,2493,<0.8;1>,<4;5>,<8;11>,<1.8;2.5>,<1.2;1.8>,<1.3;1.6>,<1;1.3>,<1.8;2.5>,3171,<0.7;0.9>,<4;5>,<7;10>,<1.5;2.2>,<1.2;1.8>,<1.2;1.5>,<1;1.3>,<1.5;2.2>,3673,<0.7;0.9>,<4;5>,<7;10>,<1.5;2.2>,<1.2;1.8>,<1.2;1.5>,<1;1.3>,<1.5;2.2>,53,<0.7;0.9>,<4;5>,<7;10>,<1.5;2.2>,<1.2;1.8>,<1.2;1.5>,<1;1.3>,<1.5;2.2>,2683,<0.7;0.9>,<4;5>,<7;10>,<1.5;2.2>,<1.2;1.8>,<1.2;1.5>,<1;1.3>,<1.5;2.2>,3772,<0.7;0.9>,<4;5>,<7;10>,<1.5;2.2>,<1.2;1.8>,<1.2;1.5>,<1;1.3>,<1.5;2.2>,402,<0.6;0.8>,<4;5>,<6;9>,<1.2;2>,<1.2;1.8>,<1.2;1.5>,<1;1.3>,<1.2;2>,793,<0.6;0.8>,<4;5>,<6;9>,<1.2;1.8>,<1.2;1.8>,<1;1.3>,<1;1.3>,<1.2;1.8>,2593,<0.6;0.8>,<4;5>,<6;9>,<1.2;1.8>,<1.2;1.8>,<1;1.3>,<1;1.3>,<1.2;1.8>,2633,<0.6;0.8>,<4;5>,<6;9>,<1.2;1.8>,<1.2;1.8>,<1;1.3>,<1;1.3>,<1.2;1.8>,3293,<0.6;0.8>,<4;5>,<6;9>,<1.2;1.8>,<1.2;1.8>,<1;1.3>,<1;1.3>,<1.2;1.8>,3511,<0.6;0.8>,<4;5>,<6;9>,<1.2;1.8>,<1.2;1.8>,<1;1.3>,<1;1.3>,<1.2;1.8>
87,72,3021,<0.8;1>,<4;5>,<8;11>,<1.8;2.5>,<1.2;1.8>,<1.3;1.6>,<1;1.3>,<1.8;2.5>,3303,<0.7;0.9>,<4;5>,<7;10>,<1.5;2.2>,<1.2;1.8>,<1.2;1.5>,<1;1.3>,<1.5;2.2>,7001,<0.7;0.9>,<4;5>,<7;10>,<1.5;2.2>,<1.2;1.8>,<1.2;1.5>,<1;1.3>,<1.5;2.2>,82,<0.7;0.9>,<4;5>,<7;10>,<1.5;2.2>,<1.2;1.8>,<1.2;1.5>,<1;1.3>,<1.5;2.2>,2843,<0.7;0.9>,<4;5>,<7;10>,<1.5;2.2>,<1.2;1.8>,<1.2;1.5>,<1;1.3>,<1.5;2.2>,13,<0.7;0.9>,<4;5>,<7;10>,<1.5;2.2>,<1.2;1.8>,<1.2;1.5>,<1;1.3>,<1.5;2.2>,493,<0.6;0.8>,<4;5>,<6;9>,<1.2;2>,<1.2;1.8>,<1.2;1.5>,<1;1.3>,<1.2;2>,2013,<0.6;0.8>,<4;5>,<6;9>,<1.2;1.8>,<1.2;1.8>,<1;1.3>,<1;1.3>,<1.2;1.8>,2612,<0.6;0.8>,<4;5>,<6;9>,<1.2;1.8>,<1.2;1.8>,<1;1.3>,<1;1.3>,<1.2;1.8>,2963,<0.6;0.8>,<4;5>,<6;9>,<1.2;1.8>,<1.2;1.8>,<1;1.3>,<1;1.3>,<1.2;1.8>,3342,<0.6;0.8>,<4;5>,<6;9>,<1.2;1.8>,<1.2;1.8>,<1;1.3>,<1;1.3>,<1.2;1.8>,3683,<0.6;0.8>,<4;5>,<6;9>,<1.2;1.8>,<1.2;1.8>,<1;1.3>,<1;1.3>,<1.2;1.8>
88,72,3143,<0.8;1>,<4;5>,<8;11>,<1.8;2.5>,<1.2;1.8>,<1.3;1.6>,<1;1.3>,<1.8;2.5>,3353,<0.7;0.9>,<4;5>,<7;10>,<1.5;2.2>,<1.2;1.8>,<1.2;1.5>,<1;1.3>,<1.5;2.2>,44,<0.7;0.9>,<4;5>,<7;10>,<1.5;2.2>,<1.2;1.8>,<1.2;1.5>,<1;1.3>,<1.5;2.2>,692,<0.7;0.9>,<4;5>,<7;10>,<1.5;2.2>,<1.2;1.8>,<1.2;1.5>,<1;1.3>,<1.5;2.2>,3432,<0.7;0.9>,<4;5>,<7;10>,<1.5;2.2>,<1.2;1.8>,<1.2;1.5>,<1;1.3>,<1.5;2.2>,273,<0.7;0.9>,<4;5>,<7;10>,<1.5;2.2>,<1.2;1.8>,<1.2;1.5>,<1;1.3>,<1.5;2.2>,552,<0.6;0.8>,<4;5>,<6;9>,<1.2;2>,<1.2;1.8>,<1.2;1.5>,<1;1.3>,<1.2;2>,2073,<0.6;0.8>,<4;5>,<6;9>,<1.2;1.8>,<1.2;1.8>,<1;1.3>,<1;1.3>,<1.2;1.8>,2633,<0.6;0.8>,<4;5>,<6;9>,<1.2;1.8>,<1.2;1.8>,<1;1.3>,<1;1.3>,<1.2;1.8>,3283,<0.6;0.8>,<4;5>,<6;9>,<1.2;1.8>,<1.2;1.8>,<1;1.3>,<1;1.3>,<1.2;1.8>,3472,<0.6;0.8>,<4;5>,<6;9>,<1.2;1.8>,<1.2;1.8>,<1;1.3>,<1;1.3>,<1.2;1.8>,731,<0.6;0.8>,<4;5>,<6;9>,<1.2;1.8>,<1.2;1.8>,<1;1.3>,<1;1.3>,<1.2;1.8>
89,72,3171,<0.8;1>,<4;5>,<8;11>,<1.8;2.5>,<1.2;1.8>,<1.3;1.6>,<1;1.3>,<1.8;2.5>,3673,<0.7;0.9>,<4;5>,<7;10>,<1.5;2.2>,<1.2;1.8>,<1.2;1.5>,<1;1.3>,<1.5;2.2>,53,<0.7;0.9>,<4;5>,<7;10>,<1.5;2.2>,<1.2;1.8>,<1.2;1.5>,<1;1.3>,<1.5;2.2>,2683,<0.7;0.9>,<4;5>,<7;10>,<1.5;2.2>,<1.2;1.8>,<1.2;1.5>,<1;1.3>,<1.5;2.2>,3772,<0.7;0.9>,<4;5>,<7;10>,<1.5;2.2>,<1.2;1.8>,<1.2;1.5>,<1;1.3>,<1.5;2.2>,402,<0.7;0.9>,<4;5>,<7;10>,<1.5;2.2>,<1.2;1.8>,<1.2;1.5>,<1;1.3>,<1.5;2.2>,793,<0.6;0.8>,<4;5>,<6;9>,<1.2;2>,<1.2;1.8>,<1.2;1.5>,<1;1.3>,<1.2;2>,2593,<0.6;0.8>,<4;5>,<6;9>,<1.2;1.8>,<1.2;1.8>,<1;1.3>,<1;1.3>,<1.2;1.8>,2963,<0.6;0.8>,<4;5>,<6;9>,<1.2;1.8>,<1.2;1.8>,<1;1.3>,<1;1.3>,<1.2;1.8>,3293,<0.6;0.8>,<4;5>,<6;9>,<1.2;1.8>,<1.2;1.8>,<1;1.3>,<1;1.3>,<1.2;1.8>,3511,<0.6;0.8>,<4;5>,<6;9>,<1.2;1.8>,<1.2;1.8>,<1;1.3>,<1;1.3>,<1.2;1.8>,1221,<0.6;0.8>,<4;5>,<6;9>,<1.2;1.8>,<1.2;1.8>,<1;1.3>,<1;1.3>,<1.2;1.8>
90,72,3303,<0.8;1>,<4;5>,<8;11>,<1.8;2.5>,<1.2;1.8>,<1.3;1.6>,<1;1.3>,<1.8;2.5>,7001,<0.7;0.9>,<4;5>,<7;10>,<1.5;2.2>,<1.2;1.8>,<1.2;1.5>,<1;1.3>,<1.5;2.2>,82,<0.7;0.9>,<4;5>,<7;10>,<1.5;2.2>,<1.2;1.8>,<1.2;1.5>,<1;1.3>,<1.5;2.2>,2843,<0.7;0.9>,<4;5>,<7;10>,<1.5;2.2>,<1.2;1.8>,<1.2;1.5>,<1;1.3>,<1.5;2.2>,13,<0.7;0.9>,<4;5>,<7;10>,<1.5;2.2>,<1.2;1.8>,<1.2;1.5>,<1;1.3>,<1.5;2.2>,493,<0.7;0.9>,<4;5>,<7;10>,<1.5;2.2>,<1.2;1.8>,<1.2;1.5>,<1;1.3>,<1.5;2.2>,2013,<0.6;0.8>,<4;5>,<6;9>,<1.2;2>,<1.2;1.8>,<1.2;1.5>,<1;1.3>,<1.2;2>,2612,<0.6;0.8>,<4;5>,<6;9>,<1.2;1.8>,<1.2;1.8>,<1;1.3>,<1;1.3>,<1.2;1.8>,3283,<0.6;0.8>,<4;5>,<6;9>,<1.2;1.8>,<1.2;1.8>,<1;1.3>,<1;1.3>,<1.2;1.8>,3342,<0.6;0.8>,<4;5>,<6;9>,<1.2;1.8>,<1.2;1.8>,<1;1.3>,<1;1.3>,<1.2;1.8>,3683,<0.6;0.8>,<4;5>,<6;9>,<1.2;1.8>,<1.2;1.8>,<1;1.3>,<1;1.3>,<1.2;1.8>,1903,<0.6;0.8>,<4;5>,<6;9>,<1.2;1.8>,<1.2;1.8>,<1;1.3>,<1;1.3>,<1.2;1.8>
91,72,3353,<0.8;1>,<4;5>,<8;11>,<1.8;2.5>,<1.2;1.8>,<1.3;1.6>,<1;1.3>,<1.8;2.5>,44,<0.7;0.9>,<4;5>,<7;10>,<1.5;2.2>,<1.2;1.8>,<1.2;1.5>,<1;1.3>,<1.5;2.2>,692,<0.7;0.9>,<4;5>,<7;10>,<1.5;2.2>,<1.2;1.8>,<1.2;1.5>,<1;1.3>,<1.5;2.2>,3432,<0.7;0.9>,<4;5>,<7;10>,<1.5;2.2>,<1.2;1.8>,<1.2;1.5>,<1;1.3>,<1.5;2.2>,273,<0.7;0.9>,<4;5>,<7;10>,<1.5;2.2>,<1.2;1.8>,<1.2;1.5>,<1;1.3>,<1.5;2.2>,552,<0.7;0.9>,<4;5>,<7;10>,<1.5;2.2>,<1.2;1.8>,<1.2;1.5>,<1;1.3>,<1.5;2.2>,2073,<0.6;0.8>,<4;5>,<6;9>,<1.2;2>,<1.2;1.8>,<1.2;1.5>,<1;1.3>,<1.2;2>,2633,<0.6;0.8>,<4;5>,<6;9>,<1.2;1.8>,<1.2;1.8>,<1;1.3>,<1;1.3>,<1.2;1.8>,3293,<0.6;0.8>,<4;5>,<6;9>,<1.2;1.8>,<1.2;1.8>,<1;1.3>,<1;1.3>,<1.2;1.8>,3472,<0.6;0.8>,<4;5>,<6;9>,<1.2;1.8>,<1.2;1.8>,<1;1.3>,<1;1.3>,<1.2;1.8>,731,<0.6;0.8>,<4;5>,<6;9>,<1.2;1.8>,<1.2;1.8>,<1;1.3>,<1;1.3>,<1.2;1.8>,1931,<0.6;0.8>,<4;5>,<6;9>,<1.2;1.8>,<1.2;1.8>,<1;1.3>,<1;1.3>,<1.2;1.8>
92,72,3673,<0.8;1>,<4;5>,<8;11>,<1.8;2.5>,<1.2;1.8>,<1.3;1.6>,<1;1.3>,<1.8;2.5>,53,<0.7;0.9>,<4;5>,<7;10>,<1.5;2.2>,<1.2;1.8>,<1.2;1.5>,<1;1.3>,<1.5;2.2>,2683,<0.7;0.9>,<4;5>,<7;10>,<1.5;2.2>,<1.2;1.8>,<1.2;1.5>,<1;1.3>,<1.5;2.2>,3772,<0.7;0.9>,<4;5>,<7;10>,<1.5;2.2>,<1.2;1.8>,<1.2;1.5>,<1;1.3>,<1.5;2.2>,402,<0.7;0.9>,<4;5>,<7;10>,<1.5;2.2>,<1.2;1.8>,<1.2;1.5>,<1;1.3>,<1.5;2.2>,793,<0.7;0.9>,<4;5>,<7;10>,<1.5;2.2>,<1.2;1.8>,<1.2;1.5>,<1;1.3>,<1.5;2.2>,2593,<0.6;0.8>,<4;5>,<6;9>,<1.2;2>,<1.2;1.8>,<1.2;1.5>,<1;1.3>,<1.2;2>,2963,<0.6;0.8>,<4;5>,<6;9>,<1.2;1.8>,<1.2;1.8>,<1;1.3>,<1;1.3>,<1.2;1.8>,3342,<0.6;0.8>,<4;5>,<6;9>,<1.2;1.8>,<1.2;1.8>,<1;1.3>,<1;1.3>,<1.2;1.8>,3511,<0.6;0.8>,<4;5>,<6;9>,<1.2;1.8>,<1.2;1.8>,<1;1.3>,<1;1.3>,<1.2;1.8>,1221,<0.6;0.8>,<4;5>,<6;9>,<1.2;1.8>,<1.2;1.8>,<1;1.3>,<1;1.3>,<1.2;1.8>,3543,<0.6;0.8>,<4;5>,<6;9>,<1.2;1.8>,<1.2;1.8>,<1;1.3>,<1;1.3>,<1.2;1.8>
93,72,7001,<0.8;1>,<4;5>,<8;11>,<1.8;2.5>,<1.2;1.8>,<1.3;1.6>,<1;1.3>,<1.8;2.5>,82,<0.7;0.9>,<4;5>,<7;10>,<1.5;2.2>,<1.2;1.8>,<1.2;1.5>,<1;1.3>,<1.5;2.2>,2843,<0.7;0.9>,<4;5>,<7;10>,<1.5;2.2>,<1.2;1.8>,<1.2;1.5>,<1;1.3>,<1.5;2.2>,13,<0.7;0.9>,<4;5>,<7;10>,<1.5;2.2>,<1.2;1.8>,<1.2;1.5>,<1;1.3>,<1.5;2.2>,493,<0.7;0.9>,<4;5>,<7;10>,<1.5;2.2>,<1.2;1.8>,<1.2;1.5>,<1;1.3>,<1.5;2.2>,2013,<0.7;0.9>,<4;5>,<7;10>,<1.5;2.2>,<1.2;1.8>,<1.2;1.5>,<1;1.3>,<1.5;2.2>,2612,<0.6;0.8>,<4;5>,<6;9>,<1.2;2>,<1.2;1.8>,<1.2;1.5>,<1;1.3>,<1.2;2>,3283,<0.6;0.8>,<4;5>,<6;9>,<1.2;1.8>,<1.2;1.8>,<1;1.3>,<1;1.3>,<1.2;1.8>,3472,<0.6;0.8>,<4;5>,<6;9>,<1.2;1.8>,<1.2;1.8>,<1;1.3>,<1;1.3>,<1.2;1.8>,3683,<0.6;0.8>,<4;5>,<6;9>,<1.2;1.8>,<1.2;1.8>,<1;1.3>,<1;1.3>,<1.2;1.8>,1903,<0.6;0.8>,<4;5>,<6;9>,<1.2;1.8>,<1.2;1.8>,<1;1.3>,<1;1.3>,<1.2;1.8>,163,<0.6;0.8>,<4;5>,<6;9>,<1.2;1.8>,<1.2;1.8>,<1;1.3>,<1;1.3>,<1.2;1.8>
94,72,44,<0.8;1>,<4;5>,<8;11>,<1.8;2.5>,<1.2;1.8>,<1.3;1.6>,<1;1.3>,<1.8;2.5>,692,<0.7;0.9>,<4;5>,<7;10>,<1.5;2.2>,<1.2;1.8>,<1.2;1.5>,<1;1.3>,<1.5;2.2>,3432,<0.7;0.9>,<4;5>,<7;10>,<1.5;2.2>,<1.2;1.8>,<1.2;1.5>,<1;1.3>,<1.5;2.2>,273,<0.7;0.9>,<4;5>,<7;10>,<1.5;2.2>,<1.2;1.8>,<1.2;1.5>,<1;1.3>,<1.5;2.2>,552,<0.7;0.9>,<4;5>,<7;10>,<1.5;2.2>,<1.2;1.8>,<1.2;1.5>,<1;1.3>,<1.5;2.2>,2073,<0.7;0.9>,<4;5>,<7;10>,<1.5;2.2>,<1.2;1.8>,<1.2;1.5>,<1;1.3>,<1.5;2.2>,2633,<0.6;0.8>,<4;5>,<6;9>,<1.2;2>,<1.2;1.8>,<1.2;1.5>,<1;1.3>,<1.2;2>,3293,<0.6;0.8>,<4;5>,<6;9>,<1.2;1.8>,<1.2;1.8>,<1;1.3>,<1;1.3>,<1.2;1.8>,3511,<0.6;0.8>,<4;5>,<6;9>,<1.2;1.8>,<1.2;1.8>,<1;1.3>,<1;1.3>,<1.2;1.8>,731,<0.6;0.8>,<4;5>,<6;9>,<1.2;1.8>,<1.2;1.8>,<1;1.3>,<1;1.3>,<1.2;1.8>,1931,<0.6;0.8>,<4;5>,<6;9>,<1.2;1.8>,<1.2;1.8>,<1;1.3>,<1;1.3>,<1.2;1.8>,242,<0.6;0.8>,<4;5>,<6;9>,<1.2;1.8>,<1.2;1.8>,<1;1.3>,<1;1.3>,<1.2;1.8>
95,72,53,<0.8;1>,<4;5>,<8;11>,<1.8;2.5>,<1.2;1.8>,<1.3;1.6>,<1;1.3>,<1.8;2.5>,2683,<0.7;0.9>,<4;5>,<7;10>,<1.5;2.2>,<1.2;1.8>,<1.2;1.5>,<1;1.3>,<1.5;2.2>,3772,<0.7;0.9>,<4;5>,<7;10>,<1.5;2.2>,<1.2;1.8>,<1.2;1.5>,<1;1.3>,<1.5;2.2>,402,<0.7;0.9>,<4;5>,<7;10>,<1.5;2.2>,<1.2;1.8>,<1.2;1.5>,<1;1.3>,<1.5;2.2>,793,<0.7;0.9>,<4;5>,<7;10>,<1.5;2.2>,<1.2;1.8>,<1.2;1.5>,<1;1.3>,<1.5;2.2>,2593,<0.7;0.9>,<4;5>,<7;10>,<1.5;2.2>,<1.2;1.8>,<1.2;1.5>,<1;1.3>,<1.5;2.2>,2963,<0.6;0.8>,<4;5>,<6;9>,<1.2;2>,<1.2;1.8>,<1.2;1.5>,<1;1.3>,<1.2;2>,3342,<0.6;0.8>,<4;5>,<6;9>,<1.2;1.8>,<1.2;1.8>,<1;1.3>,<1;1.3>,<1.2;1.8>,3683,<0.6;0.8>,<4;5>,<6;9>,<1.2;1.8>,<1.2;1.8>,<1;1.3>,<1;1.3>,<1.2;1.8>,1221,<0.6;0.8>,<4;5>,<6;9>,<1.2;1.8>,<1.2;1.8>,<1;1.3>,<1;1.3>,<1.2;1.8>,3543,<0.6;0.8>,<4;5>,<6;9>,<1.2;1.8>,<1.2;1.8>,<1;1.3>,<1;1.3>,<1.2;1.8>,333,<0.6;0.8>,<4;5>,<6;9>,<1.2;1.8>,<1.2;1.8>,<1;1.3>,<1;1.3>,<1.2;1.8>
96,72,82,<0.8;1>,<4;5>,<8;11>,<1.8;2.5>,<1.2;1.8>,<1.3;1.6>,<1;1.3>,<1.8;2.5>,2843,<0.7;0.9>,<4;5>,<7;10>,<1.5;2.2>,<1.2;1.8>,<1.2;1.5>,<1;1.3>,<1.5;2.2>,13,<0.7;0.9>,<4;5>,<7;10>,<1.5;2.2>,<1.2;1.8>,<1.2;1.5>,<1;1.3>,<1.5;2.2>,493,<0.7;0.9>,<4;5>,<7;10>,<1.5;2.2>,<1.2;1.8>,<1.2;1.5>,<1;1.3>,<1.5;2.2>,2013,<0.7;0.9>,<4;5>,<7;10>,<1.5;2.2>,<1.2;1.8>,<1.2;1.5>,<1;1.3>,<1.5;2.2>,2612,<0.7;0.9>,<4;5>,<7;10>,<1.5;2.2>,<1.2;1.8>,<1.2;1.5>,<1;1.3>,<1.5;2.2>,3283,<0.6;0.8>,<4;5>,<6;9>,<1.2;2>,<1.2;1.8>,<1.2;1.5>,<1;1.3>,<1.2;2>,3472,<0.6;0.8>,<4;5>,<6;9>,<1.2;1.8>,<1.2;1.8>,<1;1.3>,<1;1.3>,<1.2;1.8>,731,<0.6;0.8>,<4;5>,<6;9>,<1.2;1.8>,<1.2;1.8>,<1;1.3>,<1;1.3>,<1.2;1.8>,1903,<0.6;0.8>,<4;5>,<6;9>,<1.2;1.8>,<1.2;1.8>,<1;1.3>,<1;1.3>,<1.2;1.8>,163,<0.6;0.8>,<4;5>,<6;9>,<1.2;1.8>,<1.2;1.8>,<1;1.3>,<1;1.3>,<1.2;1.8>,503,<0.6;0.8>,<4;5>,<6;9>,<1.2;1.8>,<1.2;1.8>,<1;1.3>,<1;1.3>,<1.2;1.8>
