VariableName,name_cn,name_tw,name,name_vn,name_en,name_th,name_in,name_ph,name_ma,icon,quality,exclusiveCards,itemsShow,languages,stackShow,strengthMax,strengthSeqID,advanceMax,advanceSeqID,advanceLvLimit,universalItems,attrTypes,attrNumRates,viceAttrRate,strengthAttrSeq,advanceAttrSeq,effect1,effect1LevelAdvSeq,effect2,effect2LevelAdvSeq,rebirthRMB,heldItemExp,fragID,produceGate1,produceGate2,produceGate3,produceDesc_cn,produceDesc_tw,produceDesc,produceDesc_vn,produceDesc_en,produceDesc_th,produceDesc_in,produceDesc_ph,produceDesc_ma,effect,effectCardID
Defaults,"""""","""""","""""","""""","""""","""""","""""","""""","""""","""""",3,<>,TRUE,<cn;tw;en;vn;th;kr;in;ma;ph>,199,100,1,7,1,<>,<>,<1;13;7;9;8;10>,,0.5,1,1,0,<>,0,<>,10,0,0,"""""","""""","""""",可通过特殊运营活动获得,可通過特殊運營活動獲得,Can be obtained by drawing cards from accessories,Can be obtained by drawing cards from accessories,Can be obtained by drawing cards from accessories,Can be obtained by drawing cards from accessories,Can be obtained by drawing cards from accessories,Can be obtained by drawing cards from accessories,Can be obtained by drawing cards from accessories,{drawcard=false;gain=false},<>
ID,名称,名称,名称,name_vn,name_en,name_th,name_in,name_ph,name_ma,图标,品质,专属卡牌<markID;>,控制道具是否显示,语言区域,显示每组的堆叠上限,最大强化等级,强化序列ID,最大进阶突破上限,进阶突破序列ID,突破强化等级限制,进阶万能道具,基础属性类型,基础属性整体修正,副携带属性比例,强化加成序列ID,突破加成序列ID,携带效果1,携带效果1等级突破序列,携带效果2,携带效果2等级突破序列,重生消耗钻石,携带道具增加经验,碎片ID（对应合成的碎片）,产地(数字表示关卡;tower;shilian;pvp;yuanzheng;kaogu;jinbi;lianjin),产地(数字表示关卡;tower;shilian;pvp;yuanzheng;kaogu;jinbi),产地(数字表示关卡;tower;shilian;pvp;yuanzheng;kaogu;jinbi),前三个都没就读描述,前三個都沒就讀描述,前三個都沒就讀描述,produceDesc_vn,produceDesc_en,produceDesc_th,produceDesc_in,produceDesc_ph,produceDesc_ma,分别表示在抽卡，恭喜获得,effectCardID
30101,,,Dice  ,Xúc Xắc,Dice  ,ลูกเต๋า  ,Dadu  ,Dice  ,Dadu  ,config/item/xddj/icon_touzi_30101.png,2,,,,,80,2,9,,<5;10;15;20;25;30;50;60;80>,<2151>,,<1.1;0.9;1;1;1;1>,,2,2,1,<0;1;2;3;4;5;6;7;8;9>,,,2,90,,,,,,,Can be obtained through jewelry card draw  ,Có thể nhận được thông qua rút thẻ trang sức,Can be obtained through jewelry card draw  ,สามารถรับได้จากการสุ่มบัตรเครื่องประดับ  ,Dapat diperoleh melalui undian kartu perhiasan  ,Makakakuha sa pamamagitan ng jewelry card draw  ,Boleh diperoleh melalui cabutan kad barang kemas  ,,
30102,,,Broken Mysterious Seal  ,Ấn Ký Bí Ẩn Bị Vỡ,Broken Mysterious Seal  ,ผนึกปริศนาแตก  ,Segel Misterius Pecah  ,Broken Seal of Mystery  ,Meterai Misteri Pecah  ,config/item/xddj/icon_jieduji_30102.png,2,,,,,80,2,9,2,<5;10;15;20;25;30;50;60;80>,<2151>,,<1;0.9;1.1;1;1;1>,,2,2,3,<0;1;2;3;4;5;6;7;8;9>,,,2,90,,,,,,,Can be obtained through jewelry card draw  ,Có thể nhận được thông qua rút thẻ trang sức,Can be obtained through jewelry card draw  ,สามารถรับได้จากการสุ่มบัตรเครื่องประดับ  ,Dapat diperoleh melalui undian kartu perhiasan  ,Makakakuha sa pamamagitan ng jewelry card draw  ,Boleh diperoleh melalui cabutan kad barang kemas  ,,
30103,,,Hood  ,Khăn Trùm Đầu,Hood  ,ผ้าคลุมศีรษะ  ,Penutup Kepala  ,Head Cover  ,Kain Penutup Kepala  ,config/item/xddj/icon_fangdumianju_30103.png,2,,,,,80,2,9,3,<5;10;15;20;25;30;50;60;80>,<2151>,,<1;0.9;1;1;1;1.1>,,2,2,5,<0;1;2;3;4;5;6;7;8;9>,,,2,90,,,,,,,Can be obtained through jewelry card draw  ,Có thể nhận được thông qua rút thẻ trang sức,Can be obtained through jewelry card draw  ,สามารถรับได้จากการสุ่มบัตรเครื่องประดับ  ,Dapat diperoleh melalui undian kartu perhiasan  ,Makakakuha sa pamamagitan ng jewelry card draw  ,Boleh diperoleh melalui cabutan kad barang kemas  ,,
30104,,,Combat Potion  ,Dược Chiến Đấu,Combat Potion  ,น้ำยาในการต่อสู้  ,Ramuan Pertempuran  ,Battle Potion  ,Ramuan Pertempuran  ,config/item/xddj/icon_qibaofu_30104.png,2,,,,,80,2,9,4,<5;10;15;20;25;30;50;60;80>,<2151>,,<1;0.9;1;1;1.1;1>,,2,2,7,<0;1;2;3;4;5;6;7;8;9>,,,2,90,,,,,,,Can be obtained through jewelry card draw  ,Có thể nhận được thông qua rút thẻ trang sức,Can be obtained through jewelry card draw  ,สามารถรับได้จากการสุ่มบัตรเครื่องประดับ  ,Dapat diperoleh melalui undian kartu perhiasan  ,Makakakuha sa pamamagitan ng jewelry card draw  ,Boleh diperoleh melalui cabutan kad barang kemas  ,,
30105,,,Hat  ,Mũ,Hat  ,หมวก  ,Topi  ,Hat  ,Topi  ,config/item/xddj/icon_qibaoqiu_30105.png,2,,,,,80,2,9,5,<5;10;15;20;25;30;50;60;80>,<2151>,,<1;0.9;1;1.1;1;1>,,2,2,9,<0;1;2;3;4;5;6;7;8;9>,,,2,90,,,,,,,Can be obtained through jewelry card draw  ,Có thể nhận được thông qua rút thẻ trang sức,Can be obtained through jewelry card draw  ,สามารถรับได้จากการสุ่มบัตรเครื่องประดับ  ,Dapat diperoleh melalui undian kartu perhiasan  ,Makakakuha sa pamamagitan ng jewelry card draw  ,Boleh diperoleh melalui cabutan kad barang kemas  ,,
30106,,,Ring  ,Nhẫn,Ring  ,แหวน  ,Cincin  ,Ring  ,Cincin  ,config/item/xddj/icon_qianben_30106.png,2,,,,,80,2,9,6,<5;10;15;20;25;30;50;60;80>,<2151>,,<1;1;1;1;1;1>,,2,2,11,<0;1;2;3;4;5;6;7;8;9>,,,2,90,,,,,,,Can be obtained through jewelry card draw  ,Có thể nhận được thông qua rút thẻ trang sức,Can be obtained through jewelry card draw  ,สามารถรับได้จากการสุ่มบัตรเครื่องประดับ  ,Dapat diperoleh melalui undian kartu perhiasan  ,Makakakuha sa pamamagitan ng jewelry card draw  ,Boleh diperoleh melalui cabutan kad barang kemas  ,,
30107,,,!!!Abandoned 1,!!!Bị bỏ rơi 1,!!!Abandoned 1,!!!Abandoned 2,!!!Abandoned 3,!!!Abandoned 4,!!!Abandoned 5,config/item/icon_qzdlq.png,2,,FALSE,<cn>,,60,2,9,,<5;10;15;20;25;30;50;60;80>,,,<1;1;1;1;1;1>,,2,2,1,<0;1;2;3;4;5;6;7;8;9>,,,,90,,,,,,,,,,,,,,,
30201,,,Detector Set  ,Bộ Dò Tìm,Detector Set  ,ชุดตรวจจับ  ,Peralatan Detektor  ,Detector Set  ,Set Pengesan  ,config/item/xddj/icon_xiujian_30201.png,,,,,,80,3,9,7,<5;10;15;20;25;30;50;60;80>,<2151>,,<1.05;0.9;1;1.05;1;1>,,3,3,15,<0;1;2;3;4;5;6;7;8;9>,,,5,150,,,,,,,Can be obtained through jewelry card draw  ,Có thể nhận được thông qua rút thẻ trang sức,Can be obtained through jewelry card draw  ,สามารถรับได้จากการสุ่มบัตรเครื่องประดับ  ,Dapat diperoleh melalui undian kartu perhiasan  ,Makakakuha sa pamamagitan ng jewelry card draw  ,Boleh diperoleh melalui cabutan kad barang kemas  ,,
30202,,,Master Roshi's Rare Book  ,Sách Quý Của Quy Tiên Nhân,Master Roshi's Rare Book  ,หนังสือหายากของอาจารย์เต่า  ,Buku Langka Master Roshi  ,Master Roshi’s Rare Book  ,Buku Rare Guru Roshi  ,config/item/xddj/icon_renjubao_30202.png,,,,,,80,3,9,8,<5;10;15;20;25;30;50;60;80>,<2151>,,<1.05;0.9;1;1;1;1.05>,,3,3,17,<0;1;2;3;4;5;6;7;8;9>,,,5,150,,,,,,,Can be obtained through jewelry card draw  ,Có thể nhận được thông qua rút thẻ trang sức,Can be obtained through jewelry card draw  ,สามารถรับได้จากการสุ่มบัตรเครื่องประดับ  ,Dapat diperoleh melalui undian kartu perhiasan  ,Makakakuha sa pamamagitan ng jewelry card draw  ,Boleh diperoleh melalui cabutan kad barang kemas  ,,
30203,,,Master Roshi’s Keepsake  ,Tín Vật Quy Tiên Lưu,Master Roshi’s Keepsake  ,ของระลึกของอาจารย์เต่า  ,Kenangan Master Roshi  ,Master Roshi’s Keepsake  ,Kenangan Guru Roshi  ,config/item/xddj/icon_panrenhue_30203.png,,,,,,80,3,9,9,<5;10;15;20;25;30;50;60;80>,<2151>,,<1;0.9;1;1.05;1;1.05>,,3,3,19,<0;1;2;3;4;5;6;7;8;9>,,,5,150,,,,,,,Can be obtained through jewelry card draw  ,Có thể nhận được thông qua rút thẻ trang sức,Can be obtained through jewelry card draw  ,สามารถรับได้จากการสุ่มบัตรเครื่องประดับ  ,Dapat diperoleh melalui undian kartu perhiasan  ,Makakakuha sa pamamagitan ng jewelry card draw  ,Boleh diperoleh melalui cabutan kad barang kemas  ,,
30204,,,Wind Horse Sword  ,Kiếm Phong Mã,Wind Horse Sword  ,ดาบม้าลม  ,Pedang Angin Kuda  ,Wind Horse Sword  ,Pedang Kuda Angin  ,config/item/xddj/icon_fengmoshoulijian_30204.png,,,,,,80,3,9,10,<5;10;15;20;25;30;50;60;80>,<2151>,,<1;0.9;1.1;1;1;1>,,3,3,21,<0;1;2;3;4;5;6;7;8;9>,,,5,150,,,,,,,Can be obtained through jewelry card draw  ,Có thể nhận được thông qua rút thẻ trang sức,Can be obtained through jewelry card draw  ,สามารถรับได้จากการสุ่มบัตรเครื่องประดับ  ,Dapat diperoleh melalui undian kartu perhiasan  ,Makakakuha sa pamamagitan ng jewelry card draw  ,Boleh diperoleh melalui cabutan kad barang kemas  ,,
30205,,,Minotaur Helmet  ,Mũ Bò Đầu Người,Minotaur Helmet  ,หมวกกระทิง  ,Helm Minotaur  ,Minotaur Helmet  ,Topi Minotaur  ,config/item/xddj/icon_yinrenbeidai_30205.png,,,,,,80,3,9,11,<5;10;15;20;25;30;50;60;80>,<2151>,,<1;0.9;1;1;1.1;1>,,3,3,23,<0;1;2;3;4;5;6;7;8;9>,,,5,150,,,,,,,Can be obtained through jewelry card draw  ,Có thể nhận được thông qua rút thẻ trang sức,Can be obtained through jewelry card draw  ,สามารถรับได้จากการสุ่มบัตรเครื่องประดับ  ,Dapat diperoleh melalui undian kartu perhiasan  ,Makakakuha sa pamamagitan ng jewelry card draw  ,Boleh diperoleh melalui cabutan kad barang kemas  ,,
30206,,,Frenzy Fang  ,Nanh Cuồng Bạo,Frenzy Fang  ,เขี้ยวคลั่ง  ,Taring Ganas  ,Fury Fang  ,Taring Amarah  ,config/item/xddj/icon_zhongrenmajia_30206.png,,,,,,80,3,9,12,<5;10;15;20;25;30;50;60;80>,<2151>,,<1.05;0.9;1.05;1;1;1>,,3,3,25,<0;1;2;3;4;5;6;7;8;9>,,,5,150,,,,,,,Can be obtained through jewelry card draw  ,Có thể nhận được thông qua rút thẻ trang sức,Can be obtained through jewelry card draw  ,สามารถรับได้จากการสุ่มบัตรเครื่องประดับ  ,Dapat diperoleh melalui undian kartu perhiasan  ,Makakakuha sa pamamagitan ng jewelry card draw  ,Boleh diperoleh melalui cabutan kad barang kemas  ,,
30207,,,Red Thread Necklace  ,Dây Chuyền Hồng Loan,Red Thread Necklace  ,สร้อยคอด้ายแดง  ,Kalung Benang Merah  ,Red Thread Necklace  ,Kalung Benang Merah  ,config/item/xddj/icon_fengheiwuguan_30207.png,,,,,,80,3,9,13,<5;10;15;20;25;30;50;60;80>,<2151>,,<1.05;0.9;1;1;1.05;1>,,3,3,27,<0;1;2;3;4;5;6;7;8;9>,,,5,150,,,,,,,Can be obtained through jewelry card draw  ,Có thể nhận được thông qua rút thẻ trang sức,Can be obtained through jewelry card draw  ,สามารถรับได้จากการสุ่มบัตรเครื่องประดับ  ,Dapat diperoleh melalui undian kartu perhiasan  ,Makakakuha sa pamamagitan ng jewelry card draw  ,Boleh diperoleh melalui cabutan kad barang kemas  ,,
30208,,,Bone Blade  ,Lưỡi Dao Xương,Bone Blade  ,ใบมีดกระดูก  ,Pisau Tulang  ,Bone Blade  ,Pisau Tulang  ,config/item/xddj/icon_mishuzhishu_30208.png,,,,,,80,3,9,14,<5;10;15;20;25;30;50;60;80>,<2151>,,<1;1;1;1;1;1>,,3,3,29,<0;1;2;3;4;5;6;7;8;9>,,,5,150,,,,,,,Can be obtained through jewelry card draw  ,Có thể nhận được thông qua rút thẻ trang sức,Can be obtained through jewelry card draw  ,สามารถรับได้จากการสุ่มบัตรเครื่องประดับ  ,Dapat diperoleh melalui undian kartu perhiasan  ,Makakakuha sa pamamagitan ng jewelry card draw  ,Boleh diperoleh melalui cabutan kad barang kemas  ,,
30209,,,Laser Gun  ,Súng Laser,Laser Gun  ,ปืนเลเซอร์  ,Senjata Laser  ,Laser Gun  ,Pistol Laser  ,config/item/xddj/icon_jiazhimianju_30209.png,,,,,,80,3,9,15,<5;10;15;20;25;30;50;60;80>,<2151>,,<1;1;1;1;1;1>,,3,3,31,<0;1;2;3;4;5;6;7;8;9>,,,5,150,,,,,,,Can be obtained through jewelry card draw  ,Có thể nhận được thông qua rút thẻ trang sức,Can be obtained through jewelry card draw  ,สามารถรับได้จากการสุ่มบัตรเครื่องประดับ  ,Dapat diperoleh melalui undian kartu perhiasan  ,Makakakuha sa pamamagitan ng jewelry card draw  ,Boleh diperoleh melalui cabutan kad barang kemas  ,,
30301,,,Energy Shield Ring  ,Vòng Bảo Vệ Năng Lượng,Energy Shield Ring  ,แหวนเกราะพลังงาน  ,Cincin Perisai Energi  ,Energy Protection Ring  ,Cincin Perlindungan Tenaga  ,config/item/xddj/icon_yizhimianju_30301.png,4,,,,,80,4,9,16,<5;10;15;20;25;30;50;60;80>,<2152>,,<1.1;0.9;1;1;1;1>,,4,4,33,<0;1;2;3;4;5;6;7;8;9>,34,<0;1;2;3;4;5;6;7;8;9>,8,280,28001,,,,,,Can be obtained through jewelry card draw  ,Có thể nhận được thông qua rút thẻ trang sức,Can be obtained through jewelry card draw  ,สามารถรับได้จากการสุ่มบัตรเครื่องประดับ  ,Dapat diperoleh melalui undian kartu perhiasan  ,Makakakuha sa pamamagitan ng jewelry card draw  ,Boleh diperoleh melalui cabutan kad barang kemas  ,{drawcard=zi_effect_loop;gain=zi_effect_loop},
30302,,,Fire Shadow Necklace  ,Dây Chuyền Hỏa Ảnh,Fire Shadow Necklace  ,สร้อยคอเพลิงเงา  ,Kalung Bayangan Api  ,Flame Shadow Necklace  ,Kalung Bayang Api  ,config/item/xddj/icon_30302.png,4,,,,,80,4,9,17,<5;10;15;20;25;30;50;60;80>,<2152>,,<1;1;1;1;1;1>,,4,4,35,<0;1;2;3;4;5;6;7;8;9>,36,<0;1;2;3;4;5;6;7;8;9>,8,280,28002,,,,,,Can be obtained through jewelry card draw  ,Có thể nhận được thông qua rút thẻ trang sức,Can be obtained through jewelry card draw  ,สามารถรับได้จากการสุ่มบัตรเครื่องประดับ  ,Dapat diperoleh melalui undian kartu perhiasan  ,Makakakuha sa pamamagitan ng jewelry card draw  ,Boleh diperoleh melalui cabutan kad barang kemas  ,{drawcard=zi_effect_loop;gain=zi_effect_loop},
30303,,,Damaged Palm Leaf Fan  ,Quạt Ba Tiêu Hư Hỏng,Damaged Palm Leaf Fan  ,พัดสามใบไม้เสีย  ,Kipas Tiga Daun Rusak  ,Broken Banana Fan  ,Kipas Tiga Daun Rosak  ,config/item/xddj/icon_30303.png,4,,,,,80,4,9,18,<5;10;15;20;25;30;50;60;80>,<2152>,,<1;1;1;1;1;1>,,4,4,37,<0;1;2;3;4;5;6;7;8;9>,38,<0;1;2;3;4;5;6;7;8;9>,8,280,28003,,,,,,Can be obtained through jewelry card draw  ,Có thể nhận được thông qua rút thẻ trang sức,Can be obtained through jewelry card draw  ,สามารถรับได้จากการสุ่มบัตรเครื่องประดับ  ,Dapat diperoleh melalui undian kartu perhiasan  ,Makakakuha sa pamamagitan ng jewelry card draw  ,Boleh diperoleh melalui cabutan kad barang kemas  ,{drawcard=zi_effect_loop;gain=zi_effect_loop},
30304,,,Saiyan Battle Suit  ,Chiến Phục Saiyan,Saiyan Battle Suit  ,ชุดรบไซย่า  ,Baju Tempur Saiyan  ,Saiyan Battle Suit  ,Pakaian Perang Saiyan  ,config/item/xddj/icon_yizhimianju_30304.png,4,,,,,80,4,9,19,<5;10;15;20;25;30;50;60;80>,<2152>,,<1;1;1;1;1;1>,,4,4,39,<0;1;2;3;4;5;6;7;8;9>,40,<0;1;2;3;4;5;6;7;8;9>,8,280,28004,,,,,,Can be obtained through jewelry card draw  ,Có thể nhận được thông qua rút thẻ trang sức,Can be obtained through jewelry card draw  ,สามารถรับได้จากการสุ่มบัตรเครื่องประดับ  ,Dapat diperoleh melalui undian kartu perhiasan  ,Makakakuha sa pamamagitan ng jewelry card draw  ,Boleh diperoleh melalui cabutan kad barang kemas  ,{drawcard=zi_effect_loop;gain=zi_effect_loop},
30305,,,Nimbus Cloud  ,Cân Đẩu Vân,Nimbus Cloud  ,เมฆวิเศษ  ,Awan Nimbus  ,Nimbus Cloud  ,Awan Ajaib  ,config/item/xddj/icon_gengzhimianju_30305.png,4,,,,,80,4,9,20,<5;10;15;20;25;30;50;60;80>,<2152>,,<1;0.9;1;1.05;1;1.05>,,4,4,41,<0;1;2;3;4;5;6;7;8;9>,42,<0;1;2;3;4;5;6;7;8;9>,8,280,28005,,,,,,Can be obtained through jewelry card draw  ,Có thể nhận được thông qua rút thẻ trang sức,Can be obtained through jewelry card draw  ,สามารถรับได้จากการสุ่มบัตรเครื่องประดับ  ,Dapat diperoleh melalui undian kartu perhiasan  ,Makakakuha sa pamamagitan ng jewelry card draw  ,Boleh diperoleh melalui cabutan kad barang kemas  ,{drawcard=zi_effect_loop;gain=zi_effect_loop},
30306,,,Golden Apple  ,Táo Vàng,Golden Apple  ,แอปเปิ้ลทอง  ,Apel Emas  ,Golden Apple  ,Epal Emas  ,config/item/xddj/icon_xinzhimianju_30306.png,4,,,,,80,4,9,21,<5;10;15;20;25;30;50;60;80>,<2152>,,<1.1;0.9;1;1;1;1>,,4,4,43,<0;1;2;3;4;5;6;7;8;9>,44,<0;1;2;3;4;5;6;7;8;9>,8,280,28006,,,,,,Can be obtained through jewelry card draw  ,Có thể nhận được thông qua rút thẻ trang sức,Can be obtained through jewelry card draw  ,สามารถรับได้จากการสุ่มบัตรเครื่องประดับ  ,Dapat diperoleh melalui undian kartu perhiasan  ,Makakakuha sa pamamagitan ng jewelry card draw  ,Boleh diperoleh melalui cabutan kad barang kemas  ,{drawcard=zi_effect_loop;gain=zi_effect_loop},
30307,,,Rainbow Pearl  ,Ngọc Cầu Vồng,Rainbow Pearl  ,ไข่มุกสายรุ้ง  ,Mutiara Pelangi  ,Rainbow Pearl  ,Mutiara Pelangi  ,config/item/xddj/icon_wuzhimianju_30307.png,4,,,,,80,4,9,22,<5;10;15;20;25;30;50;60;80>,<2152>,,<1.05;0.95;1;1;1;1>,,4,4,45,<0;1;2;3;4;5;6;7;8;9>,46,<0;1;2;3;4;5;6;7;8;9>,8,280,28007,,,,,,Can be obtained through jewelry card draw  ,Có thể nhận được thông qua rút thẻ trang sức,Can be obtained through jewelry card draw  ,สามารถรับได้จากการสุ่มบัตรเครื่องประดับ  ,Dapat diperoleh melalui undian kartu perhiasan  ,Makakakuha sa pamamagitan ng jewelry card draw  ,Boleh diperoleh melalui cabutan kad barang kemas  ,{drawcard=zi_effect_loop;gain=zi_effect_loop},
30308,,,Dora’s Small Bell  ,Chuông Nhỏ Của Dora,Dora’s Small Bell  ,กระดิ่งของโดราเอมอน  ,Lonceng Kecil Dora  ,Dora’s Bell  ,Loceng Kecil Dora  ,config/item/xddj/icon_renzhimianju_30308.png,4,,,,,80,4,9,23,<5;10;15;20;25;30;50;60;80>,<2152>,,<1.05;0.95;1;1;1;1>,,4,4,47,<0;1;2;3;4;5;6;7;8;9>,48,<0;1;2;3;4;5;6;7;8;9>,8,280,28008,,,,,,Can be obtained through jewelry card draw  ,Có thể nhận được thông qua rút thẻ trang sức,Can be obtained through jewelry card draw  ,สามารถรับได้จากการสุ่มบัตรเครื่องประดับ  ,Dapat diperoleh melalui undian kartu perhiasan  ,Makakakuha sa pamamagitan ng jewelry card draw  ,Boleh diperoleh melalui cabutan kad barang kemas  ,{drawcard=zi_effect_loop;gain=zi_effect_loop},
30309,,,Ninja Technique Book  ,Sách Nhẫn Thuật,Ninja Technique Book  ,หนังสือวิชานินจา  ,Buku Teknik Ninja  ,Ninja Technique Book  ,Buku Teknik Ninja  ,config/item/xddj/icon_guizhimianju_30309.png,4,,,,,80,4,9,24,<5;10;15;20;25;30;50;60;80>,<2152>,,<1.05;0.95;1;1;1;1>,,4,4,49,<0;1;2;3;4;5;6;7;8;9>,50,<0;1;2;3;4;5;6;7;8;9>,8,280,28009,,,,,,Can be obtained through jewelry card draw  ,Có thể nhận được thông qua rút thẻ trang sức,Can be obtained through jewelry card draw  ,สามารถรับได้จากการสุ่มบัตรเครื่องประดับ  ,Dapat diperoleh melalui undian kartu perhiasan  ,Makakakuha sa pamamagitan ng jewelry card draw  ,Boleh diperoleh melalui cabutan kad barang kemas  ,{drawcard=zi_effect_loop;gain=zi_effect_loop},
30310,,,Iron Cutting Sword  ,Kiếm Trảm Thiết,Iron Cutting Sword  ,ดาบตัดเหล็ก  ,Pedang Pemotong Besi  ,Iron Slash Sword  ,Pedang Pemotong Besi  ,config/item/xddj/icon_30310.png,4,,,,,80,4,9,25,<5;10;15;20;25;30;50;60;80>,<2152>,,<1.05;0.95;1;1;1;1>,,4,4,51,<0;1;2;3;4;5;6;7;8;9>,52,<0;1;2;3;4;5;6;7;8;9>,8,280,28010,,,,,,Can be obtained through jewelry card draw  ,Có thể nhận được thông qua rút thẻ trang sức,Can be obtained through jewelry card draw  ,สามารถรับได้จากการสุ่มบัตรเครื่องประดับ  ,Dapat diperoleh melalui undian kartu perhiasan  ,Makakakuha sa pamamagitan ng jewelry card draw  ,Boleh diperoleh melalui cabutan kad barang kemas  ,{drawcard=zi_effect_loop;gain=zi_effect_loop},
30311,,,Super Divine Water  ,Siêu Thần Thủy,Super Divine Water  ,น้ำเทพพลังสูง  ,Air Dewa Super  ,Ultra Divine Water  ,Air Dewa Super  ,config/item/xddj/icon_huitudoupeng_30311.png,4,,,,,80,4,9,26,<5;10;15;20;25;30;50;60;80>,<2152>,,<1.05;0.95;1;1;1;1>,,4,4,53,<0;1;2;3;4;5;6;7;8;9>,54,<0;1;2;3;4;5;6;7;8;9>,8,280,28011,,,,,,Can be obtained through jewelry card draw  ,Có thể nhận được thông qua rút thẻ trang sức,Can be obtained through jewelry card draw  ,สามารถรับได้จากการสุ่มบัตรเครื่องประดับ  ,Dapat diperoleh melalui undian kartu perhiasan  ,Makakakuha sa pamamagitan ng jewelry card draw  ,Boleh diperoleh melalui cabutan kad barang kemas  ,{drawcard=zi_effect_loop;gain=zi_effect_loop},
30312,,,Mystery Cloak  ,Áo Choàng Bí Ẩn,Mystery Cloak  ,ผ้าคลุมปริศนา  ,Jubah Misterius  ,Mystery Cloak  ,Jubah Misteri  ,config/item/xddj/icon_huangjinsheng_30312.png,4,,,,,80,4,9,27,<5;10;15;20;25;30;50;60;80>,<2152>,,<1.05;0.95;1;1;1;1>,,4,4,55,<0;1;2;3;4;5;6;7;8;9>,56,<0;1;2;3;4;5;6;7;8;9>,8,280,28012,,,,,,Can be obtained through jewelry card draw  ,Có thể nhận được thông qua rút thẻ trang sức,Can be obtained through jewelry card draw  ,สามารถรับได้จากการสุ่มบัตรเครื่องประดับ  ,Dapat diperoleh melalui undian kartu perhiasan  ,Makakakuha sa pamamagitan ng jewelry card draw  ,Boleh diperoleh melalui cabutan kad barang kemas  ,{drawcard=zi_effect_loop;gain=zi_effect_loop},
30313,,,Goku's Martial Arts Robe  ,Đạo Phục Võ Thuật Của Goku,Goku's Martial Arts Robe  ,ชุดศิลปะการต่อสู้ของโกคู  ,Jubah Bela Diri Goku  ,Goku’s Martial Robe  ,Jubah Seni Goku  ,config/item/xddj/icon_30313.png,4,,,,,80,4,9,28,<5;10;15;20;25;30;50;60;80>,<2152>,,<1;0.9;1.1;1;1;1>,,4,4,59,<0;1;2;3;4;5;6;7;8;9>,,,8,280,28013,,,,,,Can be obtained through jewelry card draw  ,Có thể nhận được thông qua rút thẻ trang sức,Can be obtained through jewelry card draw  ,สามารถรับได้จากการสุ่มบัตรเครื่องประดับ  ,Dapat diperoleh melalui undian kartu perhiasan  ,Makakakuha sa pamamagitan ng jewelry card draw  ,Boleh diperoleh melalui cabutan kad barang kemas  ,{drawcard=zi_effect_loop;gain=zi_effect_loop},
30314,,,Power Pole  ,Gậy Như Ý,Power Pole  ,กระบองยืด  ,Tongkat Sakti  ,Power Staff  ,Tongkat Sakti  ,config/item/xddj/icon_honghulu_30314.png,4,,,,,80,4,9,29,<5;10;15;20;25;30;50;60;80>,<2152>,,<1;0.9;1;1;1.1;1>,,4,4,57,<0;1;2;3;4;5;6;7;8;9>,,,8,280,28014,,,,,,Can be obtained through jewelry card draw  ,Có thể nhận được thông qua rút thẻ trang sức,Can be obtained through jewelry card draw  ,สามารถรับได้จากการสุ่มบัตรเครื่องประดับ  ,Dapat diperoleh melalui undian kartu perhiasan  ,Makakakuha sa pamamagitan ng jewelry card draw  ,Boleh diperoleh melalui cabutan kad barang kemas  ,{drawcard=zi_effect_loop;gain=zi_effect_loop},
30315,,,Tactical Belt  ,Thắt Lưng Chiến Thuật,Tactical Belt  ,เข็มขัดยุทธวิธี  ,Sabuk Taktis  ,Tactical Belt  ,Tali Pinggang Taktikal  ,config/item/xddj/icon_30315.png,4,,,,,80,4,9,30,<5;10;15;20;25;30;50;60;80>,<2152>,,<1;1;1;1;1;1>,,4,4,71,<0;1;2;3;4;5;6;7;8;9>,,,8,280,28015,,,,,,Can be obtained through jewelry card draw  ,Có thể nhận được thông qua rút thẻ trang sức,Can be obtained through jewelry card draw  ,สามารถรับได้จากการสุ่มบัตรเครื่องประดับ  ,Dapat diperoleh melalui undian kartu perhiasan  ,Makakakuha sa pamamagitan ng jewelry card draw  ,Boleh diperoleh melalui cabutan kad barang kemas  ,{drawcard=zi_effect_loop;gain=zi_effect_loop},
30316,,,Forbidden Heaven Technique  ,Thiên Đường Cấm Thuật,Forbidden Heaven Technique  ,วิชาสวรรค์ต้องห้าม  ,Teknik Terlarang Surga  ,Heavenly Forbidden Spell  ,Sihir Terlarang Syurga  ,config/item/xddj/icon_30316.png,4,,,,,80,4,9,31,<5;10;15;20;25;30;50;60;80>,<2152>,,<1.1;0.9;1;1;1;1>,,4,4,72,<0;1;2;3;4;5;6;7;8;9>,,,8,280,28016,,,,,,Can be obtained through jewelry card draw  ,Có thể nhận được thông qua rút thẻ trang sức,Can be obtained through jewelry card draw  ,สามารถรับได้จากการสุ่มบัตรเครื่องประดับ  ,Dapat diperoleh melalui undian kartu perhiasan  ,Makakakuha sa pamamagitan ng jewelry card draw  ,Boleh diperoleh melalui cabutan kad barang kemas  ,{drawcard=zi_effect_loop;gain=zi_effect_loop},
30317,,,Moonlight Ring  ,Vòng Nguyệt Quang,Moonlight Ring  ,แหวนแสงจันทร์  ,Cincin Cahaya Bulan  ,Moonlight Ring  ,Cincin Cahaya Bulan  ,config/item/xddj/icon_30317.png,4,,,,,80,4,9,32,<5;10;15;20;25;30;50;60;80>,<2152>,,<1.1;0.9;1;1;1;1>,,4,4,73,<0;1;2;3;4;5;6;7;8;9>,,,8,280,28017,,,,,,Can be obtained through jewelry card draw  ,Có thể nhận được thông qua rút thẻ trang sức,Can be obtained through jewelry card draw  ,สามารถรับได้จากการสุ่มบัตรเครื่องประดับ  ,Dapat diperoleh melalui undian kartu perhiasan  ,Makakakuha sa pamamagitan ng jewelry card draw  ,Boleh diperoleh melalui cabutan kad barang kemas  ,{drawcard=zi_effect_loop;gain=zi_effect_loop},
30318,,,Fire Shadow Emblem  ,Huy Hiệu Hỏa Ảnh,Fire Shadow Emblem  ,ตราเพลิงเงา  ,Lencana Bayangan Api  ,Flame Shadow Badge  ,Lencana Bayangan Api  ,config/item/xddj/icon_sanzhijie_30318.png,4,,,,,80,4,9,46,<5;10;15;20;25;30;50;60;80>,<2152>,,<1;1;1;1;1;1>,,4,4,97,<0;1;2;3;4;5;6;7;8;9>,98,<0;1;2;3;4;5;6;7;8;9>,8,280,28018,,,,,,Available in the Arena Shop,Có thể nhận được trong cửa hàng đấu trường đối kháng,Available in the Arena Shop,มีจำหน่ายในร้านค้าอารีน่า,Tersedia di Toko Arena,Available sa Arena Shop,Tersedia di Kedai Arena,{drawcard=zi_effect_loop;gain=zi_effect_loop},
30401,,,Muramasa Cursed Blade  ,Yêu Đao Muramasa,Muramasa Cursed Blade  ,ดาบปีศาจมุรามาสะ  ,Pedang Kutukan Muramasa  ,Muramasa Demon Blade  ,Pedang Iblis Muramasa  ,config/item/xddj/icon_30401.png,5,,,,,80,5,9,33,<5;10;15;20;25;30;50;60;80>,<2153>,,<1;1;1;1;1;1>,,5,5,74,<0;1;2;3;4;5;6;7;8;9>,58,<0;1;2;3;4;5;6;7;8;9>,,520,28101,,,,,,,,,,,,,{drawcard=zi_effect_loop;gain=zi_effect_loop},
30402,,,Spiritual Staff  ,Quyền Trượng Tâm Linh,Spiritual Staff  ,คฑาวิญญาณ  ,Tongkat Rohani  ,Spiritual Scepter  ,Tongkat Rohani  ,config/item/xddj/icon_beizhijie_30402.png,5,,,,,80,5,9,34,<5;10;15;20;25;30;50;60;80>,<2153>,,<1;1;1.2;0.8;1.2;0.8>,,5,5,78,<0;1;2;3;4;5;6;7;8;9>,77,<0;1;2;3;4;5;6;7;8;9>,,520,28102,,,,,,,,,,,,,{drawcard=zi_effect_loop;gain=zi_effect_loop},
30403,,,Eight Trigrams Orb  ,Bát Xích Cầu Ngọc,Eight Trigrams Orb  ,ลูกแก้วแปดทิศ  ,Bola Delapan Trigram  ,Eight Trigrams Ball  ,Bola Lapan Simbol  ,config/item/xddj/icon_30403.png,5,,,,,80,5,9,35,<5;10;15;20;25;30;50;60;80>,<2153>,,<1.1;0.9;1;1;1;1>,,5,5,76,<0;1;2;3;4;5;6;7;8;9>,75,<0;1;2;3;4;5;6;7;8;9>,,520,28103,,,,,,,,,,,,,{drawcard=zi_effect_loop;gain=zi_effect_loop},
30404,,,Psychic Scroll  ,Cuộn Thư Siêu Năng,Psychic Scroll  ,ม้วนคัมภีร์จิตพลัง  ,Gulungan Psikis  ,Psychic Scroll  ,Skrol Psikik  ,config/item/xddj/icon_30404.png,5,,,,,80,5,9,36,<5;10;15;20;25;30;50;60;80>,<2153>,,<1.2;0.8;1;1;1;1>,,5,5,80,<0;1;2;3;4;5;6;7;8;9>,79,<0;1;2;3;4;5;6;7;8;9>,,520,28104,,,,,,,,,,,,,{drawcard=zi_effect_loop;gain=zi_effect_loop},
30405,,,Phoenix Force  ,Lực Lượng Phượng Hoàng,Phoenix Force  ,พลังนกฟีนิกซ์  ,Kekuatan Phoenix  ,Phoenix Force  ,Kuasa Phoenix  ,config/item/xddj/icon_baizhijie_30405.png,5,,,,,80,5,9,37,<5;10;15;20;25;30;50;60;80>,<2153>,,<1;1.1;1.15;0.8;1.15;0.8>,,5,5,82,<0;1;2;3;4;5;6;7;8;9>,81,<0;1;2;3;4;5;6;7;8;9>,,520,28105,,,,,,,,,,,,,{drawcard=zi_effect_loop;gain=zi_effect_loop},
30406,,,Golden Light Spell  ,Kim Quang Thần Chú,Golden Light Spell  ,คาถาแสงทอง  ,Mantra Cahaya Emas  ,Golden Spell  ,Mantra Cahaya Emas  ,config/item/xddj/icon_yuzhijie_30406.png,5,,,,,80,5,9,38,<5;10;15;20;25;30;50;60;80>,<2153>,,<1;0.8;1;1.1;1;1.1>,,5,5,92,<0;1;2;3;4;5;6;7;8;9>,91,<0;1;2;3;4;5;6;7;8;9>,,520,28106,,,,,,,,,,,,,{drawcard=zi_effect_loop;gain=zi_effect_loop},
30407,,,Guardian Divine Sword  ,Kiếm Thần Hộ Vệ,Guardian Divine Sword  ,ดาบเทพพิทักษ์  ,Pedang Pelindung Dewa  ,Divine Guardian Sword  ,Pedang Pelindung Dewa  ,config/item/xddj/icon_tuanzangdebengdai_30407.png,5,,,,,80,5,9,39,<5;10;15;20;25;30;50;60;80>,<2153>,,<1;1;1;1;1;1>,,5,5,86,<0;1;2;3;4;5;6;7;8;9>,85,<0;1;2;3;4;5;6;7;8;9>,,520,28107,,,,,,,,,,,,,{drawcard=zi_effect_loop;gain=zi_effect_loop},
30408,,,Eternal Divine Spear  ,Thần Thương Vĩnh Cửu,Eternal Divine Spear  ,หอกศักดิ์สิทธิ์นิรันดร์  ,Tombak Abadi  ,Eternal Spear  ,Lembing Abadi  ,config/item/xddj/icon_chakeladao_30408.png,5,,,,,80,5,9,40,<5;10;15;20;25;30;50;60;80>,<2153>,,<1;0.8;1.1;1;1.1;1>,,5,5,88,<0;1;2;3;4;5;6;7;8;9>,87,<0;1;2;3;4;5;6;7;8;9>,,520,28108,,,,,,,,,,,,,{drawcard=zi_effect_loop;gain=zi_effect_loop},
30409,,,Zeus’ Crown  ,Vương Miện Zeus,Zeus’ Crown  ,มงกุฎเทพซุส  ,Mahkota Zeus  ,Zeus’ Crown  ,Mahkota Zeus  ,config/item/xddj/icon_dahedehue_30409.png,5,,,,,80,5,9,41,<5;10;15;20;25;30;50;60;80>,<2153>,,<1;1;1.1;0.9;1;1>,,5,5,90,<0;1;2;3;4;5;6;7;8;9>,89,<0;1;2;3;4;5;6;7;8;9>,,520,28109,,,,,,,,,,,,,{drawcard=zi_effect_loop;gain=zi_effect_loop},
30410,,,Angel's Tear  ,Giọt Nước Mắt Thiên Thần,Angel's Tear  ,น้ำตานางฟ้า  ,Air Mata Malaikat  ,Angel’s Tear  ,Air Mata Malaikat  ,config/item/xddj/icon_30410.png,5,,,,,80,5,9,42,<5;10;15;20;25;30;50;60;80>,<2153>,,<1.1;0.9;1;1;1;1>,,5,5,96,<0;1;2;3;4;5;6;7;8;9>,95,<0;1;2;3;4;5;6;7;8;9>,,520,28110,,,,,,,,,,,,,{drawcard=zi_effect_loop;gain=zi_effect_loop},
30411,,,Blood Fury Axe  ,Rìu Chiến Máu Giận,Blood Fury Axe  ,ขวานโลหิตบ้า  ,Kapak Amarah Darah  ,Blood Rage Axe  ,Kapak Amarah Berdarah  ,config/item/xddj/icon_30411.png,5,<761>,,,,80,5,9,47,<5;10;15;20;25;30;50;60;80>,<2153>,,<1;1;1;1;1;1>,,5,5,99,<0;1;2;3;4;5;6;7;8;9>,100,<0;1;2;3;4;5;6;7;8;9>,,520,28111,,,,,,,,,,,,,{drawcard=zi_effect_loop;gain=zi_effect_loop},<761>
30412,,,Unyielding Shield  ,Lá Chắn Bất Khuất,Unyielding Shield  ,โล่ไม่ยอมแพ้  ,Perisai Tak Terkalahkan  ,Unyielding Shield  ,Perisai Gagah  ,config/item/xddj/icon_30412.png,5,,,,,80,5,9,48,<5;10;15;20;25;30;50;60;80>,<2153>,,<1;1;1;1;0.9;1.1>,,5,5,101,<0;1;2;3;4;5;6;7;8;9>,102,<0;1;2;3;4;5;6;7;8;9>,,520,28112,,,,,,,,,,,,,{drawcard=zi_effect_loop;gain=zi_effect_loop},
30413,,,Heart of the Ocean  ,Trái Tim Đại Dương,Heart of the Ocean  ,หัวใจแห่งมหาสมุทร  ,Hati Samudra  ,Heart of the Ocean  ,Hati Lautan  ,config/item/xddj/icon_30413.png,5,,,,,80,5,9,49,<5;10;15;20;25;30;50;60;80>,<2153>,,<1.1;0.9;1;1;1;1>,,5,5,103,<0;1;2;3;4;5;6;7;8;9>,104,<0;1;2;3;4;5;6;7;8;9>,,520,28113,,,,,,,,,,,,,{drawcard=zi_effect_loop;gain=zi_effect_loop},
30414,,,Broken Rage Fang  ,Nanh Vỡ Cuồng Nộ,Broken Rage Fang  ,เขี้ยวคลั่งหัก  ,Taring Ganas Retak  ,Broken Fury Fang  ,Taring Pecah Marah  ,config/item/xddj/icon_kakaxidelingdang_30414.png,5,,,,,80,5,9,50,<5;10;15;20;25;30;50;60;80>,<2153>,,<1;1;1;1;1;1>,,5,5,105,<0;1;2;3;4;5;6;7;8;9>,106,<0;1;2;3;4;5;6;7;8;9>,,520,28114,,,,,,,,,,,,,{drawcard=zi_effect_loop;gain=zi_effect_loop},
30415,,,Senbonzakura  ,Senbonzakura,Senbonzakura  ,เซนบงซากุระ  ,Senbonzakura  ,Senbonzakura  ,Senbonzakura  ,config/item/xddj/icon_30415.png,5,,,,,80,5,9,51,<5;10;15;20;25;30;50;60;80>,<2153>,,<1;1;1;1;1;1>,,5,5,107,<0;1;2;3;4;5;6;7;8;9>,108,<0;1;2;3;4;5;6;7;8;9>,,520,28115,,,,,,,,,,,,,{drawcard=zi_effect_loop;gain=zi_effect_loop},
30416,,,Sky Piercing Arrow  ,Mũi Tên Phá Thiên,Sky Piercing Arrow  ,ลูกธนูเจาะฟ้า  ,Panah Penembus Langit  ,Sky Piercing Arrow  ,Anak Panah Langit  ,config/item/xddj/icon_30416.png,5,,,,,80,5,9,52,<5;10;15;20;25;30;50;60;80>,<2153>,,<1.1;0.9;1;1;1;1>,,5,5,109,<0;1;2;3;4;5;6;7;8;9>,110,<0;1;2;3;4;5;6;7;8;9>,,520,28116,,,,,,,,,,,,,{drawcard=zi_effect_loop;gain=zi_effect_loop},
30417,,,Eight Trigrams Mirror  ,Bát Xích Kính,Eight Trigrams Mirror  ,กระจกแปดทิศ  ,Cermin Delapan Trigram  ,Eight Trigrams Mirror  ,Cermin Lapan Simbol  ,config/item/xddj/icon_30417.png,5,,,,,80,5,9,53,<5;10;15;20;25;30;50;60;80>,<2153>,,<1.1;0.9;1;1;1;1>,,5,5,111,<0;1;2;3;4;5;6;7;8;9>,112,<0;1;2;3;4;5;6;7;8;9>,,520,28117,,,,,,,,,,,,,{drawcard=zi_effect_loop;gain=zi_effect_loop},
30418,,,Dusk Mask  ,Mặt Nạ Hoàng Hôn,Dusk Mask  ,หน้ากากสนธยา  ,Topeng Senja  ,Twilight Mask  ,Topeng Senja  ,config/item/xddj/icon_tonglingjuanzhou_30418.png,5,<7011>,,,,80,5,9,55,<5;10;15;20;25;30;50;60;80>,<2153>,,<1;0.9;1.05;1;1.05;1>,,5,5,115,<0;1;2;3;4;5;6;7;8;9>,116,<0;1;2;3;4;5;6;7;8;9>,,520,28118,,,,,,,,,,,,,{drawcard=zi_effect_loop;gain=zi_effect_loop},<7011>
30419,,,Source of Miracles  ,Nguồn Gốc Kỳ Tích,Source of Miracles  ,ต้นกำเนิดปาฏิหาริย์  ,Asal Mukjizat  ,Source of Miracle  ,Asal Keajaiban  ,config/item/xddj/icon_sidaimudoupeng_30419.png,5,,,,,80,5,9,56,<5;10;15;20;25;30;50;60;80>,<2153>,,<1;1;1;1;1;1>,,5,5,117,<0;1;2;3;4;5;6;7;8;9>,118,<0;1;2;3;4;5;6;7;8;9>,,520,28119,,,,,,,,,,,,,{drawcard=zi_effect_loop;gain=zi_effect_loop},
30420,,,Psychic Reactor  ,Lò Phản Ứng Siêu Năng,Psychic Reactor  ,เตาปฏิกรณ์จิตพลัง  ,Reaktor Psikis  ,Psychic Reactor  ,Reaktor Psikik  ,config/item/xddj/icon_30420.png,5,,,,,80,5,9,57,<5;10;15;20;25;30;50;60;80>,<2153>,,<1.1;0.9;1;1;1;1>,,5,5,119,<0;1;2;3;4;5;6;7;8;9>,120,<0;1;2;3;4;5;6;7;8;9>,,520,28120,,,,,,,,,,,,,{drawcard=zi_effect_loop;gain=zi_effect_loop},
30421,,,Totsuka-no-Tsurugi Sword  ,Kiếm Totsuka-no-Tsurugi,Totsuka-no-Tsurugi Sword  ,ดาบโทสึกะ  ,Pedang Totsuka-no-Tsurugi  ,Totsuka-no-Tsurugi  ,Pedang Totsuka-no-Tsurugi  ,config/item/xddj/icon_30421.png,5,,,,,80,5,9,58,<5;10;15;20;25;30;50;60;80>,<2153>,,<1.1;0.9;1;1;1;1>,,5,5,121,<0;1;2;3;4;5;6;7;8;9>,122,<0;1;2;3;4;5;6;7;8;9>,,520,28121,,,,,,,,,,,,,{drawcard=zi_effect_loop;gain=zi_effect_loop},
30423,,,Angel Wings  ,Đôi Cánh Thiên Thần,Angel Wings  ,ปีกนางฟ้า  ,Sayap Malaikat  ,Angel Wings  ,Sayap Malaikat  ,config/item/xddj/icon_zilaiyedehue_30423.png,5,,,,,80,5,9,60,<5;10;15;20;25;30;50;60;80>,<2153>,,<1;1.1;1.1;0.9;1.1;0.9>,,5,5,125,<0;1;2;3;4;5;6;7;8;9>,126,<0;1;2;3;4;5;6;7;8;9>,,520,28123,,,,,,,,,,,,,{drawcard=zi_effect_loop;gain=zi_effect_loop},
30424,,,Demon Wings  ,Đôi Cánh Ác Ma,Demon Wings  ,ปีกปีศาจ  ,Sayap Iblis  ,Devil Wings  ,Sayap Iblis  ,config/item/xddj/icon_jingubang_30424.png,5,,,,,80,5,9,61,<5;10;15;20;25;30;50;60;80>,<2153>,,<1;0.8;1.1;1;1.1;1>,,5,5,127,<0;1;2;3;4;5;6;7;8;9>,128,<0;1;2;3;4;5;6;7;8;9>,,520,28124,,,,,,,,,,,,,{drawcard=zi_effect_loop;gain=zi_effect_loop},
30425,,,Yin-Yang Orb,Ngọc Âm Dương,Yin-Yang Orb,ลูกแก้วหยินหยาง,Yin-Yang Orb,Yin-Yang Orb,Kalung Masa  ,config/item/xddj/icon_qianshoufeijian_30425.png,5,<3601>,,,,80,5,9,62,<5;10;15;20;25;30;50;60;80>,<2153>,,<1.1;0.9;1;1;1;1>,,5,5,129,<0;1;2;3;4;5;6;7;8;9>,130,<0;1;2;3;4;5;6;7;8;9>,,520,28125,,,,,,,,,,,,,{drawcard=zi_effect_loop;gain=zi_effect_loop},<3601>
30426,,,Sword of Love,Thanh kiếm tình yêu,Sword of Love,ดาบแห่งความรัก,Sword of Love,Sword of Love,Sword of Love,config/item/xddj/icon_zuozhudeduandao_30426.png,5,<4161>,,,,80,5,9,63,<5;10;15;20;25;30;50;60;80>,<2153>,,<1;1;1;1;1;1>,,5,5,131,<0;1;2;3;4;5;6;7;8;9>,132,<0;1;2;3;4;5;6;7;8;9>,,520,28126,,,,,,,,,,,,,{drawcard=zi_effect_loop;gain=zi_effect_loop},<4161>
30434,,,Kairi Sword  ,Kiếm Kairi,Kairi Sword  ,ดาบไคริ  ,Pedang Kairi  ,Kairi Sword  ,Pedang Kairi  ,config/item/xddj/icon_30434.png,5,<4023>,,,,80,5,9,71,<5;10;15;20;25;30;50;60;80>,<2153>,,<1.1;0.9;1;1;1;1>,,5,5,147,<0;1;2;3;4;5;6;7;8;9>,148,<0;1;2;3;4;5;6;7;8;9>,,520,28134,,,,,,,,,,,,,{drawcard=zi_effect_loop;gain=zi_effect_loop},<4023>
30437,,,Water Blossom Illusion  ,Ảo cảnh hoa nước,Water Blossom Illusion  ,ภาพลวงตาดอกไม้น้ำ  ,Ilusi Bunga Air  ,Water Blossom Illusion  ,Ilusi Bunga Air  ,config/item/xddj/icon_30437.png,5,<4024>,,,,80,5,9,74,<5;10;15;20;25;30;50;60;80>,<2153>,,<1;1;1.2;0.8;1.2;0.8>,,5,5,155,<0;1;2;3;4;5;6;7;8;9>,156,<0;1;2;3;4;5;6;7;8;9>,,520,28137,,,,,,,,,,,,,{drawcard=zi_effect_loop;gain=zi_effect_loop},<4024>
30442,,,Blade of Obsession,Lưỡi kiếm của sự ám ảnh,Blade of Obsession,ใบมีดแห่งความหลงใหล,Blade of Obsession,Blade of Obsession,Blade of Obsession,config/item/xddj/icon_30442.png,5,<7051>,,,,80,5,9,79,<5;10;15;20;25;30;50;60;80>,<2153>,,<1;0.9;1.05;1;1.05;1>,,5,5,165,<0;1;2;3;4;5;6;7;8;9>,166,<0;1;2;3;4;5;6;7;8;9>,,520,28142,,,,,,,,,,,,,{drawcard=zi_effect_loop;gain=zi_effect_loop},<7051>
31101,,,Oathblade of Victory,Kiếm Khế Ước Chiến Thắng,Oathblade of Victory,ดาบคำสัตย์แห่งชัยชนะ,Pedang Janji Kemenangan,Tabak ng Panata ng Tagumpay,Pedang Sumpah Kemenangan,config/item/xddj/icon_31101.png,6,,,,,80,6,9,1101,<5;10;15;20;25;30;50;60;80>,<2153>,,<1;1;1;1;1;1>,,6,6,1101,<0;1;2;3;4;5;6;7;8;9>,1102,<0;1;2;3;4;5;6;7;8;9>,,1000,31001,,,,,,,,,,,,,{drawcard=hong_effect_loop;gain=hong_effect_loop},
31301,,,Sun Pearl,Ngọc Mặt Trời,Sun Pearl,ไข่มุกสุริยะ,Mutiara Matahari,Sun Jewel,Mutiara Matahari,config/item/xddj/icon_hszy.png,4,,,,,80,4,9,45,<5;10;15;20;25;30;50;60;80>,<2152>,,<1.1;0.9;1;1;1;1>,,4,4,65,<0;1;2;3;4;5;6;7;8;9>,66,<0;1;2;3;4;5;6;7;8;9>,,280,,,,,,,,,,,,,,{drawcard=zi_effect_loop;gain=zi_effect_loop},
31401,,,!!!Abandoned 2,!!!Bị bỏ rơi 2,!!!Abandoned 2,!!!Abandoned 2,!!!Abandoned 2,!!!Abandoned 2,!!!Abandoned 2,config/item/icon_gmys.png,5,,FALSE,<cn>,,60,5,9,,<5;10;15;20;25;30;50;60;80>,,,<1;1;1;1;1;1>,,5,5,1,<0;1;2;3;4;5;6;7;8;9>,,,,520,,,,,,,,,,,,,,{drawcard=zi_effect_loop;gain=zi_effect_loop},
